hour,clicks,rage_clicks,mouse_dist,mouse_area,ibi,bbr,loss_streak,loss_chasing,game_switches,label
4,19,2,538.8415966813218,17187.63206106583,289.76196530936113,0.43772151224555367,4,1,2,1
11,3,0,1180.3683183092726,362519.56600097753,9707.086023983706,0.00838807596065846,1,0,0,0
14,2,0,1124.1025984183757,319864.35513874015,6349.63469982911,0.012280565362810473,3,0,0,0
13,4,0,1295.9314151694293,267596.65891548287,4355.320731705114,0.029957861202844917,1,0,0,0
15,3,0,662.912134064882,204625.5216488976,3635.1284404614166,0.02167285452454499,2,0,0,0
3,11,10,281.56130285516383,30425.69068074692,1050.994599888594,0.10977759545054053,3,1,3,1
12,1,0,965.260106580505,418224.0389858449,4636.328244887089,0.008562664605035455,3,0,0,0
5,6,3,240.65014203417138,16452.891158219565,1002.1203223524019,0.1,2,1,0,1
0,6,4,575.8694724394079,15044.889012069621,1745.7162190798,0.1,5,1,2,1
19,2,0,1292.5449297365162,258545.38857122132,8196.837287742044,0.02718408476426985,3,0,0,0
12,2,0,2027.06724224945,361176.85069485765,3951.434767808196,0.03112836743549456,0,0,0,0
2,10,7,676.5501983380582,23583.764423272725,2039.3030803715872,0.10426698723237843,7,1,2,1
4,11,7,460.24882936139215,17443.12401544021,414.8992143515011,0.17026643019123558,2,1,2,1
3,15,8,290.513185019287,28750.569579175713,1689.3082653830481,0.14382510014643185,8,1,2,1
22,3,0,1116.01041545059,183770.83517991923,5327.72652150117,0.015243858523733833,2,0,1,0
1,10,7,381.9465609219167,26206.836608571368,2604.3291074573153,0.1,9,1,0,1
10,4,0,2002.0785360941782,347438.30389816925,5498.104411317297,0.024293740754062557,1,0,0,0
5,16,3,640.4080647223348,16232.138330016054,2643.845659632757,0.18807853533808633,9,0,2,1
23,12,10,84.74487835996638,37221.39997714293,2405.116383058381,0.29869695270191593,8,1,0,1
1,21,7,227.68933446538128,37689.98918974547,1486.68539624282,0.1,5,1,1,1
3,7,7,315.1708446026547,52872.3026192081,1563.824323868969,0.34897265060205745,6,1,2,1
16,1,0,1332.6399817116244,325325.8622267294,6467.250747308317,0.030352327547045456,2,0,0,0
15,4,0,300.0,376282.91455859144,7760.1287716171255,0.02620668415391327,3,0,1,0
0,9,11,634.0565998686217,44460.58196567312,1647.6153266279016,0.1905278890364844,10,1,0,1
14,1,0,1758.636625008899,407338.01151386305,7150.1706208792675,0.01436880851465638,2,0,0,0
4,24,2,365.94853013773104,40042.43822756452,997.9824936392649,0.5344154213132618,7,1,3,1
13,5,0,892.6293273895981,312892.33125499776,3938.496064979459,0.026238873312555734,2,0,0,0
0,18,9,399.69508367965466,16589.30887310337,1988.808593598219,0.1717127511167475,2,0,3,1
23,23,8,90.51557573494216,21446.99430309796,2259.533212111819,0.32025082417526907,3,1,1,1
2,19,6,273.66486199032124,35748.709244280355,1735.7583019242745,0.48558801646820676,4,1,3,1
15,1,0,919.7494519045695,345063.4339926806,4368.480380550725,0.02742436889301334,0,0,1,0
22,4,0,849.9487888157265,183978.29429672094,3017.3554309431997,0.03281723539594864,2,0,0,0
13,1,0,423.4507484069293,224359.60087322776,4525.343897960431,0.025403627172551218,3,1,0,0
21,4,0,1583.1707461344952,311148.4817151078,7076.076727849833,0.019857523691189802,0,0,0,0
23,11,8,696.689680099689,5263.909583208133,1654.806861122381,0.3592355630823262,10,1,2,1
16,2,0,950.5963946038665,375883.90563598287,6334.340025869946,0.022777825265043874,2,0,0,0
4,13,7,565.7109800241875,42574.89913285896,1631.281176148255,0.27697462704552867,10,1,3,1
15,5,0,677.2395084205128,230660.34630656586,5710.7240104248685,0.017075560719830005,0,0,0,0
14,2,0,1557.4592384489752,282988.1924768775,4369.975114309872,0.02955126523899075,2,0,0,0
23,11,11,436.0878077256457,34348.433792085496,750.8311093046209,0.28868571940251175,8,1,1,1
5,17,3,433.5601305583765,14604.216682851005,2287.3772427748245,0.20237548794574867,10,1,3,1
10,1,0,1041.0607872327555,287722.0472720662,7867.146670896596,0.02315274070949333,1,0,0,0
23,14,9,183.61408539849106,24041.122584201123,583.5187813592803,0.26908685323863996,4,1,3,1
20,2,0,1179.3938661182108,261946.02719489485,6132.614158258871,0.010974791609860573,0,0,1,0
1,21,5,563.0143957320124,33355.03748698508,1278.8606789177707,0.1,10,0,3,1
21,4,0,1019.0207176865572,519278.96822643734,4850.198293899121,0.020741755012471975,1,0,0,0
20,5,0,1475.6827478596306,474566.9028672987,7026.864822998659,0.022265946245443098,1,0,0,0
15,1,0,2007.4899651888945,368192.3003217393,8762.690536422415,0.027079243501566493,0,0,1,0
20,2,0,1234.3706437329624,321224.3487946146,3858.636781613236,0.01586417676343247,2,0,0,0
21,3,0,1130.1272333642014,292835.95871090767,6404.925636838507,0.01988082314862382,1,0,1,0
16,4,0,500.78618514559776,370305.5201590058,3000.0,0.009908130783279288,1,0,1,0
1,23,4,306.02389959698274,42233.27773405805,2280.599430190491,0.2573223610738893,6,1,3,1
11,1,0,816.759674535122,279993.25943961786,8820.923652715968,0.00920935144964877,1,0,0,0
5,21,9,647.3427096267533,25313.156572356398,1833.4502383913646,0.5925728091745215,8,1,2,1
21,5,0,1157.2565196843568,290191.458760373,6998.237296254472,0.012574134027769327,2,0,1,0
4,20,6,558.1050647041945,1000.0,2066.49502721165,0.5375048251118304,4,1,2,1
17,2,0,2074.0107714577716,444657.6453501786,4581.301508346318,0.019745388892355085,2,0,0,0
5,19,2,447.8520783281687,24264.05571843416,605.0377020522948,0.1,9,1,1,1
18,3,0,1767.0248895616082,344937.66390248097,9239.478164768627,0.01709043135659539,1,0,0,0
12,5,0,651.0962190360824,211526.51625269273,5022.389326785828,0.009857818229604834,3,1,0,0
13,3,0,1443.391872522595,418353.5444768603,6389.619795955249,0.012190848529019378,0,0,0,0
3,23,4,167.87030752094844,57449.02716806618,2180.033824715266,0.2710731242865356,6,1,2,1
2,9,4,476.45655772156687,40642.14096565836,2604.572196762655,0.21677134543463727,6,0,2,1
22,3,0,1588.354764805341,349940.3486617699,3000.0,0.029375060366456977,1,1,0,0
19,1,0,1161.0475976346129,278582.38966294314,6841.047122567243,0.0158008567768476,0,0,0,0
1,11,10,896.9810501931853,31058.962145195554,1632.89910839689,0.1,2,1,2,1
11,2,0,1569.9930083463205,260256.2091119676,3771.3928307369347,0.01805103607491514,0,0,1,0
0,22,2,411.8869518851702,28826.656536772174,2768.460341553152,0.28824534891720865,8,1,2,1
2,6,9,510.4022687855016,34240.67507157148,2077.748887198759,0.18157466539843597,3,1,2,1
13,4,0,1081.4678869405261,156930.0628388163,5966.8455490081105,0.012710224010539216,2,0,1,0
2,13,10,488.7778164014961,20036.99709749003,200.0,0.14224898125714447,11,1,2,1
19,3,0,1795.636406444462,167135.64257727395,3000.0,0.03188978521667737,0,0,0,0
14,2,0,1609.801769779087,348928.7473849809,3000.0,0.03307388820504227,3,0,0,0
18,2,0,1404.8684477148763,192828.19206517763,7843.780109631265,0.027353959926953362,3,0,0,0
17,1,0,1388.7419552805989,203342.46028852364,8878.404528638857,0.02463380304389782,1,0,0,0
0,15,4,297.80362701392755,31986.771970922648,2032.746393773786,0.23728509234066136,9,1,1,1
14,4,0,612.1526783974838,305957.4110980516,4837.387196092575,0.018155503266468993,3,0,0,0
4,17,4,768.5771132227712,17439.133165905085,665.065498169052,0.46265643301626813,2,1,1,1
2,20,7,60.935505384348744,1284.4283387973337,1604.92059642909,0.18457954301448176,6,0,2,1
17,3,0,736.8470272333645,418042.8357247936,5584.408791655616,0.026811801333529523,3,0,0,0
23,12,4,430.10706615140185,12383.437964961915,2312.385162087946,0.1,4,1,3,1
16,5,0,913.4108395733662,369434.4894407132,5247.100907518435,0.022664998672778075,0,1,0,0
1,17,10,602.8463272828071,27133.876499190617,1177.6852670984565,0.1531109336894665,6,1,2,1
11,3,0,452.77486347695174,100000.0,9820.245386530583,0.018285575105305277,2,0,0,0
23,10,9,339.94362866979037,33291.68638119651,2431.181542405242,0.2163682418215999,4,1,2,1
21,2,0,300.0,383322.4528144965,5023.232460889181,0.023192451130125198,1,0,0,0
19,5,0,954.0688198203954,123577.74413652974,7315.942361599818,0.020870989462117157,3,1,0,0
10,4,0,575.070735359989,270451.926547339,7852.896293649971,0.03973945901422352,0,0,1,0
0,21,7,254.24572014530585,59393.356318173726,1507.407925063399,0.18596769056330503,4,1,0,1
5,18,7,296.17570014774253,16345.819406909935,1302.0463623434393,0.1502928945418172,2,1,1,1
1,15,5,344.2751192244725,20423.074476090653,1382.702309971647,0.1,5,1,1,1
4,6,9,267.8971439341325,21011.38958611768,2293.151545837389,0.1,6,1,2,1
5,8,7,601.2982036953467,57980.22903823819,2138.1760648314785,0.1,7,0,2,1
17,4,0,1709.0162530342004,159018.70973222572,6898.92930394896,0.016916697800493014,2,0,0,0
12,1,0,1400.8556517204418,321283.2607125347,3000.0,0.013482866271071876,0,1,1,0
20,2,0,1081.4512424987001,179692.39892435388,5365.997061876695,0.025612514401101297,0,0,0,0
0,21,4,50.0,36015.36208779116,2377.2143033804477,0.3787557612125565,3,1,1,1
1,23,7,586.5699864290715,24325.750015214926,1612.6310307233791,0.1639038142372949,3,1,1,1
0,17,11,399.6860093558608,28391.14477343929,376.52294026250047,0.12907255837460815,7,1,2,1
2,6,9,358.8491953653505,28129.475455353437,2427.028406857363,0.1,7,1,0,1
22,3,0,1416.1536191094658,182331.25784449466,3000.0,0.016368495260644322,2,0,0,0
2,24,11,631.2145425716741,15449.03159560237,1093.8431903012413,0.1,10,1,3,1
17,4,0,644.061173577099,230931.2144156763,8710.472353543646,0.027451974635759,3,0,1,0
23,8,5,586.0410336655128,12222.754905617006,2020.2152162313148,0.1528580208650331,6,0,0,1
23,23,10,735.0237444256912,42866.62989145798,1091.48599874866,0.15332384388015277,6,1,3,1
22,2,0,1654.9012986566731,252965.2292090468,8117.033180697579,0.014480587335760665,1,0,0,0
11,5,0,1088.9525203453927,253659.16655014947,3109.171506047552,0.008536929320055573,3,0,0,0
1,14,2,570.9396915521625,21873.482938926307,2291.557069028174,0.30334075577785,6,1,1,1
4,17,9,402.3790281404242,22087.751179929677,1130.3447297261905,0.16247766982905432,2,1,3,1
17,5,0,961.4400376080771,418470.0008269008,6645.181868526219,0.03978786092416382,0,0,0,0
3,12,9,347.9239554001497,8390.195957302254,1048.2068127563684,0.26464808741325985,7,1,1,1
0,10,9,131.7593685584659,17778.657642159844,2008.5727145022881,0.21976815230086963,3,1,0,1
16,1,0,1760.8727495205562,192835.08463316067,3000.0,0.03063442289187257,1,1,0,0
10,3,0,903.2364001420785,230489.73379234728,7489.578624468082,0.012189923939239788,0,0,0,0
3,17,8,336.1180465561347,18700.760841706884,1610.3527475119852,0.5152222049915964,2,1,1,1
13,3,0,1955.7228889514618,326137.90660348005,4936.077085211524,0.010044124970752298,0,1,0,0
4,9,4,508.41651091786963,32038.00711372536,2023.8513389420052,0.1,11,0,2,1
14,4,0,1974.5108450578255,328314.9495518419,5923.12836530655,0.02465610344028402,3,0,0,0
21,3,0,1846.440696196006,437697.71255488263,4945.5228553672305,0.017090649386511857,0,0,1,0
21,5,0,1338.6425361889999,369551.1493263333,4521.93782798984,0.02897372701848969,3,0,0,0
5,6,6,433.6441913018363,21289.921058506276,434.21572608607903,0.23012472951337976,11,1,2,1
22,3,0,1433.0747846726472,388470.5819722854,3742.162774706488,0.023047147517502815,3,0,0,0
1,20,2,694.607194209331,29665.333421710075,2245.090758245216,0.1400870228361447,3,1,1,1
0,11,2,294.59827970051947,43692.36926702675,1436.7986350089095,0.1638133805698232,5,1,2,1
10,2,0,730.8926719499627,455533.8239475078,5682.198763996247,0.016268681375587526,2,0,0,0
18,4,0,1384.1379219302576,281521.329125194,5745.41958051782,0.019979255275901543,2,0,0,0
19,3,0,573.6115805570697,194591.31201707985,4136.0004449398375,0.026520043059680032,3,0,0,0
16,1,0,823.6711703231879,331084.5505515275,3914.2106127885695,0.02358480103911159,3,0,0,0
23,20,6,76.53690041546145,23870.896314915844,1372.7744543573617,0.23823272848504293,5,1,0,1
10,4,0,1186.9584958396606,335867.47060511436,7012.841889556055,0.026844737091697553,2,0,1,0
1,9,10,602.3611813063492,27766.134902928632,599.8157333514513,0.23316797630430408,5,1,3,1
17,2,0,1574.8106925635377,328183.15015665075,3751.334682881034,0.0033062505774566486,3,0,0,0
11,1,0,1185.3589349220213,208121.4691122232,5393.2374637254925,0.0157142241080394,3,0,1,0
5,11,6,364.9979417313182,40661.846054509086,1780.692166476134,0.2482212429058111,2,1,1,1
0,17,6,347.7100536668975,29992.856228938934,1019.0861239842152,0.12355188365793643,11,0,1,1
3,12,3,472.6962248558405,10897.468415616888,2850.556411376115,0.1,9,1,1,1
11,1,0,1333.9716103581952,202330.68045272084,3105.441253603557,0.009603969332731355,2,0,0,0
23,15,2,605.1673264184901,3066.413669342677,1874.7616845310877,0.1,11,1,1,1
15,3,0,300.0,286796.0313517761,6425.163425495535,0.015060193703454794,1,0,0,0
0,20,8,232.3188241808446,21807.729284915058,2642.4590591495303,0.29881714487315664,7,0,2,1
10,3,0,1110.0964060566375,215214.90263092346,7442.555823748784,0.03915626305174645,2,0,1,0
0,8,5,441.33534310574834,1000.0,2186.9479741537093,0.22886966824998153,4,1,1,1
2,24,8,550.8887315043037,17076.56119673331,1122.8866790345646,0.1,10,1,2,1
21,3,0,1348.552736641376,227021.25125114736,5521.252115102525,0.02341265945472639,0,1,0,0
23,8,11,298.21393460418506,37211.00806939781,1392.4262837084862,0.3544363151582648,10,0,2,1
2,11,11,230.84046596363495,51206.13244494778,1962.7632285182747,0.28614589541215407,3,1,0,1
5,8,8,304.02472486022646,29930.520002501547,619.895604849513,0.12676993691710794,3,1,3,1
20,3,0,903.625154526751,100000.0,3000.0,0.03467545127679206,0,1,0,0
10,4,0,1465.7813537439015,325840.1715534633,6124.687039912036,0.01641844074027589,0,0,0,0
12,1,0,819.6836325868899,329315.55559996935,5105.193688373928,0.025024213990988486,1,1,0,0
4,10,6,289.67019355282036,8656.419091489723,1246.9765626015921,0.45690645218834297,4,1,0,1
2,10,10,788.374891956815,33106.7033347071,710.7474471192563,0.22538541301931794,8,1,3,1
11,2,0,1583.5800429800959,430772.2706976187,8128.46762876782,0.022923615215783642,3,0,0,0
4,23,11,368.6578611882085,1000.0,1452.1045091003466,0.3115046132468119,8,1,3,1
2,22,4,241.6745567812656,28485.190369965316,1465.3395059949219,0.4908472598642021,3,1,2,1
1,11,11,337.0973243366317,32646.984764323974,1491.9837479472837,0.1,10,1,1,1
1,12,4,368.40386803559113,28582.749844018424,1314.7034960625265,0.4648729907911193,4,0,2,1
15,2,0,1671.612301036779,283881.4761780683,5230.616750385567,0.01892470192191914,3,0,0,0
23,13,11,141.57763370483002,30296.661624908356,1117.412230130037,0.5781636290817674,7,1,2,1
12,5,0,1927.263534670315,309066.01331141737,5334.479666581987,0.01159374434966502,1,0,1,0
21,2,0,624.1625568679132,463555.4178348897,5262.04669697326,0.0024837333037075818,3,0,0,0
17,4,1,391.76259986706464,350968.38407462166,4762.571610700551,0.011165891917969396,3,0,0,0
23,10,2,358.20375473643793,10812.570963762031,1734.3969078610287,0.15169455598832426,2,1,3,1
12,2,0,557.6836560073608,112993.8901314626,4901.566718444087,0.003469577849960749,0,1,0,0
11,4,0,1644.476964581711,186999.96239075437,5739.887727125712,0.020432552401917322,0,0,0,0
22,5,0,1249.737433952452,224556.2390196239,5823.189851523693,0.03269678241010128,0,0,0,0
5,10,10,453.4392207312752,5747.658490244703,652.9515414759725,0.5500641387962457,2,1,1,1
0,22,8,355.36974347872,40605.59089047205,2019.767617474694,0.1,3,1,2,1
4,10,11,518.9408794705114,16714.8799977046,983.8623166906609,0.3359084763931039,2,1,1,1
19,1,0,1035.2514403027462,280412.56134968356,5669.0726471520375,0.02048299193935382,0,0,0,0
18,1,0,938.9184379458611,180387.33413197545,5901.2786665803105,0.007070034866141495,0,0,0,0
0,7,8,404.2382037624737,13400.555307322807,485.9047043570122,0.18368040141075748,10,1,2,1
0,21,6,320.3584937162023,42285.885637102576,1166.0074125168615,0.1,2,1,2,1
0,13,7,50.0,8417.644816750166,976.441764177033,0.1,11,1,1,1
15,2,0,1372.137935268423,307264.4213043306,7387.3844705152005,0.020223455136421507,3,1,0,0
13,4,0,1021.6992968279355,380936.0072010501,6764.3984238402445,0.030472143802120225,1,0,0,0
13,5,0,1308.4902456796624,220347.8692296457,4792.363683558431,0.015836947254214473,1,0,0,0
23,16,3,307.9064018592242,33596.28642062159,250.2321031013396,0.2215938242847365,11,1,1,1
17,5,0,795.5844549063199,431955.0625451368,6033.97856076807,0.022028952187918022,3,0,0,0
1,16,5,157.45391807107376,48102.908331530285,662.172811404559,0.5640082112128298,3,1,3,1
5,24,3,180.1550088972417,64347.191926661246,1119.497549936782,0.26385163229942243,8,1,2,1
11,5,0,1146.0745897222405,292035.8021794215,5763.099887069101,0.02112587259907061,3,0,0,0
1,8,2,333.6348476500316,1000.0,951.9763971290504,0.3844149455288245,6,0,0,1
21,2,0,1754.876285274536,313496.1056915428,7198.066834567429,0.019438176926233362,0,0,0,0
23,14,11,392.8844353986871,17499.99050558627,985.9674175429873,0.3791688382098759,9,1,1,1
1,18,4,664.3299970584765,10434.767607314614,431.677886785003,0.509688887653635,10,1,1,1
19,4,0,1104.8096747500417,262075.40922287406,9107.26745726413,0.01666676902707747,3,0,0,0
5,16,4,159.01143308226563,31129.68590048431,1904.0316003950152,0.2584926750507193,8,1,1,1
19,4,0,1330.2738100843305,310164.7082948473,10000.0,0.008639406112293498,0,1,0,0
22,1,0,1890.114262787738,313398.42239433224,4785.475529253128,0.0095089606271172,1,0,0,0
0,23,2,414.03703234580615,36002.271445927225,1942.4778203559322,0.33853789738341444,3,1,1,1
14,5,0,982.567142581276,233423.1544192111,5046.26639455306,0.018967118165688447,1,0,0,0
17,4,0,300.0,366981.0429670144,4546.943463212572,0.010046956169506668,1,0,0,0
18,1,0,877.9208457111561,284063.79006953543,7641.51022172732,0.029196073816291506,1,0,0,0
3,24,2,566.0052967002454,35948.90708833464,2013.568619908491,0.3945183522528747,6,1,2,1
20,1,0,1486.5812772210547,284804.21044421685,5524.647711451586,0.028871342791547475,3,0,0,0
11,1,0,1018.968012022724,180230.064912482,3000.0,0.02532575500597384,3,0,1,0
13,5,0,1190.1403722625346,363915.69570392405,5552.250497637266,0.028542611340236168,0,0,1,0
12,2,0,1274.7333891043806,323891.6867099627,5205.841119581032,0.032978844539573074,0,0,0,0
16,2,0,1506.6179007084659,313115.14427504415,7285.960914669982,0.032015626201533316,2,0,0,0
2,15,7,244.16698383715644,35308.53414919024,2042.1166686584213,0.1,11,1,0,1
3,20,3,62.683346997023136,51704.14642757067,1304.756324985698,0.22442712425989528,5,1,2,1
15,1,0,2305.073813092601,424953.76393526857,7571.832173807528,0.029850879080828008,3,0,0,0
10,1,0,1903.925169269471,246125.88421453178,6043.926531099851,0.019666469170903266,1,0,1,0
4,8,8,50.0,31702.431823407,2575.2591257193326,0.13446655760809573,7,1,0,1
22,4,0,1037.1212728474554,318016.21465664834,9362.669822313179,0.023868418195334685,3,0,0,0
5,17,4,305.2562130391643,40551.97627064588,2249.8648087119504,0.38349926376679977,7,1,3,1
16,3,0,1118.2001364920654,124483.41200100197,8301.60391411584,0.024299238466997972,3,0,0,0
0,12,7,389.34503017740474,8675.139111329285,1731.1034234234241,0.3827793763020155,5,1,3,1
14,1,0,1564.1006726131445,287012.73568826105,5974.822442704186,0.042036567928894125,3,0,0,0
12,2,0,800.2824769494675,167941.0700490178,9665.673384058167,0.022380999264024693,0,0,0,0
3,11,8,358.686570551098,41598.37753252344,1086.64783969585,0.27023887470201213,11,1,2,1
5,11,10,242.44933250344997,47373.68743876686,1827.7963199059907,0.3023641442961954,2,1,1,1
3,20,9,518.324514819762,53126.23111982818,3000.0,0.29599937611147936,9,1,3,1
23,19,4,567.4603627141183,53281.87207062279,2012.4436142892623,0.2923998395469396,4,1,0,1
5,19,9,570.5175093004135,16681.77296909042,1203.1838940907908,0.12934822771760557,6,1,2,1
23,18,7,210.28865546086774,20398.554407294967,1538.4912108099318,0.1,8,0,2,1
5,15,3,50.0,8146.176926218821,1082.4310465868111,0.5474237987921813,3,1,1,1
1,7,2,518.170563892642,27065.69555208433,1449.9415962538844,0.23185233663398475,8,1,3,1
19,4,0,1041.9504286877248,257025.29137121537,3616.0870267098508,0.024754842677138317,1,0,0,0
1,17,7,377.02301460518675,34752.82256935556,895.24288407406,0.1670377961324272,5,1,1,1
23,11,6,738.8616259410804,52090.55092927279,664.585893721307,0.15194831258772606,11,1,2,1
3,19,3,88.9688966251635,10180.828731454789,2242.259329274797,0.28746385129413893,6,0,0,1
15,2,0,1053.5630748369051,448963.5283388345,4750.61873557846,0.037878699045514955,1,0,0,0
0,23,2,285.1780749749614,41943.36971668426,2346.6063739359524,0.27777588181242596,5,1,0,1
11,4,0,726.5230631855495,284451.0874527609,7642.8006057122175,0.03546707950244519,2,0,0,0
1,17,10,655.8416633454976,40699.74318878575,845.6052079304263,0.2933054886533734,8,1,2,1
4,24,3,489.57364062042296,29610.398100283266,1782.0630254799867,0.1542838791630069,8,1,0,1
17,2,0,1057.2292584820593,315659.15053864574,8022.361653575815,0.0023250826471739143,1,0,0,0
5,6,4,140.85028150158917,4570.607358630212,1228.9730157528086,0.3868279292069119,2,1,3,1
17,4,0,1333.0166361825773,238960.01664593106,6502.2847066334025,0.010278942939500312,1,0,0,0
16,4,0,867.229670426625,331978.3540559672,5000.4034507854085,0.01192156898010236,1,0,0,0
23,21,4,565.3272380879008,26293.580792960016,200.0,0.37253358708973455,7,1,1,1
3,10,6,448.6665904498141,51670.19899349632,1365.7000265416316,0.42676055448479266,2,1,1,1
10,2,0,1219.0797883494515,254111.65240942294,8222.884492761317,0.016832489250147034,3,0,1,0
5,13,2,84.24104682717723,12569.490681995088,200.0,0.2641779974449858,9,1,1,1
22,1,0,1364.171954900361,347448.26962505264,5123.228450628259,0.018484159122357072,0,0,0,0
21,3,0,585.284194405474,397870.61296547943,8941.645745395883,0.004439520311503685,1,0,0,0
2,12,9,236.20721222974544,45875.96456075171,1258.0393716249519,0.15896848732015745,10,1,1,1
1,21,9,707.2883136119744,30517.842750017986,689.7401946883274,0.1,4,1,2,1
4,7,2,358.8669526697457,30977.249897464997,2734.95474621622,0.1,2,1,3,1
12,5,0,1067.0106989953629,365854.8553730445,8122.688743505663,0.01075465169604766,3,0,0,0
13,4,0,1022.4706081234673,299821.6989747572,10000.0,0.0063226989071376565,2,0,0,0
10,5,0,1221.9453148624566,190521.98099810493,5689.060189992742,0.022657547033825044,3,0,0,0
13,1,0,790.2060003938245,230880.33732530507,5881.010067039057,0.00892725145035405,2,0,0,0
16,4,0,1055.5917929590855,295529.71842582145,3000.0,0.011486422996451312,3,1,0,0
5,18,6,500.26081434914704,25583.279862172018,1073.6068113566082,0.4957120051632057,6,1,1,1
12,5,0,859.0483032564832,260510.60206062382,8742.838003808396,0.006628680493205174,0,1,0,0
19,2,0,1481.9472327188282,325800.0997669495,6724.470079109969,0.028984874386942965,3,1,0,0
19,3,0,826.0303674244624,319483.09571162355,8246.380014882105,0.017576603347409132,2,1,0,0
3,12,7,144.70539218461087,9265.114303374528,2315.3847873383343,0.20166240012539266,5,0,2,1
18,4,0,922.9860462579989,470142.374044037,6679.016026974015,0.024427213922066655,2,1,0,0
1,8,9,319.1250880205424,16914.575938117603,2062.100642625246,0.430866995020123,7,1,0,1
2,20,8,317.2222165406383,34336.6940302017,200.0,0.27626238736576897,4,1,1,1
14,2,0,1033.0204123778722,143452.68376858413,7510.725231736944,0.017492164110122214,0,0,0,0
2,9,7,284.178959784181,19214.98376835567,609.9702992064796,0.24118939593192606,4,0,0,1
18,4,0,1707.7065091699712,148510.6500923703,3468.357986716172,0.008328389881723757,3,0,0,0
4,7,5,487.3483552244165,41703.661848102056,1676.0725097324473,0.27923703712156706,7,1,2,1
13,3,0,1430.318685156373,388921.7016047867,3000.0,0.019896430060684384,1,0,0,0
20,2,0,777.4626111603095,371429.93841007695,6284.006210472987,0.024895450621465587,0,0,0,0
22,1,1,1917.224396724193,373030.37466391793,8681.643230536247,0.04072011283259114,3,0,0,0
2,11,2,840.3098570938113,30756.82143973047,1487.2470839906557,0.3524245623318892,3,1,2,1
0,9,8,543.5877259858723,26779.53811932596,2410.063122628111,0.21147961879990806,2,1,3,1
22,1,0,1964.6380048017438,332124.9923690822,4147.122201088435,0.03462200084046457,2,0,0,0
13,5,0,1053.725206051018,378419.5099985567,3052.0961499628415,0.01376998684106976,0,0,0,0
4,17,9,535.0304528445523,36868.21022295939,1769.9030474509066,0.3081569562729223,2,0,0,1
0,22,9,347.8116736952925,27568.101204749797,2023.0154137666998,0.13030661996862677,2,1,1,1
10,1,0,741.7046867791794,170452.07345761496,8344.849839935041,0.038158528236853444,3,1,0,0
11,2,0,822.9588151945985,100000.0,8435.727030004444,0.02483052434103806,3,0,1,0
15,2,1,1617.8664942701628,406263.1673678995,8225.374875231015,0.011990294984550292,0,0,0,0
10,5,0,1545.9832823350703,326743.7880005128,9962.957541728912,0.012997531435787225,0,0,0,0
3,7,11,511.7885150803604,10406.801585988484,1746.7707994027537,0.16059573031375418,7,1,3,1
4,10,11,701.1775903595546,39048.0583731831,1397.9780300334182,0.26860511748848426,10,1,3,1
3,17,4,758.6633049616463,26503.699627172962,200.0,0.4577115309249747,5,1,2,1
14,1,0,842.1955113526906,262160.7307306198,3013.1498802387346,0.026255292437004567,0,0,0,0
23,22,7,292.15797995419996,47220.168181764086,2018.25798180502,0.2411119868457684,7,1,2,1
23,13,4,410.69658320275937,41160.77710807339,1595.9654658612994,0.21853510801794238,10,0,0,1
12,2,0,971.0329656879817,369285.7874596972,5278.704285016428,0.02104268957143066,0,0,0,0
0,21,9,310.42528092598144,31310.486331643726,2593.8192681198625,0.5420093640356378,9,1,0,1
23,22,8,367.53392167795937,32518.9580401024,833.884618526317,0.24278527784685158,9,1,2,1
0,16,7,284.62278392227915,13286.373674815339,1360.7025418205717,0.1,3,1,3,1
13,1,0,1050.9962005864782,302141.06284042896,3000.0,0.027129013630851462,2,0,0,0
5,6,4,50.0,43702.16487483162,1495.317955444533,0.3280551059826091,6,1,1,1
5,9,2,586.4705931665404,29485.60691060368,3000.0,0.13341206203299344,7,1,0,1
3,6,5,397.67124840198534,27006.33196811913,2851.9074636372216,0.5041670113503152,3,1,0,1
23,17,6,544.9444880086392,45082.13214207004,1180.7553546171134,0.1,10,0,0,1
15,2,0,1219.193088178645,182639.59003338206,6797.1015409339025,0.012632681127563945,2,0,0,0
17,2,0,1619.3607492566507,383036.6955042823,4874.341701278285,0.04007186216985941,0,0,0,0
12,5,0,966.7554091654229,213872.71296071025,5144.719593632828,0.006614774779489832,3,0,0,0
10,1,0,1290.6368504711993,460261.07718791533,7922.971301418337,0.01379550486594586,1,0,0,0
4,17,4,50.0,46102.14547849963,2441.5017001195747,0.1,6,1,3,1
0,14,6,602.841389157603,24081.605991564335,1590.7196333944785,0.28244500309828696,10,0,2,1
4,23,10,259.41609381474086,1545.8158949261997,2750.1275539380767,0.26456086124874145,4,1,3,1
21,1,0,1413.7208198920664,344631.34314764774,9807.268541133591,0.023338204044132754,1,0,0,0
2,17,5,239.7612323444507,48621.490494077705,1632.1113944386614,0.3524609522870916,6,1,1,1
3,23,9,137.21978332741867,12027.299257758474,2221.7845963453183,0.29610193171301835,6,1,0,1
5,22,2,389.1019582486645,28860.452089451188,1921.6474897313378,0.4579379826501928,7,1,0,1
5,7,5,762.1939568050642,29195.158236576244,919.6517612125399,0.20964101822070236,8,1,2,1
17,1,0,1820.5751063557154,436476.47548555967,4842.190923199352,0.029594319097092564,3,0,0,0
4,18,5,478.4804877970113,31221.192224293176,912.7598890389294,0.1,6,0,2,1
1,9,11,600.8883477573385,3190.4852883875283,2949.6504560712765,0.1674141314041962,3,1,0,1
13,5,0,1087.6544977700144,306773.03936161264,7570.753418760471,0.03724295447433459,0,0,1,0
5,15,8,577.7691117042557,47303.07557260021,439.72231405304865,0.32765943402744846,7,1,3,1
10,2,0,931.4704769372088,332423.7301266345,8386.964630525927,0.016857289044982245,1,0,0,0
10,2,0,909.8289027266419,405301.92099399446,9071.292070041744,0.015421577450581331,2,0,0,0
1,12,4,376.00117411574604,54588.87934676433,200.0,0.20170143483743816,9,1,1,1
1,22,4,230.70823065589445,32948.79142977739,2891.2335546291715,0.6038050885355852,5,1,2,1
0,13,4,360.7252631689971,31865.81391604056,1593.3888892279485,0.29648887677716274,9,1,3,1
17,2,0,1422.2209927330225,398669.12199945,7037.569291156887,0.018962870810077595,1,0,0,0
1,16,3,590.8590249810677,52787.95041370204,2745.3596254954537,0.2516874466904599,10,0,3,1
3,21,10,419.84605389501525,38419.34265726432,915.1607004062364,0.1112179701007455,6,1,3,1
3,18,4,473.87303400422655,13196.053370994308,1968.3070993199733,0.27776162474668536,2,1,2,1
23,9,2,657.0095804126877,34896.029993742646,2740.0483812617413,0.12287645237827016,6,1,2,1
3,13,9,648.1220922816362,22041.009264344215,2383.178167868893,0.36584265293079904,8,1,3,1
18,2,0,879.7435342192446,202097.7870424203,4130.436586625599,0.022313536365498543,3,0,1,0
1,12,6,448.89190972154637,56134.08240126232,918.7093046488437,0.1,11,1,2,1
15,4,0,475.98275098879276,416745.0417876661,3000.0,0.032929399625098346,2,0,1,0
2,13,11,538.0575831386143,45443.01616995013,1720.3666389409316,0.13507594126217046,11,0,1,1
4,10,8,669.1801803303022,31985.104478057438,403.39651642320814,0.23956073613054332,7,1,1,1
5,16,8,73.01324745237167,20349.917888516342,1911.3456734770587,0.23291675037679377,7,1,1,1
5,12,9,377.1808080613867,16152.358230781345,2165.593166337995,0.4321548646140363,11,1,2,1
14,4,0,667.0820505913646,282409.086444845,7780.698694628456,0.017247103004566864,3,0,1,0
4,19,8,193.83091237091116,68390.30795419871,869.2687957163092,0.1,5,1,2,1
2,11,6,599.8664940318179,34807.842183659675,1400.6526997972398,0.12579362326303054,11,1,2,1
5,20,2,388.68051436150796,32795.48878180159,391.10748343699925,0.12802927725129293,4,1,3,1
4,6,4,50.0,32401.85941945591,926.444183383994,0.1,9,1,3,1
19,2,0,1562.0770269487555,303583.0944414327,9204.85029125281,0.005657442700292252,3,0,0,0
5,6,5,510.58327141262413,34319.60126387491,362.9842257005107,0.1,8,0,3,1
4,16,11,700.3662881509429,23919.701155148174,2090.6258404078576,0.17775738851861114,3,1,2,1
16,4,1,1281.8472902361843,361227.6988806747,3000.0,0.028011022696308178,2,0,0,0
17,5,0,1036.6871945742575,478979.0699837377,6409.391718273548,0.011817883030396464,1,0,0,0
12,3,0,1209.9282218499202,257194.8215851417,5889.022791265536,0.010210905533439448,1,0,1,0
16,2,0,1042.0591585583634,297136.5475004167,8354.10587381445,0.02345303297353404,1,0,0,0
22,5,0,1770.860099185376,408693.7900032699,3363.1307376707555,0.02936747239440672,0,0,0,0
2,10,2,564.7739363858966,30299.91862358779,1413.375593849426,0.5977311044517963,6,0,1,1
20,1,0,528.599524580705,374011.73216811207,7361.791077921626,0.031023741392039124,1,0,0,0
13,4,0,984.9958916619823,334532.2257470325,4501.317099096791,0.011133351884845093,1,0,0,0
2,13,11,392.12459378217653,35764.72560908867,1506.6403134243812,0.22606161409605444,6,1,1,1
1,15,6,466.2592941875714,11567.155242891022,924.1669086274837,0.4091347641505507,8,1,3,1
20,1,0,1610.005878445982,336364.2684522611,5501.684136867834,0.025178290546920917,2,0,0,0
5,10,3,353.8177960419955,31421.37758240925,200.0,0.399629417112426,7,1,1,1
23,20,5,438.70637440290454,22239.41879132538,1606.1413075862642,0.3015574517930306,9,1,1,1
11,4,0,1309.3631159001575,436330.5800938278,4538.049113067925,0.017494870791851233,0,0,0,0
0,10,6,321.7053167978892,21244.80617596752,1507.0902922037778,0.23297155411053913,3,1,1,1
3,21,5,269.87034728194817,3396.3238680055547,2732.9036649084487,0.3803535572087142,9,1,3,1
18,4,0,1567.7769665700162,392057.3705483319,3250.0340818293093,0.02530322881436889,0,0,1,0
22,5,0,1566.6694847388735,343518.8074931068,10000.0,0.019947250036176836,1,0,0,0
23,20,8,428.735056028192,38456.35315241624,554.887692847004,0.1,10,1,1,1
2,12,11,218.38434407087018,53256.518999234504,651.648913560616,0.1,7,1,2,1
5,22,11,525.0954525899142,51305.30875549295,2550.4445368631464,0.23607519289671433,10,1,1,1
2,9,4,284.5752670089646,1656.271975660682,2513.9421081849014,0.4507998966945767,5,1,1,1
20,2,0,1854.119440526642,269559.90598814987,8971.501879326079,0.016945791470164506,1,0,0,0
15,2,0,1640.110072058096,281335.2062258411,6284.961346120176,0.02713770916994765,0,0,1,0
12,2,0,1306.7984387430834,261793.85126452817,4963.710958571241,0.013473762365611385,1,0,0,0
1,19,10,686.8082729500496,29307.74078552323,852.5380484823813,0.1,6,1,2,1
13,1,0,717.9643334544983,198134.62186973402,6597.829217057106,0.017009765011797014,2,0,0,0
0,20,2,475.9890814208874,22322.675774842777,200.0,0.3500435610214647,4,1,0,1
14,4,0,1021.811645293251,315232.98894487927,5648.792490525723,0.0075233606297078915,3,0,0,0
1,6,10,574.4008596637551,19770.224636987845,2216.7775993811056,0.23297751406753955,9,1,1,1
15,2,0,1379.6432362761548,345616.61270135525,6062.482245955895,0.028471311535231438,1,0,0,0
16,1,0,794.4383468028118,244139.447116175,10000.0,0.028705151593069682,0,0,0,0
1,10,2,429.9837976679273,10847.077306468618,568.0897993644451,0.20633412833150971,5,1,1,1
21,1,0,1838.091218361379,148769.67697764657,5684.306887577365,0.02673833650289905,1,0,1,0
4,6,9,382.3087188412284,34801.80027809572,1135.5468401535645,0.27722090747684647,10,1,0,1
2,19,8,326.83398102547443,34406.319369868776,1636.420550276823,0.17976032745362125,7,1,3,1
1,9,7,402.2075277152299,37823.87069666513,2525.0874014094743,0.12612949812610488,11,1,3,1
2,7,10,362.7215913933688,32219.09197453807,557.9179357690539,0.11214833162067778,7,1,1,1
4,17,4,194.09276889869767,48592.85813011853,2140.427990464397,0.1302541778604121,9,0,2,1
15,3,0,1264.4739689007433,242892.06972315453,6051.299098378196,0.029084127908081174,2,0,0,0
17,5,0,300.0,276198.0379883043,5615.0719930558125,0.008411854749125784,3,0,0,0
17,4,0,418.059168347542,410309.22335588763,6414.916027196822,0.03151280275071432,0,0,0,0
2,11,7,688.1355581425855,53761.09864816859,1291.6796515826732,0.4109749742552969,5,1,3,1
15,1,0,1123.0442942646357,279007.70102715597,5956.875764222599,0.021873986149937574,0,0,0,0
10,2,0,1121.3642412222675,231669.66711526873,3000.0,0.030701088429898736,3,0,0,0
11,1,0,824.0531119914076,357807.0597808009,7888.304382846163,0.018968973363727357,3,0,0,0
0,7,9,522.442343543407,47741.089118429685,1865.0122960284257,0.1335088501933832,7,1,2,1
5,20,10,421.59384201913076,33044.65490614603,1820.1658383147665,0.318732325525229,6,1,2,1
20,4,0,1194.5348306640328,131818.5546133641,4244.5454726264015,0.015730913128829543,0,0,1,0
17,3,0,952.0993373315677,386411.4392049973,6444.116117053567,0.02034223319690266,1,0,1,0
13,2,0,980.513463460693,398732.0711625677,5933.510519890274,0.014416990839641194,1,1,0,0
5,23,11,102.14762492526091,30916.132658662125,1958.1721481186396,0.489949304232899,5,1,2,1
0,18,11,50.0,11077.69333316075,2223.33512926109,0.34658033931150356,3,1,1,1
18,1,0,819.6980045664176,345267.91761600634,9170.726744357427,0.01005490384826322,1,0,0,0
14,2,0,1437.8067644680418,275134.4316434726,5856.042792565223,0.01579640374537258,3,0,0,0
17,4,0,2083.754850361168,346730.27012948814,8364.544901319077,0.01525361530656594,1,0,0,0
5,22,9,666.5346317576632,28372.315316602348,666.8052985666179,0.3502171282791907,6,1,0,1
23,17,11,383.1649766286422,29360.926462523483,1215.1774590007726,0.22430536779365998,3,1,2,1
22,3,0,1075.8704336778412,306109.7635289099,7758.38437285307,0.01867553098553412,0,0,0,0
14,1,0,902.7054532887623,233241.710294105,5202.1576217112915,0.022366545655529108,2,0,0,0
17,5,1,1649.3858871695375,351628.5897407374,3000.0,0.03800133040402787,2,0,0,0
23,17,9,293.2895788090394,14016.831489041471,1279.4989015339156,0.22425983736288757,11,1,2,1
2,20,11,173.95445139915466,22947.489857513996,1888.102829862934,0.17314389796832658,6,1,2,1
18,4,0,1331.1494425241833,327857.4026438156,4177.748953615244,0.01883680284134887,2,0,0,0
19,2,0,564.8500924554475,447126.21252058144,7139.977810263757,0.016294086860655664,1,0,0,0
23,7,11,471.84569767672394,40544.15343979112,479.4210596586083,0.36873415964284095,4,1,1,1
2,12,2,408.36885885130175,29621.728752232273,1145.67003462809,0.17866903516356747,10,0,1,1
2,11,9,50.0,44744.62516868382,1949.230502150818,0.1,7,0,1,1
18,5,0,1002.7506993682125,408504.181797306,4681.079242950819,0.006145804663987944,1,0,0,0
16,4,0,1434.659828135468,280236.19937469246,7186.142226456196,0.03274569696935241,0,0,1,0
14,2,0,1038.1299527223246,272711.66972403723,4613.073943307137,0.014921129256397388,3,0,1,0
10,4,0,1675.6779888375788,271262.83603022026,7639.5440695030775,0.01847362958879746,0,0,0,0
2,17,10,710.9133905767045,42669.46223618866,988.9666545553353,0.24330892181378275,11,1,0,1
23,24,9,359.3228725753956,52996.281045021955,2236.0247250480247,0.17987767909421729,2,1,1,1
1,12,3,136.020497356821,27337.600991581396,1654.790555679006,0.4257458579618354,5,1,2,1
17,3,0,1490.064053361361,268436.6145791061,6137.641729195062,0.016146473259165576,2,0,1,0
17,2,1,884.1785257934716,343126.84416050557,7476.862409376145,0.019138223432164606,2,0,0,0
17,1,0,547.6187146830779,100000.0,3000.0,0.028318463535829397,0,0,0,0
4,11,7,254.48546472457778,47822.67617130741,1756.7059558266772,0.4987091208966947,11,1,2,1
16,4,0,711.4118091506701,161620.64691109065,6171.791891298968,0.010877900981957818,3,0,0,0
12,5,0,887.8845862308908,198750.6029796386,7717.721394029326,0.007696167878877766,0,1,0,0
2,9,7,560.6814337407723,33422.955715040574,1698.6634716334174,0.48046539942372735,6,1,0,1
17,2,0,592.0928468759843,271966.02926574193,5501.304599013059,0.01661509325225156,0,0,0,0
17,3,0,1552.2318683417404,274734.2784290245,5414.27810078499,0.014935118251883582,1,0,0,0
2,8,5,197.95677086184477,61199.729850570875,469.7689331776819,0.3003046679388771,6,1,1,1
3,17,4,268.9279866377091,41902.573494198834,481.6244817414106,0.3849556999259738,11,1,0,1
1,12,6,186.0639285660475,34844.115722946226,2418.3493277904277,0.1,11,1,2,1
11,3,0,898.8378418288241,412139.40199703025,8754.419614297743,0.022964273559915326,2,1,0,0
12,2,0,855.4325447609777,261457.86938381847,6317.955362078828,0.011768459105100883,1,0,0,0
2,12,7,106.16533320888078,2581.495579900311,1922.2859868129908,0.30351683087319675,6,1,3,1
2,14,10,395.2825041833516,37637.4606738586,1426.4893783068005,0.24060183799772145,2,1,0,1
3,6,9,517.0585552967198,39465.17296753189,370.8803552509048,0.18925480809144737,10,1,0,1
20,1,0,1365.8010882251465,508662.5615341439,7256.801592094942,0.010693599130252892,0,0,0,0
21,2,0,1351.1529129124926,442865.1780628895,6551.596818162066,0.015691920744477547,1,0,1,0
0,19,6,50.0,52233.41018553844,1200.6253248948424,0.1,11,1,2,1
3,20,11,445.5153748761964,16221.714112034066,200.0,0.42011059592010563,11,1,0,1
23,22,3,501.1192286662423,21450.103680513763,2727.3278931728823,0.5168579648183846,11,1,2,1
5,6,2,412.0318104857369,36468.9042928189,1456.5373814425793,0.28049312426231515,4,1,1,1
19,2,0,1409.6165749480833,384849.6068900061,6556.058935157871,0.029171894411353462,0,0,1,0
1,22,5,150.28380288043755,1000.0,576.0363330371805,0.265696308961814,3,1,2,1
3,11,6,445.8889457259507,35683.214369799265,1473.247504981333,0.15077054396840664,9,1,2,1
19,3,0,1391.0404510649173,342547.1391580094,3630.872625801879,0.02325265204176175,1,0,0,0
14,1,0,640.4693359353739,201658.02076590233,3265.8728099994,0.030258649072351824,3,0,0,0
15,3,0,992.8138462022064,286981.4811517831,4587.872272033618,0.02968845664166874,0,0,0,0
21,4,0,977.4060919444889,292689.99643358315,4534.944560375737,0.038447332323755724,3,0,1,0
3,17,9,489.53300509500656,30840.912559929824,2161.946363126154,0.17289061272595146,8,1,2,1
20,2,0,1273.3677836084812,353665.3206277333,6193.796237055665,0.02087560973326454,2,0,1,0
0,8,3,567.5971982864617,13927.901557194631,1011.6623306152403,0.10847626625707041,4,1,1,1
14,1,0,964.6571910137438,167969.1923871771,6717.688765187601,0.008894115876789047,2,0,0,0
19,2,0,1341.9446578619993,100000.0,3123.539173725706,0.02557587405674681,0,0,0,0
3,15,9,472.42028335543483,65772.98302712449,1474.50860656005,0.1,2,1,2,1
3,17,4,492.4446024060072,53031.781523456964,444.6799272904095,0.3478831934470755,4,1,0,1
0,20,9,429.3502408546599,11537.448903307355,2325.749286257953,0.39256153227325624,8,1,2,1
3,9,6,635.8075565595777,11733.809726317199,200.0,0.16625304168140764,7,1,1,1
22,5,0,1041.9912542246525,300150.93991782155,9683.701865230607,0.006026867028110047,1,0,0,0
14,4,0,1187.9613170837868,362400.913211282,5870.681911881635,0.03324569818193039,1,0,0,0
2,12,7,578.8870930793289,40382.67748641015,2562.1147404708554,0.30193182561696175,7,1,1,1
3,24,3,270.73984797637826,28871.058680635684,200.0,0.21575011542228537,4,1,0,1
4,14,9,284.9210912246112,28075.081143364798,843.391905541573,0.1,9,1,0,1
12,2,0,1766.139258799325,254847.39830783184,6185.433804877738,0.0022615406626042417,2,0,0,0
14,1,0,1237.4511445821222,241540.85543449788,6520.513127247304,0.009114508450286005,3,0,0,0
17,3,0,2060.4410881159315,426981.39338097465,6007.4648185827455,0.01825226869881409,1,0,0,0
4,14,6,772.518091405841,28884.91658427681,1957.7408504014766,0.3653598974806079,9,1,0,1
16,3,0,1482.3135540816124,351070.98709589697,5949.727106169187,0.012329643643395654,0,0,0,0
4,12,7,50.0,12097.724258670321,1177.331707183643,0.256850663250188,5,0,2,1
21,5,0,1206.5074390873115,302950.8591268062,5272.210798782707,0.01817584762684824,3,0,0,0
21,1,0,1225.3614043441971,423378.7276959605,6245.396137489716,0.018593093311155905,3,0,0,0
17,4,0,1310.1114116403269,390876.148011443,5190.940472904381,0.023034714567058415,0,1,1,0
4,24,6,846.7520524047827,62419.74140936835,410.30676779434134,0.4671456799155316,2,1,1,1
18,3,1,1283.6679242755006,386040.09567555535,6633.221769704587,0.027906148775092638,2,0,0,0
11,2,0,1157.8917537682798,268424.31627808115,7243.96198804228,0.013026552665057423,2,1,0,0
0,6,8,339.92973126134365,31012.894675906926,1523.2608936384624,0.1,10,1,3,1
4,13,7,565.7582792632262,36345.80101647355,1954.1130691664857,0.28611323097046626,3,1,0,1
11,2,0,1153.0325904856163,276991.5238388644,6062.582967221551,0.02666116837635053,1,1,0,0
23,21,9,385.3896623529726,6980.148691611132,1317.114024132402,0.6456076298482992,6,1,3,1
2,12,7,175.2084077936665,24278.42726930099,1597.6767455173967,0.12853984998320206,9,1,1,1
4,21,10,609.7487878001696,1000.0,1932.2225713187904,0.19310614381719324,11,1,2,1
1,18,10,475.02487456113425,21276.849173095703,1348.9905320224314,0.2556161569697218,8,1,1,1
16,5,0,1182.1059758339118,288434.6567014599,3000.0,0.0068489386517803005,0,0,0,0
16,1,0,1774.4805579620884,295082.62157294474,4574.357970311531,0.025561051882043998,1,1,0,0
12,5,0,1648.4157055379694,233085.72493326667,7501.983243556011,0.010210599400631426,2,0,0,0
16,3,0,665.289648689901,343053.789319813,4232.766184650653,0.040338000495694276,3,0,0,0
10,2,0,1358.787316530017,114630.87682303195,3010.043522474714,0.02391792410973734,2,0,0,0
0,12,11,399.7608435097922,30564.82809655001,1522.356228923842,0.18158625692606611,2,1,2,1
0,16,7,260.620152944896,8854.337665158033,1418.0474978303755,0.22744552022992676,11,0,1,1
14,5,0,1220.3354106439356,305512.8205364056,3000.0,0.006296625359996946,1,0,0,0
1,20,5,776.9194655888746,15579.547613249344,2913.9537231142203,0.1,6,1,2,1
23,11,6,542.8612033499645,22660.30637510998,594.3160047191737,0.17287718081153294,8,0,2,1
2,21,2,386.4742526467051,18914.40875955439,1641.5892848762617,0.3432420832544421,8,1,1,1
17,1,0,1444.8967205791105,114665.04879306184,5411.784458152101,0.01936920501608828,2,0,0,0
23,12,3,681.5935082926319,40927.66411696894,2533.378130443345,0.11196021110126492,2,1,2,1
19,5,0,2112.936935290626,263638.98637579894,7553.304486384881,0.017354036342828245,3,0,0,0
20,1,0,1217.504611375974,236127.6679473585,5468.724141375449,0.02205994303666628,0,1,0,0
11,2,0,1811.3679386292363,307413.4040051657,3000.0,0.011942205450416962,3,0,0,0
20,4,0,1313.8484190148292,100000.0,3688.347219117334,0.02875525749742347,2,1,0,0
16,4,0,1234.3265278225579,259093.14136766247,5136.3653806728125,0.013399505094946283,2,0,0,0
2,22,6,648.5580444501459,41022.10688716984,2067.1767756589325,0.44934004345168044,9,0,0,1
0,22,10,383.0417642157962,38123.21605906753,1549.060721478181,0.25037001469002085,7,1,2,1
17,3,1,1027.270980230023,376134.23567935126,8806.309698068937,0.03514524244784984,1,0,0,0
17,3,0,1137.594536230698,344615.5737962267,8502.065936911511,0.011190619847253287,2,0,1,0
10,5,0,752.6591095998073,355179.11190550536,5689.187181388313,0.007718796599258091,2,0,0,0
18,5,0,1461.2118213182118,251464.8689214429,3000.0,0.02440999944705157,1,0,0,0
0,18,7,477.27886368571126,5719.544496646005,1128.0762657189894,0.1,6,1,1,1
1,24,9,295.80419989712584,31511.976306927812,986.3991007316396,0.1312985145992312,10,1,0,1
5,19,10,622.0302834307739,34392.95775367477,1249.6297444573675,0.3011935511354063,7,1,0,1
20,3,0,1600.0149783303655,430030.9545788696,10000.0,0.026039212068414065,3,0,1,0
1,22,8,300.64449815572175,24225.107448998282,796.146156215596,0.24368337255467826,2,1,1,1
4,13,3,586.396478899525,36436.65445512178,423.2784898206753,0.18171348756156294,7,1,1,1
13,2,0,2014.5390058624866,100000.0,8452.560826835412,0.001,1,0,0,0
13,1,0,1050.5702545388126,322519.2327490933,4981.286127753237,0.018616296597984264,2,0,1,0
23,16,10,453.30028794662434,25591.580382605287,980.4190019513971,0.24376267406320437,7,1,0,1
5,10,5,89.85589795648866,34739.19398660931,1366.318841979166,0.45494687477630175,4,1,2,1
5,6,3,633.3536492396412,52475.57632716437,2181.8216615968067,0.20806600921687762,10,1,3,1
23,22,2,461.5206904963925,44916.429503761414,200.0,0.18336334669688426,6,1,2,1
23,10,4,360.673341527671,1000.0,1989.1224107150983,0.1,7,1,2,1
11,2,1,1427.277726921916,389508.68360643345,6174.293187515873,0.014428760023201374,3,1,0,0
21,4,0,1910.1658300618756,280939.146424078,9673.145268057808,0.001,1,0,0,0
4,14,4,550.2996563149352,29583.352219340868,2744.556006746023,0.15102888649689178,9,1,2,1
3,14,5,418.75397183215296,25906.21397678924,299.75520066036506,0.34951958917883014,8,1,3,1
11,4,0,1320.9724583104487,342434.4943861402,5339.109070800542,0.026681546299723156,0,0,0,0
22,1,0,1517.5197838039462,239311.47382828873,7278.216650996303,0.021415317122520896,3,1,0,0
12,2,0,1646.1001973127122,263157.92071380233,3275.2799322290334,0.025390357454589976,0,0,0,0
17,4,0,1323.5585173077188,346456.27276650944,10000.0,0.008940228212849516,2,0,0,0
1,8,7,708.2194577494738,51794.58146933577,1354.8700675058703,0.1,10,1,0,1
3,20,2,673.8120031376651,24248.753241341423,1953.4947739314919,0.39687869004168197,8,1,2,1
2,13,3,72.52061138066131,43924.9469288088,2271.8766326103832,0.1,7,1,1,1
18,4,0,810.589676541018,223451.35458639287,4038.2813434588943,0.01431375295177837,1,0,0,0
2,8,11,256.82730433000154,17789.25533882578,1584.1987656766407,0.3423004793753774,8,0,0,1
4,8,4,259.365481360214,37493.003502384265,3000.0,0.3815407003700364,9,1,0,1
15,4,0,1507.2994308610173,300656.95350873406,6400.59312959458,0.035823840283915775,2,1,0,0
2,7,8,481.33676165854695,11076.73002790143,2326.4599718593545,0.23130331693986442,2,1,2,1
4,18,10,50.0,1000.0,1491.1323930928604,0.1,3,1,0,1
4,17,9,235.1458385275324,24787.59442376524,1484.2551219458376,0.42364620945382037,6,1,2,1
14,1,0,1304.7442637161093,153075.9419259628,4491.463677417073,0.020238537026633373,3,1,0,0
18,4,0,1479.7004355315055,314401.17066694266,9984.990817379952,0.008921712570625928,2,0,0,0
17,1,0,749.4518415420059,294840.4113304236,3173.0354604110403,0.032065786159419865,1,0,0,0
15,1,0,961.960503580868,407765.3962905386,8124.593763822593,0.03254463683591672,0,1,0,0
21,1,0,1926.778330082347,178185.15879307268,3233.774297689538,0.03986710415502642,1,0,0,0
23,6,4,201.87040616645362,38195.95476242915,200.0,0.15110715654505952,11,1,2,1
15,5,0,733.9333536964702,260987.180902655,5858.962614003366,0.001,2,0,1,0
15,3,1,1406.206253606037,219307.36805097153,5033.5718188343035,0.025594637969363388,2,0,0,0
18,2,0,1662.0771361125007,393332.07846519013,7346.906216631895,0.022122913214792317,2,0,1,0
3,13,6,645.5070501262524,57282.77503865458,2884.57797151096,0.1,7,1,2,1
10,5,0,1336.9654323073294,348230.8424255778,7121.569738254856,0.02879713179801932,0,0,0,0
0,17,7,324.08155691233503,6865.068559387659,1983.7836068248066,0.41308106374587966,2,1,2,1
12,2,0,1108.2779649870004,446137.19875076134,3916.9466650401137,0.027926228932994547,2,0,1,0
1,6,10,666.1245406954575,64035.96502709837,2706.460648946474,0.2617194571246127,2,1,2,1
0,10,2,156.96957513329352,33085.36232704113,1069.0102748879872,0.10393101654874248,6,1,1,1
11,2,0,1395.6674535347481,375431.39687865577,3704.7072022691286,0.014630770250802684,0,0,0,0
15,3,1,965.4351692688354,180019.38259511098,7067.6380225256,0.009722816439499012,1,0,0,0
1,11,7,526.2140629131371,59859.18079365976,854.9796482604676,0.260616500085748,11,1,1,1
3,16,5,496.7713499992393,29675.308040069838,200.0,0.12971121327002982,8,1,2,1
17,4,0,918.9945240706649,295268.6108000686,7266.86445383752,0.014410943992452201,3,0,1,0
0,10,2,278.1011673439125,30496.932288496213,1144.2899919890704,0.20302268408586013,3,1,2,1
4,12,7,388.90297387732005,19529.215074702188,2452.4441548918912,0.1,4,1,2,1
5,24,4,387.867163264084,16124.491504436417,1607.327656766752,0.17195550419852074,9,1,3,1
2,23,10,377.19848195676195,21740.371423444667,686.1635314956903,0.2513992479704344,2,1,1,1
14,4,0,1466.002366254004,294837.2547978333,6722.25487327896,0.02151274313823095,1,1,1,0
5,12,11,332.1319772538642,23684.09063603569,944.7725226546148,0.2283792085547842,8,0,3,1
4,15,10,213.16230670966655,17505.944546180952,1629.576301616864,0.19656738515777292,5,1,3,1
17,3,0,1086.284708892318,176031.5564131988,6681.745494423579,0.02469075991872984,0,1,0,0
18,5,0,1640.6958598178376,215802.34709378984,6781.658436398744,0.026124842102978153,3,1,1,0
5,15,6,372.5738919226387,35701.29752576919,446.6143339133937,0.1,8,1,0,1
16,2,0,1743.035283710737,160570.02269982971,4012.4187773249087,0.001,3,1,0,0
17,1,0,1282.5105623379607,461828.5724957611,6599.196465519222,0.01949354834611199,1,0,0,0
4,20,6,464.9748596619223,36669.62170773207,582.0974332401848,0.2558401056929056,2,1,3,1
1,12,2,50.0,5770.546851570092,2238.205604291275,0.21304672767416413,6,0,3,1
0,9,5,437.8707841930623,32726.111731207508,1566.9067977581594,0.29671342446255283,3,0,3,1
2,15,4,168.8754417414517,21687.440325566655,843.6714627844664,0.2062482453862577,2,0,1,1
23,17,5,863.6325295644124,54472.91098777988,1218.257752965861,0.1,7,1,0,1
22,4,0,1639.0651246386403,288610.31412787904,4591.182170211306,0.01814868966909641,2,0,0,0
23,20,10,370.75521359697893,33944.3304399427,577.1528108806151,0.19003920928399928,2,0,1,1
5,6,11,453.9989393939983,26499.244808776173,2448.993657472513,0.48128468957162496,6,1,2,1
10,2,0,1362.4286327840202,559037.4475195432,4203.900649789492,0.011190499876987057,3,0,0,0
5,8,3,589.641384839901,16539.702267070592,2700.5769194227246,0.1,6,1,3,1
5,24,6,525.1497926144253,44954.35286508276,2309.0297710331906,0.3005255269697665,7,1,3,1
15,2,0,1356.5241283277774,345022.16332227486,6416.169728511472,0.020180088252140613,3,0,0,0
22,2,0,1159.2538593429533,307160.7662267222,6612.685678740863,0.009013148575903811,2,0,0,0
5,8,9,241.07497021005614,39156.91614271302,2555.327383237216,0.5014731930871938,3,1,1,1
20,5,0,929.6796586286018,381335.5952214955,7975.026100968924,0.014615524047532738,2,1,0,0
15,5,0,1493.8994382964033,277999.2550894124,6006.1854033503705,0.02274212818217656,0,0,1,0
12,4,0,1010.9262446252033,208892.891372042,7043.282823460549,0.021992025926304275,3,0,0,0
2,10,4,224.43730714012634,36253.74543613576,1394.3922923472767,0.2050346300195161,4,1,2,1
4,18,11,402.0377701952027,2824.026843618405,2034.0410285888702,0.2873928379760281,6,1,2,1
21,3,0,830.8748200070263,428338.5976241343,4258.761724896759,0.0189265553357039,2,0,0,0
2,20,8,450.03369196477644,22343.656591849263,927.2850852074919,0.1172700327488106,11,0,1,1
5,24,4,381.9063698055743,30927.43518958517,1502.1463389987753,0.12020091714598413,2,0,2,1
0,6,7,50.0,24549.099272334446,1119.1418926677054,0.1991826499286884,8,1,2,1
2,14,4,465.03366918489746,27529.56565497443,688.5603751588286,0.18556773174544933,8,1,1,1
2,21,2,388.661439076074,44337.758727157445,584.2465927867788,0.17228962866484776,6,0,3,1
23,22,11,548.0622226537964,12065.28596708247,2601.5326281915613,0.2481246284274646,5,0,0,1
4,19,3,326.85920238363065,1000.0,1491.068893691011,0.1,3,1,1,1
19,3,0,1697.6410064626891,179378.43168259825,3103.107635357193,0.020496975930026765,2,1,0,0
0,19,10,322.4697880275138,49011.705534717505,2246.0816130450785,0.2469388745597033,7,1,1,1
17,1,0,1210.731812369926,301404.08180078404,6304.083621530549,0.0147326080911809,0,0,0,0
18,5,0,841.9131423389779,422936.91835821717,9313.284812873257,0.007961415786071957,0,0,0,0
13,2,0,1761.161913584876,323437.27633384033,4393.3855024817885,0.018534637914788554,0,0,0,0
23,17,5,50.0,5110.423971066644,1417.9049506895362,0.15898606162753356,6,1,2,1
3,7,4,513.1719977056789,50571.255292710164,991.2086614948755,0.1,2,0,0,1
14,4,0,1478.9573304781115,269599.4747877964,5540.729207995007,0.02215221323854431,1,0,0,0
22,5,0,1200.188813915634,152014.4656980776,7390.1502161220915,0.019571960420114377,0,0,0,0
13,5,0,884.713933079234,207093.50591063738,6239.358099731895,0.02950843599340236,3,0,0,0
0,10,7,129.26311227268985,32844.03160459637,2529.229669771824,0.3596256409706841,10,1,0,1
2,22,3,462.8181267952696,23394.032154443117,2092.477868725378,0.4290387826888478,5,1,3,1
4,12,8,454.4720919774202,44438.19973980883,2708.636409041503,0.33206937503185635,4,0,0,1
12,1,0,1986.869985121258,301115.8911623572,4799.101719946812,0.019344916780805084,3,0,0,0
23,17,5,360.9508474799746,36625.54843548062,2223.1887131659105,0.17324033626766305,5,1,2,1
1,22,9,491.3214891744819,16450.266828439882,2264.9150944612384,0.27607055018534593,4,0,2,1
16,2,0,1521.831854295057,493295.6690752661,3000.0,0.022665514439911594,1,0,0,0
22,2,0,909.1210205627701,330628.7650646397,6460.033475509917,0.023210776479014286,3,0,0,0
14,4,0,1262.5311662084412,381389.2813538996,3000.0,0.001,0,0,0,0
14,3,0,1799.7106336067466,436355.65442757285,4301.877407747517,0.015564352193834221,2,0,1,0
5,20,5,50.0,38265.6412834595,2713.100428338932,0.2323640031825238,6,1,2,1
0,15,11,694.6587841348235,22584.43915520797,1390.031459206132,0.3782024041936801,2,0,1,1
15,4,0,1501.4123004402732,259528.294881768,8106.515589327185,0.0057512667949357905,1,0,0,0
15,2,0,827.3607425884777,288737.99492708704,3655.1608746561824,0.018707547847597327,2,0,0,0
19,3,0,1794.9519228065808,309870.3968415338,3000.0,0.0014500848518844145,1,1,0,0
12,5,0,716.9581969734156,414409.2694541294,5324.461769817941,0.029557564862616223,0,0,0,0
5,6,11,650.1539631704193,39840.573526404914,527.266647968801,0.3999973265220961,10,1,2,1
4,7,10,205.4415658169032,55020.856243315226,1967.4994383920657,0.4545658442473405,4,1,2,1
1,21,10,694.2563473326811,21098.86274274156,1701.5129099475832,0.2731516885173457,5,1,2,1
23,21,3,526.1030907416604,6558.380162454374,1920.7403530600936,0.45590906892262884,4,1,0,1
15,1,0,598.3876039404621,298414.4866112417,4753.053165819048,0.021981356081893,3,0,0,0
16,5,0,1201.8973438110354,311024.4632119179,6061.170592405502,0.027433652305059328,0,0,0,0
16,5,0,1401.6201350941049,297973.31168623694,4132.812788106204,0.02884938481193762,3,0,0,0
10,3,0,826.4232370327966,431724.5940147687,7560.933577293603,0.003695658736725633,3,0,0,0
1,17,7,534.6545835121118,5584.679858510353,1737.125341077994,0.3699608157044677,11,0,0,1
22,2,0,1706.8178650117084,249820.09735662126,9655.95649831114,0.01863040533798112,1,1,0,0
14,2,0,733.2047271437345,422716.0176256759,3820.1943422062673,0.009170034921946776,2,0,0,0
0,18,8,161.24483664733748,34096.46917661799,1990.3700781033594,0.2968766401087355,8,1,1,1
16,2,0,877.6052412759266,100000.0,5907.780946104353,0.030861701073112542,3,0,1,0
17,3,0,921.4855668352312,225505.2340643556,8019.393440507006,0.013057150498345282,0,0,0,0
18,4,0,300.0,351585.53280253295,5562.806907364927,0.02673322275530789,3,0,0,0
4,18,9,563.1306015116985,45988.655980729025,2488.63689819952,0.3844862488955447,11,0,1,1
11,1,0,1752.7392143172328,341742.20312496065,8284.80925116522,0.016971927621767795,3,0,0,0
12,2,0,1158.9832913960104,304854.85446810356,3000.0,0.009207345228941597,1,0,0,0
2,16,11,357.7801579519576,34907.05909423823,2406.9173746155034,0.1,6,1,1,1
12,3,0,1094.3181478667323,365138.6712186838,5293.781695133116,0.026514911493209906,2,0,0,0
18,1,1,1244.7138525319426,238681.11856125997,7981.63155498141,0.02797629895539079,3,0,0,0
22,2,0,1323.9439777470725,297208.30760325195,5599.83668078248,0.022456085606151546,0,0,0,0
4,13,8,332.1481170851114,26438.76849066838,1547.5480428141411,0.1,11,1,3,1
12,1,0,1084.4608645072124,475221.11572056083,3216.214539809272,0.03083604799206479,0,0,1,0
12,2,0,578.2487683505597,373194.2713457531,3375.381056020859,0.023669695233232705,2,0,1,0
5,15,10,438.84004708086445,7219.937384896548,597.8480933855973,0.21742313280192244,11,1,3,1
13,3,0,1127.316243189279,337740.7583889938,3387.758482270493,0.019611971617451502,1,0,0,0
23,6,2,605.3692563677465,8516.210086974977,1045.2407425182182,0.2488803130307054,7,1,3,1
0,13,7,632.6141273105761,29867.887972134566,1114.874132298307,0.5493591601174209,2,1,3,1
13,1,0,1187.7684300938513,385668.7789318613,7327.249436642462,0.02546057737563824,1,0,0,0
5,14,4,475.2605026054158,23692.616814622917,454.01553095065674,0.5203025542259532,2,1,1,1
3,15,8,141.84930160308278,37296.5204912297,2101.1953799677162,0.5397880405741495,10,1,2,1
21,3,0,876.7593417897167,520825.04289968405,9027.118421984587,0.019754270432794683,3,0,0,0
15,1,0,1175.9683228413244,379533.02717885515,6972.035014331651,0.01893786816421875,1,0,0,0
4,9,2,544.0580010178253,27572.347256464527,541.3963657933111,0.1,11,1,3,1
2,16,9,420.96826284804774,17858.806140802237,1352.8196482253522,0.25298288826452026,11,0,3,1
14,4,0,909.8858084891615,295908.338964535,6678.129416904111,0.020572896806566363,1,0,1,0
21,5,0,1637.0474365027305,448894.50601163344,5212.691043176676,0.010756795629892912,0,0,0,0
0,19,6,484.6192521163411,34287.45579263136,2038.4973458613304,0.32248424909022033,9,1,1,1
5,22,8,326.62049233670075,40250.292902149085,2054.4783893182216,0.1,11,1,1,1
21,1,1,583.0679209642597,297036.5662916423,7604.027205459942,0.01159710637932347,2,0,1,0
11,1,0,756.7512143563315,285705.5635461169,10000.0,0.031574771270866615,1,0,0,0
22,3,0,347.2772862991386,164010.01468758035,7711.486887113644,0.029318718717778927,2,0,0,0
12,1,0,864.5490085347155,306118.2207144246,10000.0,0.03548775299304847,1,0,0,0
2,11,5,568.565399470805,22792.11514534201,2890.7079938238,0.2671935942018435,7,1,1,1
14,4,0,1512.8532056815773,202669.61083072226,8811.826775059342,0.001,2,0,1,0
14,4,0,660.1399880136627,263945.097382798,9478.558885545157,0.030275967859487593,0,1,0,0
5,23,10,293.07196753693376,25006.428863010056,1702.9598317170744,0.2600413886417316,3,1,3,1
5,14,4,614.6373665279788,24371.934301826772,1283.1359332858444,0.3981678519212273,4,1,1,1
14,2,0,1400.995329448841,303984.82395153237,4403.425665628529,0.022575050119094865,0,0,0,0
5,10,9,684.8107436154025,3269.9640967704217,1992.4263842773394,0.2760758269150525,2,1,0,1
5,9,10,250.57525564607218,40868.71031484038,535.7337875436857,0.2295942767724955,10,1,0,1
22,2,0,1073.5706564633056,385186.49257217697,5676.082417379955,0.032154926684870855,2,0,0,0
21,4,0,2184.301171483352,302402.10277498444,3533.261036579747,0.01730410361058274,0,0,0,0
2,10,5,715.0022187812406,33500.73017394357,2088.0404164752013,0.1,10,0,3,1
11,4,0,1626.041147492815,205915.1127793947,5125.218222296481,0.02857446388176551,2,0,1,0
22,4,0,733.6917531332133,431870.13557682355,7357.368129635064,0.03328988385081543,1,1,0,0
23,23,6,536.1051922292345,23704.247288758725,1816.1275931623643,0.45836167563302543,11,1,3,1
14,4,0,1648.4553380041407,365183.3732169052,4960.703189742911,0.02498137190279666,2,0,0,0
1,6,11,722.221180247064,9492.56515842773,730.4266155094386,0.1697800577666569,10,0,2,1
12,1,0,1688.301041301895,409730.128895259,5460.6217173887135,0.032883006045960714,1,0,0,0
16,3,0,1554.290541552742,142359.019219032,7247.276844068019,0.04405754273662146,3,0,1,0
0,10,11,497.43585119786314,44427.38573747665,1300.246099230653,0.29647388934336205,10,0,0,1
0,10,11,50.0,3269.7962085662803,1358.3525267592688,0.17894799969357536,3,1,0,1
0,13,10,501.16726650865047,8536.079042634283,2002.3749395152256,0.22595619069203363,2,1,0,1
0,13,5,273.52425719573085,58913.65150983114,1212.5743901351561,0.3226739100779292,9,1,3,1
2,16,7,338.65290136900046,58275.10399716988,1328.9555875199273,0.1,11,1,2,1
4,14,3,256.21147563640625,17134.608190127336,2007.2073093582026,0.28000380915174,5,1,1,1
23,24,10,413.2289298188605,28420.77953934126,567.2046395975277,0.26058565420156343,7,1,3,1
11,5,0,1019.2432123108629,171587.0467418158,3885.882723341751,0.02389278731521738,0,0,0,0
22,1,0,1208.8397294203744,224034.0881805338,3788.3532680027192,0.018874376171493658,1,0,0,0
17,1,0,2047.0077606924142,345440.5559321418,5365.777438497898,0.02304581462119787,3,0,0,0
20,5,0,1760.2217546003208,272487.6599661483,4509.2368316782795,0.013193039493953332,3,0,0,0
20,4,0,2341.44903309618,297286.47673808574,3894.5225706575065,0.014076854618835156,0,0,0,0
19,3,0,1346.6911008743252,346536.2923731829,3000.0,0.03411071062345523,1,0,0,0
2,10,10,493.39013093538426,23085.507956672158,1376.0561068963277,0.23716289918232913,8,1,1,1
5,10,2,739.606496882687,54673.36237948861,2686.7823409095554,0.5799603415050472,8,1,1,1
15,4,0,549.9604125128549,279374.98905532475,7570.889260110349,0.01949664364938543,3,1,0,0
5,16,5,272.81634108263154,57400.532975785056,666.1222129002766,0.34751463921488374,6,1,1,1
23,22,3,628.9186302859204,48637.97486487182,2373.6487364938084,0.21305644094961748,10,0,2,1
13,3,0,1438.1835973114748,283179.47093678854,8325.57078363774,0.021135186536025145,0,0,1,0
1,21,7,569.2812871804913,21878.184206154394,2377.996062762727,0.12628700452072475,3,1,1,1
12,5,0,1219.7589387661535,181894.37243702338,4490.690066222012,0.02055863134893524,0,0,0,0
3,23,7,566.6735013804453,36934.47390238883,1764.3514906843966,0.19995212129151527,10,1,2,1
18,1,0,1135.5967335221196,140887.40279817258,6901.64197524616,0.017988676198869298,2,1,0,0
22,4,0,661.4895507072563,266742.6871665031,4406.688780404021,0.027546791398071355,0,0,1,0
4,22,2,1000.0,60629.9072330641,1304.5068410843564,0.13336183762447093,5,1,2,1
0,22,5,112.55391506440964,3404.3983434716865,1497.3935618652206,0.3192481122274252,9,1,2,1
13,2,0,815.0676930219663,467162.84579131036,6938.917657730085,0.014226885392952162,0,0,0,0
23,18,6,623.9426374714646,13549.437610314017,521.7798101746862,0.2738851147989913,7,1,0,1
11,3,0,987.867239701106,311789.40727633424,5788.437070243708,0.019483476014901104,2,0,0,0
23,14,3,173.99058441928878,13624.120651339317,243.08808220163837,0.19965318949655309,2,1,2,1
15,5,0,601.2044044542804,305616.7256467118,4124.702515334445,0.007654158806368765,3,0,0,0
2,9,9,470.96862831660775,30261.519502168947,728.1445440878704,0.1,7,1,1,1
5,18,7,406.2992870938121,45814.195936491655,1402.3284981123174,0.3478084888139622,7,1,1,1
5,20,9,274.03153013190393,23831.502386285407,558.7294549417211,0.40914010024269193,11,1,1,1
2,17,9,289.0148709851173,33716.48707782163,2186.9341701525973,0.4736367495652143,5,1,3,1
15,1,0,1587.124884321814,359654.1664204475,6413.1393602891385,0.0219585064360745,2,0,0,0
1,6,10,381.32551548491716,47416.94350650691,739.5298590626442,0.26551707646561956,4,1,1,1
3,20,3,554.3264083295039,23890.056328523377,1895.0027143162965,0.21983752906130138,10,1,3,1
23,18,6,436.0617141467313,32456.36631403541,740.1376456534351,0.1,6,1,2,1
22,2,0,1170.68484839857,182036.05656553162,7570.587214070096,0.04226441337337686,2,0,0,0
1,17,8,383.17276109371323,28504.933360421048,1074.8968296555101,0.13294904970316163,3,1,2,1
3,12,7,282.1268986210675,46996.61831230922,507.1811755268891,0.1,10,1,3,1
17,2,0,557.8181203843689,459754.61699369526,6152.3180204925,0.03676576566951645,3,0,1,0
2,23,10,436.93812051003715,42399.98023794179,1011.6807714052385,0.34573298538510844,4,1,2,1
20,1,0,1340.2005987288417,302806.08063839126,3000.0,0.027856842495727306,3,0,0,0
5,15,10,264.0645052398058,1427.3004694274205,967.5309511880223,0.26272312933258596,7,1,2,1
2,19,7,760.722966286746,40398.39477397106,1310.7188967632844,0.3924780472807043,9,1,0,1
11,2,0,410.04198757224015,231878.80983289354,5226.227397723585,0.019853796572610452,1,0,0,0
2,23,8,481.7082607513249,19434.833535970392,1076.2364568987527,0.1,3,1,1,1
23,16,2,643.8460486441579,16267.447287847954,1078.6964649287474,0.1,3,0,3,1
4,11,7,241.29395994956775,22124.07141778167,1874.5515366949537,0.32578914618917676,10,1,2,1
3,22,9,451.6972258719072,21758.820612228377,705.089430403448,0.16710968470678908,5,1,2,1
5,22,3,334.98871220106935,28016.05262718095,1824.5129173346766,0.18963547170514006,9,1,2,1
2,10,2,180.9829516182835,4114.380225906596,2019.229586800321,0.1,8,1,0,1
20,1,0,300.0,398379.1751953206,4354.196885951344,0.048912118498389834,3,0,0,0
5,20,11,415.1234874514679,30215.933952527826,1474.4533595381338,0.382393200055848,7,0,3,1
16,3,0,1195.6395475985141,336210.47766572866,4526.778132984964,0.019139990699674266,3,0,1,0
3,15,2,304.2369789759837,8599.382126005727,1375.3600837300005,0.22177391284622136,6,1,2,1
18,3,0,1190.887747821966,242609.7862955823,4334.526192830043,0.02881725940727818,3,0,0,0
19,3,0,1222.080701518073,219832.0963332216,3000.0,0.026169275106868256,1,0,0,0
10,1,0,1008.7863949473004,217068.75604442242,8074.976432094463,0.03395510388218633,2,0,0,0
4,22,6,169.761212398027,20542.378177296814,456.80909693256194,0.1,7,1,0,1
5,15,3,152.36265262426355,51668.793765685434,1721.1825315802216,0.1,4,1,1,1
18,5,0,739.8533210546535,517483.7707063181,6934.165483018383,0.02632683376968979,1,0,1,0
3,16,9,398.4327765040297,30499.505753939422,1403.9635566866077,0.27361284164078137,6,1,2,1
11,5,0,1269.1879231823307,424502.5635723315,8262.709131048461,0.012578278069459511,1,0,0,0
18,5,0,1837.0391421361414,332637.8322619546,4787.554902828728,0.02323710151800451,0,0,0,0
13,5,0,923.8089153734313,281922.49072625756,8026.6469098394355,0.01782432750199276,3,0,0,0
12,1,0,1877.7890122111742,483500.49552611884,6582.726231967543,0.026797437943734775,2,0,1,0
21,1,0,1443.8858914614038,467950.1842549192,7705.357912664213,0.034520332292305195,3,1,0,0
23,11,6,50.0,38030.739158236145,521.5874023141835,0.21149613452293714,8,1,2,1
23,22,9,537.3903917269823,8112.585881637497,448.9874471426988,0.5198602679502691,6,0,0,1
16,2,0,734.5684400003934,343436.24898395664,10000.0,0.033112127287580825,0,0,0,0
14,2,0,1442.5295688033148,452631.2495686149,7551.590223955503,0.006596486486960745,0,0,1,0
10,4,0,1223.8159744923976,220693.1609287106,3000.0,0.016663611200280985,0,0,1,0
21,3,0,1404.1281649776722,355193.6339883072,3000.0,0.004859179707639091,0,1,0,0
16,1,0,1003.839917370735,137839.857709551,6704.103021903655,0.023107209233342283,2,0,1,0
5,16,2,406.6389150765193,36516.257982655174,2408.185892051738,0.24218427517499908,2,0,1,1
18,4,1,1024.7708572874772,405373.5317648933,6655.217916683803,0.023058437012794256,3,0,0,0
13,5,0,926.2873854297168,205547.05423006992,8856.33853246657,0.029168088958838816,3,0,1,0
4,13,7,593.7930732821004,31002.833496793857,778.9459010927632,0.37923491065205406,6,1,1,1
5,17,11,426.2456237196013,27152.005950193794,2994.640504586251,0.26599239039927197,5,1,2,1
17,4,0,771.1056186578776,313342.6914653454,9258.92369733015,0.02816412397657115,0,0,0,0
3,9,6,124.80803908167383,17781.099560821156,492.08650564702964,0.1482693434677797,8,1,1,1
5,24,3,376.9317132204088,49050.47313812746,2763.2009461898565,0.11064744397192494,4,1,1,1
13,1,0,1883.9768203998406,100000.0,8174.418923542794,0.01174651893928163,0,0,0,0
0,9,4,139.02975629432865,19449.51917627471,1606.393607888713,0.3979588213111066,8,1,2,1
13,2,0,1649.5595467565356,317778.4556404501,3578.568400845092,0.0251463632406669,2,0,0,0
0,11,5,575.1237087858246,6382.017136500886,1204.8572126593583,0.1,2,1,2,1
22,4,0,963.912104828257,262698.8348516858,3676.159808922899,0.020811874711655128,3,0,0,0
3,8,4,282.28593601315976,37196.975375393406,1291.299101262895,0.42642406881110195,9,1,2,1
15,3,0,901.3354254317214,142987.47183543548,3394.3647714936224,0.031009690624829316,2,0,0,0
15,3,0,849.7751598266948,423035.7722628503,10000.0,0.01687782580914028,1,0,0,0
17,4,1,1613.9043228418764,231076.74278646678,7080.012209804268,0.006594805146517755,1,0,0,0
4,7,9,566.9438332670693,42529.17826744764,1255.1837210655178,0.2364347517423527,4,1,3,1
22,5,0,802.1763014674115,384504.30673104926,6998.027384226247,0.015697646646607492,1,0,0,0
23,16,3,435.4118478849271,18818.938119208404,1837.3988111764818,0.13030151052927816,10,1,2,1
21,4,0,1108.6711662646549,133780.05042764932,8528.708731006265,0.006628738208987574,0,1,0,0
1,18,10,445.41397330717706,42546.03377584127,200.0,0.3702193063337205,6,1,1,1
14,1,0,1562.4555672365511,289901.9653840662,5403.8790785716,0.02887315709963142,1,0,0,0
12,1,0,1222.816673871584,254147.23575840707,5290.01919907964,0.026134949357153214,0,0,0,0
0,6,11,277.55605766099757,45335.183602047786,1086.003825341927,0.26057388983780866,6,1,3,1
19,4,0,1229.6607583724444,382674.43031062925,3000.0,0.03506426596258796,2,0,0,0
1,17,6,278.3619518920009,44855.54772221965,1554.9003357790496,0.13723202886144992,4,1,1,1
12,3,0,789.8898277321196,344671.1899270916,4372.897385381331,0.017655107687966905,1,0,0,0
22,2,0,1514.9432186777344,323152.7830300474,3269.281505287273,0.017100856370258752,3,0,0,0
1,20,9,291.28853732716567,41764.7642153687,1554.8996557055773,0.1,10,1,0,1
13,5,0,1566.92431938832,275234.439616262,5491.281491655375,0.031654714207692926,2,0,0,0
18,4,0,696.9418248803812,308368.9819976887,6844.845644355272,0.029368004830208964,1,0,1,0
2,12,7,446.7005327540081,15458.94901929961,200.0,0.17177272562874613,6,0,3,1
3,9,2,116.7078587855014,36088.965700111396,1540.338038043844,0.14384271048368172,4,0,0,1
10,4,0,724.9572529897002,109611.04658747997,5647.1181652940495,0.025208136122458716,1,0,0,0
0,8,5,621.9590176449879,33045.80913511354,3000.0,0.2939248482252734,7,1,1,1
0,18,5,394.60333989843417,45277.44258635411,1733.555803622383,0.42500403085599336,7,1,0,1
23,19,7,284.33739145878684,18058.385015731197,1731.0098365325055,0.18162143783435453,8,1,2,1
5,22,5,259.4925032274957,36371.97226146088,490.67883336778607,0.3256097237860452,7,1,0,1
4,8,3,446.6347848548674,32195.95659907714,2822.2406175225187,0.23973209465749443,11,1,2,1
2,9,11,698.56200577843,23453.700173059824,1133.251786714264,0.4274261786941044,2,1,2,1
3,15,10,245.6108428555539,21673.159370993297,361.52108741125403,0.1726699767990459,9,1,2,1
19,2,0,1301.2741740562367,416509.9413065191,8137.880332330848,0.012115843668059048,1,0,0,0
4,20,5,483.41273198892367,14917.083109350748,200.0,0.11880103219815827,8,1,3,1
4,10,11,281.8693472090936,12976.658024615015,825.6343084594843,0.46927422728718626,8,1,2,1
2,6,3,674.1743567189062,27177.929374986914,1265.106352980395,0.20022371617746626,11,1,1,1
4,8,3,534.7085741355855,35166.70669624217,756.028679394529,0.370099240215804,8,1,2,1
11,2,0,1337.1825069821223,295697.7677035741,7331.542121674952,0.03491297637591503,0,0,1,0
21,5,0,1187.5457846738898,291354.2579426996,8625.456742277094,0.023222551561713933,2,0,1,0
21,5,0,1656.873231415832,316827.29813191923,3000.0,0.02769425639166344,1,0,0,0
23,23,11,515.6768240670259,18141.07214946166,2806.1399680338905,0.29662581070589283,2,1,0,1
3,15,10,348.63633263548303,24178.390793612078,1980.3314481797515,0.29825243403573237,8,1,2,1
10,1,0,1368.9620331327687,177439.70490442083,6448.276203078069,0.0181115554499663,0,0,0,0
12,2,0,1401.6609445505924,176618.2198225972,7048.953019301469,0.02588559059079159,3,0,0,0
1,19,10,277.6043768342888,17932.41451307343,2331.3299005023628,0.17768195675965467,3,1,2,1
1,16,2,235.9179010109506,31910.058611428634,200.0,0.2581562411399246,11,0,0,1
5,19,5,367.4006116395553,14877.307089875942,343.1361680052112,0.34159230470554686,10,0,0,1
19,2,0,1576.661356376202,450842.3128624909,8475.788402484717,0.02067322569572097,3,0,1,0
10,1,0,1921.702054831157,321678.2071713607,7007.514626832408,0.028845550050637124,2,0,0,0
17,2,0,1112.7522157396736,261286.2423349418,3112.9143250048915,0.0211109319306171,2,0,1,0
20,3,0,1127.4103190575727,346198.17108954856,5043.91165823214,0.017682505601624092,0,0,0,0
3,16,2,291.84444906770403,49055.8490141837,3000.0,0.1477560788388831,7,1,3,1
23,24,7,175.55601848790326,32579.034538491258,2112.416198462998,0.10590257250065699,2,1,2,1
21,1,0,1216.80529182139,490987.48679089965,4206.7765531234345,0.012402537289414015,2,0,0,0
15,5,0,1699.0849167439276,339072.1375923101,5747.221892767057,0.03790408973517009,2,0,0,0
19,1,0,822.1693120316365,210189.87952002577,7132.8981008487035,0.02147286284026003,0,0,0,0
18,2,0,1016.7362685627145,328743.5751696084,10000.0,0.016600314951408957,2,0,0,0
2,21,11,97.50078078219104,6988.428372836781,1394.2785986399897,0.24921005761642834,6,1,3,1
5,23,8,475.88454926811323,30910.395806569155,1934.381739420137,0.290246594168714,11,1,1,1
12,2,0,861.5065351213971,382460.7291922028,3829.465883205946,0.008771939941177765,0,0,0,0
23,13,4,420.3170846539367,52211.94952327349,2728.8512055402625,0.1837322347138458,9,0,3,1
0,11,7,309.6498809611203,31152.99837808668,1351.6863707955795,0.31134044579493736,2,0,0,1
3,14,5,567.5677501494698,23347.131343038032,2230.3223936999393,0.1,6,1,1,1
12,3,0,432.28296845721275,251163.29131441913,6759.084602704333,0.01016047862605897,0,0,0,0
17,3,0,1237.004523592857,139724.9112501108,4795.772167542788,0.00489311249147158,3,0,1,0
2,17,5,523.967654371656,25509.549903167546,579.8314344181813,0.1,3,1,3,1
3,14,6,704.285471704746,32117.689226401024,1651.820220656895,0.26442959837799707,8,1,1,1
11,4,0,1066.0597081555284,261750.53399369708,4173.708853853652,0.022305488382242375,3,0,0,0
3,15,2,555.1184696069084,35793.139085619005,858.343998720374,0.1987645712926999,10,1,2,1
23,8,10,376.6190926260859,14468.115578699999,738.4820831053589,0.1,9,1,2,1
0,15,8,448.75054049299905,32674.090625990222,2355.6666061909,0.10690913613099029,9,1,2,1
4,6,9,628.8789203244667,28758.33486462013,1082.5053834099408,0.4867756857665267,10,1,1,1
10,5,0,1361.7901291402163,332133.31813140993,7774.5928450750835,0.018770115424622487,1,0,0,0
5,11,3,387.7311216352297,9329.896685188924,515.1790702559731,0.5373158421451989,10,1,2,1
1,9,7,187.3248540507082,20580.80077819409,2001.0600518200226,0.21959069436091125,3,0,0,1
14,4,0,530.8153561851459,350977.9130693784,3514.524233581017,0.0027329369155453843,0,0,0,0
2,18,11,439.28737576438914,44469.67532683704,941.6203976688228,0.1,8,1,0,1
23,9,4,497.4521237418259,34003.363178975975,1941.7213911555637,0.22340686100555132,5,1,3,1
19,1,0,1503.7501997557808,335418.90932149545,3000.0,0.029690360331758245,2,0,0,0
11,5,0,1051.2777276866652,388776.025567464,3763.637715574286,0.03266062541919234,1,0,0,0
23,20,7,361.2883740836124,37664.139490416375,1701.9245958974107,0.3454540312387183,3,1,3,1
0,23,6,219.25869743350245,31918.874402676156,2102.952903899674,0.1681777367795833,5,0,0,1
23,20,5,50.0,46519.975904206396,703.0237647397133,0.25113003492642527,11,1,1,1
3,19,2,590.2068468269381,17468.871785554897,1495.8464761831124,0.3359929847853659,3,1,1,1
23,18,10,918.086421621182,46284.54893931736,1856.2924369410566,0.2432229627793759,3,1,2,1
23,21,6,449.64989346417633,40678.44494435332,2083.713649565757,0.23019870603520282,2,1,1,1
3,23,9,588.6905742080212,21227.268059313676,2254.1333212336936,0.17279695480095603,5,1,2,1
21,1,0,905.0264444064098,320998.81940804963,6482.006328651589,0.009191424374439084,3,0,0,0
1,13,8,427.34078952314894,34700.90121187885,1710.6208035999016,0.49101519878997635,2,1,2,1
2,16,9,382.3842474384846,1000.0,1091.963449541149,0.1,2,1,0,1
21,5,0,1546.4084259938409,263918.9850821698,6244.618381975852,0.017312436259617276,3,0,0,0
4,18,3,219.18949298396953,22139.98373070422,2614.476394145413,0.1729571869525799,7,1,0,1
4,20,6,366.9533753087656,48524.8780687519,2121.3177598403117,0.3027098843893147,10,1,0,1
4,15,6,255.7999319122285,57110.886214300524,875.4429435711156,0.2337030496688415,11,1,3,1
16,4,0,437.19044557206996,365876.08578241064,4456.9385976906815,0.03167538873625582,2,0,0,0
1,7,7,624.422896980614,47400.5296481078,1639.582138791656,0.13322251786599934,6,1,3,1
11,5,0,832.0368621704397,180394.1632524028,8361.918997708397,0.014540547869355894,0,0,0,0
16,3,0,1046.6472390954925,409802.354926017,4966.962132248793,0.023540768037813693,2,0,0,0
3,9,11,358.62798674691595,1000.0,1933.736038137329,0.14803697451174413,9,1,2,1
15,1,0,770.7796165174136,374706.7318973831,5316.609575616088,0.027920645499261085,0,0,0,0
13,1,0,819.0183033139094,321733.68476825464,6862.770236801045,0.011609709640938748,0,0,0,0
0,20,6,132.5713684479984,24976.850846303132,992.694959678392,0.4155543777524494,4,1,1,1
11,1,1,1294.7618518701288,439420.82546148903,4980.607062208228,0.028041269734539097,2,0,1,0
1,23,3,591.6592212530193,42122.5256320707,1842.8627952276706,0.1,9,0,0,1
0,10,3,456.5025444726041,34522.688870774444,1991.5581895225782,0.28444651170680874,4,0,0,1
16,3,0,1050.6904568018583,274810.724916757,3608.261250753883,0.027817180386174145,0,0,0,0
0,6,7,371.74821481381474,25679.88765880174,976.7120865888061,0.33564092815068225,3,1,3,1
1,20,10,248.42137152631463,34481.940433968775,3000.0,0.1510861937550089,5,0,1,1
19,3,0,1151.533642878798,100000.0,4907.4013748866355,0.03167969522273473,3,0,0,0
18,4,1,1440.0261305409445,201006.6723423859,8590.633523209872,0.022678062614738488,2,0,0,0
0,8,11,57.321344819732644,28714.20396112976,2084.509041227653,0.2878605009573617,10,1,0,1
17,5,0,1158.298273873418,210894.94827923708,8019.706988158086,0.010513337761566,0,0,0,0
13,5,0,682.7958336974986,314903.11263440165,6271.715699105776,0.01935055091622023,0,0,0,0
21,5,0,1301.8130359150555,214147.59065755352,4094.3520677657375,0.019671647493502305,0,0,0,0
23,17,5,372.0288838202671,36930.16452018626,653.5868962578212,0.4986036249150655,7,1,1,1
10,3,0,741.0774065003953,273194.42315729475,6279.915179409052,0.026434533119000632,1,0,0,0
17,1,0,1328.5835143563702,247255.5544372069,8334.856148081579,0.026363688547798483,3,0,0,0
5,21,8,512.3777896431154,59772.87061287811,1504.8314070347437,0.25971439877869723,9,0,1,1
23,18,9,416.57485284413957,30623.22230458091,1769.0679171851064,0.1,4,1,0,1
23,7,11,372.29242780437056,46439.40366700635,3000.0,0.10070177400376978,5,1,0,1
11,1,0,1228.1148268356537,231503.35301476537,3289.24823134971,0.027757723996009325,1,0,0,0
5,17,4,480.8303469323705,27248.600216224255,1650.7056864366482,0.26960960368458387,7,1,3,1
1,21,5,645.1349701513797,26680.855903295324,1952.6881633611824,0.2391980826758385,6,1,3,1
19,3,0,1303.2367906405345,265515.39664124436,6003.957636015274,0.011994219531471678,3,0,0,0
5,11,3,50.0,44955.40561137663,1840.230127262046,0.22715354349397002,8,1,2,1
3,21,3,639.2222847431973,25475.60209066571,1123.6797926396316,0.38205355027875654,7,0,1,1
11,4,0,1022.123989138851,281573.0526953893,8884.268525417587,0.022284770250918684,1,0,0,0
10,5,0,1702.8339568421384,417093.07785954146,3654.188728516553,0.012377226336362165,0,0,0,0
12,1,0,331.93562457593794,419836.90104068606,6196.215549882472,0.026344521571569947,3,0,0,0
1,19,3,527.2695454256933,24186.066902886058,580.6226160692853,0.1,5,1,2,1
5,13,5,446.0808337190378,35835.615087336606,1996.0788972808723,0.4373356745710874,6,1,2,1
16,2,0,564.3314861954678,260076.57807028986,10000.0,0.014758899043730275,3,0,1,0
10,5,0,747.1508678289363,368114.69645654934,5640.118689231712,0.01806546567657216,1,1,0,0
17,4,0,1436.9363079285563,420688.28909268574,4282.3546063869635,0.01852286825649972,1,0,0,0
3,18,2,602.1853233268636,28065.568319321737,602.1650240500448,0.22913140345435543,6,1,3,1
11,3,0,717.5624214887522,251476.08749618585,10000.0,0.010413578268999453,0,0,0,0
23,14,7,465.6760518969047,18689.802406981384,2247.3389592959884,0.19083395717723228,4,1,1,1
18,5,0,784.1986525584282,345531.3787830337,5783.797315872928,0.026557856611533672,0,0,0,0
23,7,4,416.0515511699847,15536.112737989264,2322.6904477040016,0.3608418474940449,3,1,1,1
1,20,9,442.0440046210112,25363.24215308801,1099.5481627672882,0.335003010375476,9,1,3,1
17,4,0,914.9603672352829,362260.2338172821,4919.812587493216,0.03224763579062635,3,0,1,0
10,2,0,983.5778376287681,256198.1438206912,6201.381477719815,0.019903117418066215,0,0,0,0
16,1,0,1392.129749950019,361479.8410360052,4195.123277676988,0.03671676606639385,0,0,0,0
12,2,0,1917.2457310429986,302261.00238145544,4112.973262712089,0.025391201720708984,3,0,1,0
19,2,0,1485.6949870926835,369244.95930442144,6276.045690178188,0.0332751069435321,0,0,0,0
21,1,0,987.8365039489736,233362.85922952986,7970.595337395467,0.025569230165083674,1,0,0,0
14,5,0,1191.4394008363208,415728.9242354037,5368.23799030124,0.011435390894128214,0,0,0,0
18,1,0,1105.3615583852609,432699.40334879095,10000.0,0.009829275489720731,2,0,0,0
3,15,6,471.08403475529,51900.82120475989,926.7137335632049,0.1,6,1,2,1
19,1,0,1929.7398132649187,183758.10360709464,7229.294831419397,0.014330691921623196,2,0,0,0
4,16,10,115.6866464891371,33264.084139485065,713.6646213054308,0.3148762623176366,6,1,1,1
20,2,0,1546.2804715338452,271848.46207295614,6623.875251081258,0.037179900781625426,2,0,0,0
10,4,0,1304.6921752775534,373677.5408903167,3000.0,0.023777625802011492,0,0,1,0
22,4,0,988.556014304903,128780.76398776053,4732.397207707938,0.017669111579820047,2,0,1,0
4,15,10,193.8742683456414,18784.72306648681,2393.5618619438465,0.1,5,1,2,1
1,6,4,251.3889203604459,14444.956644938713,200.0,0.23636451832862593,4,1,1,1
1,8,7,581.5134495296132,30926.918680482406,445.496304786544,0.32217029470995523,7,1,2,1
1,17,10,526.5554002880493,16449.279045676743,2621.8174559261633,0.1,7,1,1,1
10,3,0,1703.7266319580203,316198.834365621,10000.0,0.041026498690518484,2,0,0,0
2,8,5,333.13714815481455,19907.81765494626,1113.981243914899,0.5134412577180727,9,0,2,1
14,3,0,663.5754324144782,336101.40046812576,6319.672352346422,0.017918141596928654,0,0,0,0
0,14,10,541.245781413916,23807.152806601567,1171.030259973903,0.42200286345068616,7,1,1,1
20,3,1,1188.6968986807042,423973.3307978622,9143.241580976413,0.022812873442405197,0,1,0,0
5,17,5,617.8834985331617,49616.81944801612,1194.3733162655922,0.44224277933501455,9,1,1,1
19,2,0,1167.402453616203,228652.9950710733,6416.063993763548,0.020374834304415147,3,0,0,0
19,5,0,1895.5193443803475,100000.0,3000.0,0.022945528803089994,2,0,0,0
16,3,0,1518.4719579904938,134498.31059277456,4057.1321441551336,0.038784306986608355,0,0,0,0
0,12,8,267.85026386992087,34618.53989573031,632.1401205480486,0.14412617456490717,6,1,0,1
1,17,2,449.3356348908231,50415.761518862004,1182.983829578985,0.21562697613513299,10,1,2,1
14,4,0,815.8988302324152,425501.02168635005,3375.6834323929243,0.011416677339785068,3,0,0,0
10,3,0,1084.2255237407628,279181.2856218785,7899.318717224878,0.03865399201692716,3,0,0,0
15,1,0,1161.1113765047667,336972.8741033942,4491.839770533582,0.015867473060462555,3,0,0,0
23,17,5,566.1860243363719,23404.92286835602,2493.7454210511582,0.3947987949958097,9,1,2,1
13,4,0,1027.3005898436513,372615.9121575563,6739.344309317484,0.0204266799584507,1,0,0,0
23,21,6,342.1761497697537,26834.436306612773,1497.127840607705,0.1,8,1,3,1
3,20,4,212.7631790107021,14710.793039529008,841.8777958455996,0.1,8,1,2,1
23,17,5,198.6767195371284,1000.0,340.07954348899375,0.11699987137440537,2,1,0,1
21,1,0,1525.5144714937135,154812.63831268306,8024.224237432827,0.02361562868556187,1,0,0,0
4,20,3,289.55429151510316,32478.178276828072,1703.291944520146,0.35029259396866336,3,1,3,1
4,23,3,503.756790988832,20198.219684936557,1825.9149501487452,0.17761835290523728,6,1,1,1
4,9,9,397.60454453484994,14721.835043018576,1852.574503731198,0.155134913385123,9,1,1,1
16,1,1,835.550843251958,207521.06493945324,8445.378357525346,0.029924641950780102,0,0,1,0
4,24,7,348.7357660722178,23205.989627839073,200.0,0.28261861731579874,8,1,3,1
22,3,0,894.1812379569955,273661.0312187862,3000.0,0.018038011131939882,2,0,0,0
16,1,0,2246.9093355887835,339531.80533208523,3000.0,0.03141271441163765,3,0,0,0
20,1,0,419.0267567179368,200270.84889020905,8905.270666953404,0.006946425822993181,2,1,1,0
13,4,0,1364.843682054895,476232.16521618096,8085.818791169782,0.034231675301779146,3,0,1,0
14,2,0,1281.3658693558327,356281.09699500876,3585.0886371263905,0.02313926446629339,2,0,0,0
15,1,0,1501.6217139382852,108308.72355287158,6240.481668647935,0.022729853671425625,0,0,0,0
21,2,1,1469.1579465196583,540652.5868582209,7196.441626177121,0.00686199128925828,0,0,0,0
19,5,0,1075.2054063718713,223185.86065068116,3617.279298167399,0.0134042350874459,3,0,0,0
3,18,2,293.41464129994966,8520.836104594935,2301.6028485464203,0.2910342254641205,5,1,3,1
5,18,9,247.81272466435655,45655.50486093967,3000.0,0.11234008229232359,11,0,3,1
18,4,0,1497.924419678704,213607.52961745718,5913.554652622534,0.01879986663371486,0,0,0,0
5,21,10,265.4889913997263,29655.10676173161,1012.2138171710576,0.1,10,1,0,1
12,3,0,911.1443133484547,100000.0,4090.0933783699543,0.0236445229645516,3,0,0,0
17,5,0,572.4474827906448,276304.0860055854,5929.222411778904,0.029273001922371353,0,0,0,0
2,18,2,703.3433143962934,20940.766686486928,1370.8841243062498,0.1,8,1,2,1
22,4,0,1242.590521801931,138415.58700911625,3000.0,0.03837743615300392,0,0,0,0
3,21,3,438.0292359279329,57326.65881098063,2394.212122128955,0.19050457049713282,10,0,1,1
11,3,0,1128.097546769437,381059.37992459664,4803.248836458898,0.0038865307994788816,0,0,0,0
23,7,2,442.16866194009197,29606.07789997012,1762.1145853686844,0.10932863781712707,8,1,2,1
14,5,0,1450.956829633474,251455.18660198236,7863.0901717065035,0.0178186466974059,3,0,0,0
19,1,0,303.1113365023882,329387.62118501466,7546.897893273341,0.020612780430886456,0,0,0,0
19,1,0,1192.985636526619,296942.1467588708,4784.156548162962,0.01355823144432056,2,0,1,0
16,4,0,1047.2445426162683,245761.37363177055,7497.182596501131,0.018239321881925334,0,0,1,0
21,3,0,300.0,297429.7767490813,8268.624767824589,0.033456056842508394,3,1,0,0
5,11,7,617.1817298680606,41050.10724989375,2476.7689911850457,0.42403816532480215,3,0,0,1
2,12,9,529.7893993630105,20844.638058212622,892.4736020531317,0.23383599537029956,5,1,0,1
2,22,3,785.1903376547515,19162.2593935509,1938.8072676358738,0.2711887266857573,11,1,2,1
4,7,11,366.7482447403487,39250.29750017536,1251.8112012229092,0.23999264616211408,5,1,1,1
5,24,5,302.1666033401762,28790.159191513416,1599.1254451558018,0.2683148809768479,3,0,0,1
1,12,11,50.0,48643.36662356463,2931.0329402952652,0.1,4,0,1,1
0,16,10,180.39241381920908,34098.991843093114,1658.6781891123146,0.23607907727578722,10,1,0,1
2,16,8,378.25361417467684,1334.3560842934894,1202.511651287059,0.18519792334684165,6,1,1,1
0,23,6,70.81589579241222,10277.157207799337,895.3797489908363,0.5624518577121977,4,1,3,1
12,3,0,1085.9246213025363,593597.487463811,8069.396684956066,0.0020472057731310347,1,0,0,0
16,2,0,428.07643484357357,316492.9248786384,5352.204108946181,0.016493759894482752,0,0,1,0
4,8,10,162.40385537233482,43709.18844203967,1446.1272594091454,0.13339124769595284,7,0,3,1
13,1,0,1249.986876316674,351030.8006263434,7689.72580755038,0.029139211343042957,1,0,0,0
14,2,0,1711.3643581047552,435365.0607880588,3000.0,0.016323025527195025,1,0,0,0
1,18,8,110.43002214407312,26067.209543363653,579.2839803181029,0.13937915557140074,6,1,2,1
18,1,0,1540.753363750818,142411.14714424894,7095.978978651161,0.016792452740979482,1,0,0,0
11,3,0,1538.499403429,311976.9981540748,5237.874493677965,0.014953052267777638,0,0,0,0
23,14,4,335.41677320993546,30301.771758360013,532.4696171009564,0.20135730125839646,2,0,3,1
17,5,0,1453.6323747011904,218199.7749680184,10000.0,0.019236483418092306,0,1,0,0
1,18,5,620.9478609277903,38523.599095360936,1210.3043568384896,0.46438316313525035,10,1,1,1
1,15,7,339.83600698578624,32902.520131457786,2703.0433778045663,0.41304155357551386,9,1,2,1
5,13,4,236.83068773678679,35522.98879931781,2003.3379921459907,0.18450710246579283,2,1,1,1
12,5,0,463.1875291043725,457833.6695338702,4081.4996057974495,0.01753450545069729,3,0,0,0
5,18,11,661.3111738006693,42053.07727440227,392.1907698332777,0.17747332002386484,6,1,2,1
19,3,0,1073.5602863795796,301398.8115887713,4213.534432946616,0.0346934473848053,3,0,0,0
20,5,0,1328.7054237855605,277046.40631897683,4775.271126544229,0.017141960750237675,3,0,0,0
23,15,2,721.7321431411631,37922.05003855179,1323.6386971884858,0.364949436832432,2,0,3,1
3,16,9,204.18153746979107,29129.813952687506,345.2473882001907,0.2571990975312014,7,1,2,1
4,20,7,525.8110533547859,52982.05019987248,1226.6273347402057,0.11688146540761041,10,1,1,1
0,7,4,388.99618814605617,60759.57334240328,1738.6309683080756,0.17042908261223133,10,1,2,1
16,1,0,1169.0187970934908,223448.1503156419,5344.313917900054,0.044721714513625326,1,0,0,0
18,4,0,1173.6225566668174,323016.62035793933,8773.817668119353,0.012219513674627681,1,0,1,0
10,5,0,1112.8929901824154,344501.8659908508,7230.089203952051,0.005272139298545394,2,0,0,0
4,10,8,50.0,28087.547985167203,1931.0348142556263,0.1,4,1,3,1
21,2,0,1157.237403963703,184603.3809110131,10000.0,0.012059953453156014,2,0,0,0
13,2,0,1060.147889509311,258078.9660314313,6033.183838728855,0.001,2,0,1,0
3,24,4,421.3867328681391,14875.425858517461,200.0,0.18194704049182003,10,1,2,1
20,3,0,1110.7311036108522,341270.77672234416,7188.407462972089,0.01984018041776179,0,0,0,0
16,1,0,1472.0704320253103,366440.024902905,8098.731194035292,0.03017606484621877,1,0,0,0
19,2,0,1265.8231562514588,106363.07250689174,3000.0,0.024136416944108046,2,0,1,0
11,3,0,1033.9814765561803,355061.49637757696,7835.119620906045,0.01566751900261984,0,0,1,0
2,21,4,576.9777373105516,30055.571112528425,1344.4939722397994,0.1341335162632861,4,1,2,1
1,24,3,545.3138207183305,35161.82941929942,1339.5397473899473,0.32649494919365873,3,1,0,1
0,8,8,468.58877535217704,32988.86118793379,200.0,0.1,11,1,3,1
2,11,7,209.2268617865422,39142.778701860945,1834.3776245628062,0.24531816930037229,11,0,3,1
11,5,0,717.3673885170087,340021.8390838673,8347.891315402787,0.029990723528538665,3,0,0,0
2,11,9,351.6100722184885,4375.025569431775,762.8850679425137,0.36382169930798214,8,1,1,1
17,1,0,872.2053045397324,535612.8962677403,5108.9114932659095,0.01916277564809178,3,0,0,0
10,3,0,1350.7934803706382,427354.0730546974,7127.7064101219885,0.006641283554544108,2,0,0,0
17,5,0,354.6596827046924,224580.78812048555,4440.585114871716,0.017969775220264664,2,0,0,0
22,4,0,1380.5472125781866,318300.9950373987,5145.316775632429,0.020325970466363325,1,0,0,0
0,8,5,368.0090465250085,13820.8809905821,1558.3708298372492,0.3553458237186739,2,1,1,1
5,7,8,319.2059957212888,24155.698296950177,3000.0,0.21338964103860508,9,1,0,1
18,5,0,1097.3219887502446,221337.00284457504,3000.0,0.03611235757925507,2,0,0,0
19,2,0,1640.6881946356316,318022.8824164646,8730.915788997996,0.012668680752751741,2,1,0,0
23,14,11,610.6847886161821,41812.065919528875,477.7485292596755,0.31087185430738973,5,0,2,1
14,1,0,1159.0083107430364,332836.23953335296,5009.265644470602,0.012149492585087305,0,1,0,0
1,23,9,705.6259243952563,19600.34347562502,1234.9071776171738,0.29551840706991966,5,0,2,1
23,24,2,469.79346605076444,35063.1372897121,1672.2934748326877,0.31582914979552745,9,1,2,1
18,5,0,2045.0077163851208,265799.5731724274,5233.247251411858,0.011363844358882503,0,0,0,0
21,2,0,933.3505776127811,297455.8184521118,5497.594374281282,0.013972706512196245,3,0,0,0
3,17,7,354.0902794205138,18771.200584001377,2401.8057393673557,0.3003488037144808,3,1,2,1
23,19,2,241.06517774943137,6174.394016072849,375.7683777087409,0.2373662289825808,4,1,3,1
2,21,11,561.8719702028187,41337.13790526238,1154.0317058129117,0.33612825194250845,8,0,0,1
23,21,5,50.0,34631.63555086716,2544.754732884011,0.27753369112496123,5,1,3,1
21,4,0,1307.6070111086165,234578.7884261654,5426.020165079837,0.03146566836303039,2,0,0,0
1,13,5,50.0,46321.26542707025,2027.2130528553475,0.1,10,0,2,1
17,1,0,1216.7196338917988,388817.5747013493,6572.313767799092,0.020605657568891995,3,0,0,0
20,1,0,1112.9591056882748,467240.6032120158,9559.223147470022,0.025173758791795085,0,0,1,0
4,13,8,131.41861912159777,20975.519081700455,1656.8854323463913,0.3275164241074747,10,1,1,1
1,24,4,633.8130737780319,1000.0,1091.6259333813455,0.20783123863753247,9,1,0,1
23,18,6,190.04717402264438,24537.897989212943,2796.6293496426556,0.1,3,0,2,1
22,2,0,1168.5560792986971,295045.3982204479,3000.0,0.007894413536944884,1,0,0,0
14,3,0,1054.9352114575686,441167.20638553426,8131.158888971135,0.01786359753173763,2,0,0,0
14,3,0,1011.3701186573855,263037.8767619953,5789.240511045686,0.0034332603524618137,3,0,0,0
13,4,0,573.5877535933549,269633.4221086797,5951.367890451966,0.020302086090780956,2,0,0,0
1,13,5,447.6828785583086,42299.909930252434,2082.0012110058187,0.13483170091113172,6,1,1,1
14,2,0,1149.3356473876902,236338.23790558876,6457.658718357938,0.0290693931969979,3,0,0,0
4,16,2,569.8959771674068,37815.25658928217,518.2747414428178,0.24389957671111204,9,1,0,1
5,17,2,401.17393498833127,38159.461665482595,2545.3543341404347,0.32390659955082846,11,1,2,1
1,13,10,525.5467406506683,3182.410907457368,2940.620357778166,0.2730301427781593,11,1,3,1
18,5,0,612.1495795413947,301431.95077972295,6871.128950807343,0.037733464727707555,2,0,0,0
10,2,0,1365.6937677206115,283079.02616743726,3457.2562978669375,0.013145363682933394,1,0,0,0
17,2,0,974.9792905525067,196280.53022331517,8462.044101381118,0.027206995922338915,2,0,0,0
1,15,11,568.0896704469217,20970.04408319763,2351.776513461496,0.1,8,1,3,1
19,3,0,1484.874663050815,339514.4333156906,6699.115308368379,0.014634293141054624,1,0,0,0
14,4,1,1464.289529783595,296800.89034636016,8232.28202586187,0.014019354427346118,3,0,1,0
4,9,3,736.2737820553571,44624.09110741044,608.3284072926137,0.1924496002903913,4,1,2,1
4,14,10,724.3978469591136,28604.375148470874,774.49032589326,0.3496190346110292,6,1,3,1
15,2,0,999.8012600620857,373095.9366313544,3964.56727900956,0.034824136509407196,2,1,0,0
14,4,0,976.6319326049868,198983.32803837582,4705.426375133657,0.023985533514915704,2,0,1,0
12,2,0,586.7949330969077,323321.4560248347,7679.984332740772,0.02442268522359608,0,0,0,0
19,2,0,1334.0701936402784,403032.8732250155,3336.130165149258,0.030705335735578865,0,1,0,0
17,4,0,1294.8836805102635,295891.7760725715,4757.712242021196,0.012462887459628817,2,0,0,0
1,12,11,427.51880958433117,45192.08840077639,832.7803966606623,0.22319311891094407,4,1,3,1
0,7,5,50.0,11239.60535034829,2440.050637749072,0.14784612198772384,7,1,0,1
2,17,7,436.80729931504175,22956.940682559245,1035.704310166292,0.3023382999148221,9,1,2,1
12,1,0,429.00702898636246,212593.9517600285,7413.577674387914,0.010944185035532556,1,0,0,0
4,9,7,335.271018635902,42362.7325653585,1982.4064451912463,0.6177097894798012,6,1,3,1
18,2,1,1000.2515182723382,395062.4545170166,4195.9144374009775,0.015559864047431118,2,0,0,0
2,15,3,540.7208666388987,14042.1816528982,2489.3379085153238,0.1,9,0,1,1
12,3,0,2014.7488687183263,430564.6368116193,3000.0,0.00720676430118054,2,0,0,0
2,18,4,638.3646037705643,23989.448128640695,2610.859170444536,0.1,7,1,2,1
16,1,0,1750.7543544703399,219168.0461402476,5194.794905954069,0.0043619814496305975,0,0,0,0
0,23,9,50.0,38270.658019520415,1877.3003673632095,0.2769833834392948,9,0,2,1
12,1,0,1036.1228494826605,320820.51086688373,5706.0291427565535,0.017774671173323132,1,0,0,0
2,15,10,772.5365102541792,17437.6082212645,2043.4315573376985,0.14541504060315014,2,1,2,1
16,2,0,1432.8013417714465,266732.9201487199,6204.409018840909,0.03564957635028676,0,0,0,0
17,3,0,1402.674951807674,524243.1157460938,7073.427172597626,0.01834261715210517,0,0,1,0
5,22,9,338.296803075806,40787.17147151013,1681.9902597517817,0.4207405083786223,11,1,1,1
13,2,0,1116.1648935188334,354648.72790777334,6482.130802470166,0.0036879447280833214,0,1,1,0
16,1,0,1128.3563396584777,205121.59144230472,6595.732011628115,0.02031416212832192,2,1,1,0
17,1,0,723.1833823352272,384485.35900250426,3000.0,0.018188457089348634,2,0,0,0
23,12,2,101.24085983024054,16919.121424915782,2667.388395572383,0.29336949876906726,10,1,3,1
14,3,0,673.4015442785239,287209.8091501498,6753.707769831623,0.020117944197294357,2,1,0,0
23,13,2,373.2299627565525,22851.277283891464,1428.6059573437365,0.40901374490357545,11,1,3,1
12,3,1,799.9329794205019,212772.5904864603,7805.241357465255,0.03888779783764972,1,0,0,0
11,1,0,751.2604622607452,300522.1415342271,7382.494017732412,0.008303285248339802,3,0,0,0
13,1,0,1654.2565070699225,258927.11100225354,7110.823051698557,0.024522207766654845,1,0,0,0
20,5,0,583.4845356392168,298621.658801327,3380.0339276881145,0.02207691123901323,1,1,0,0
0,13,7,356.07565923784114,14845.648781178012,796.0773581212352,0.1,10,1,0,1
0,15,11,594.5863171714706,37668.74111168645,1454.1058081561314,0.28654446096733044,2,1,0,1
3,16,10,52.775957983446176,42550.73192835808,1617.874593509928,0.13385131798548985,8,1,3,1
19,5,0,639.1926017408493,100000.0,4270.5901428800635,0.017222646111335074,0,0,0,0
1,20,10,50.0,34135.77827366808,1302.9512890657936,0.2430860358018843,11,1,3,1
19,1,0,1118.3038041339312,221439.27188755365,5125.484233560561,0.01851571123549352,3,0,0,0
20,4,0,1085.6576175370278,391676.82707243727,8838.125024784964,0.015377362169381938,3,0,1,0
3,21,9,119.69134591818448,30313.62184699157,2387.8939048851735,0.2749056325229907,6,1,2,1
15,5,0,973.9862958134026,303577.54852957855,7204.456869897755,0.010388930905742584,3,0,0,0
12,5,0,619.3641685800452,199096.38363315028,8483.682310316432,0.001,3,0,0,0
1,10,6,298.9138230731194,19529.17846162479,200.0,0.15974335938702236,3,1,2,1
2,7,3,163.49044074038957,3895.7626705851544,2097.9195632977285,0.17980542598581564,11,1,1,1
13,1,0,1412.8129301690665,293304.06660985743,4729.0045183997145,0.015710489403110168,0,0,1,0
5,17,11,558.906503140639,43397.73689555052,1656.7072878016893,0.1,8,1,1,1
17,1,0,1277.8592015623228,412667.6679430129,3000.0,0.011694209318518818,1,0,0,0
20,5,0,831.0703774929054,465611.4892880357,5851.640720313228,0.017152043295653518,3,0,1,0
18,2,0,675.9184633845078,246417.9344280758,4863.588851583683,0.016031242871664485,3,0,0,0
21,2,0,813.5431884840655,303057.75480135763,4178.52025682114,0.023198639370808977,2,0,0,0
15,4,0,1024.7393977516854,175175.9416547122,4746.395644856097,0.026558628245023655,1,0,0,0
5,12,3,167.39589004636827,40205.42182852806,1756.655855053191,0.5830285102973607,5,0,2,1
1,12,7,190.88636418192215,40661.01263346181,2359.6692120485814,0.2489044716845028,11,1,1,1
10,3,0,536.4357668466871,413950.90852038306,7653.372042215826,0.015256008386296087,1,0,0,0
22,5,0,884.9794124147114,346406.46677051735,4717.982912923014,0.01556701723839608,0,0,1,0
14,4,0,927.8629523600505,176890.69407342302,8729.714775171347,0.030072199973405746,1,0,0,0
14,1,0,689.5129267595396,422587.9048224204,5242.391051831895,0.027201674382073684,0,0,1,0
2,15,8,487.8868974580177,25844.470111993898,2278.9195129911245,0.19409809462525557,7,1,1,1
5,20,5,260.27158901224715,21958.022421835325,1798.086437402132,0.22823693478417742,9,1,2,1
11,3,0,1156.3648411533304,426873.6457129773,4057.6217867891046,0.01507080038610508,2,0,0,0
2,14,9,50.0,30476.225182485126,766.1280892536132,0.5037925785844783,4,1,3,1
23,12,6,358.31490892823416,13967.329283023895,997.7961533548798,0.35186095736246303,2,0,3,1
19,4,0,1203.4084290953567,211088.92839329975,4036.41529945426,0.028403499483518235,0,0,0,0
17,4,0,1134.976153009972,299602.4328713417,4316.356393619552,0.022989086772907116,2,0,0,0
18,2,0,1598.249736902309,233439.44220908778,6750.1751434676935,0.023266450993865605,1,0,1,0
4,18,6,289.2212613390673,30571.358369102523,371.7713239898228,0.38178744129621556,5,0,2,1
20,1,0,1329.2166495149518,419446.48053276667,4870.239906550492,0.04961659948593396,2,1,0,0
23,21,11,416.18214766383795,21935.35831566671,3000.0,0.3075925096977835,5,1,3,1
17,5,0,1235.0813990897325,298980.5872151093,7823.017973770394,0.011884680787004043,2,0,0,0
23,6,3,50.0,31002.26367738092,1358.9785625417644,0.1,8,1,3,1
10,2,0,1412.1169436263774,296877.704117613,8447.864697732253,0.02811019465825349,3,0,0,0
0,16,10,479.69049892225996,32633.99308143295,1288.0881667470403,0.2841270145264758,10,1,1,1
20,3,0,1195.514804727084,332237.0399727584,4287.631091910108,0.027223061954104108,0,0,0,0
23,7,10,526.3366481483075,33837.63444029965,1621.8899548046982,0.26935701759885566,7,1,1,1
1,9,3,768.9469879652775,53326.23594372986,1079.2057945216525,0.428181521222736,11,1,1,1
4,22,8,316.52479715438443,28861.914124855837,986.3617914921648,0.16778463644434694,9,1,2,1
17,4,0,1156.289395112644,290598.7755899075,10000.0,0.009624003044421028,2,0,0,0
21,2,0,1955.0746316032178,373586.3743761935,6087.975383267895,0.025228740198546973,2,0,1,0
1,8,5,578.6046538176655,45259.79700227521,1451.205597587443,0.1,11,1,2,1
10,5,0,1400.2993463907367,109377.93184068977,8611.41780643065,0.037543893602728376,3,0,0,0
22,1,0,1131.019695188684,500814.1936137437,5901.700424922889,0.030257894298342157,3,1,0,0
3,24,2,516.5675478097781,23681.06979041029,200.0,0.18017274080357448,2,1,0,1
1,13,8,50.0,26211.839257158852,1538.5870850575989,0.12165299083409697,5,1,3,1
16,1,0,1282.4836833231354,404836.4885635423,3000.0,0.014953077846566163,1,0,0,0
21,1,0,1056.7208034848895,217548.14465329266,4995.414659845846,0.0076978278652143454,1,0,0,0
11,2,0,912.0964621092461,325949.2721030846,5735.810046087504,0.021669595244526975,2,0,0,0
15,4,0,1335.988143827696,419429.4570220061,6402.449862041923,0.035173161324002236,3,0,0,0
3,10,4,470.9359923500815,17328.882317409887,2480.010325402613,0.2782521830867151,8,1,3,1
1,17,8,443.94274216301716,49279.32625985211,1435.300879048019,0.3346016036637548,10,1,3,1
2,22,10,745.3335066133959,24009.18607191325,1815.845152998677,0.16458225713435137,4,0,0,1
2,9,3,551.8748453248752,13979.583067801024,3000.0,0.1,5,1,2,1
4,13,2,559.900548417028,52697.61662346609,1647.589440850997,0.1015872081079609,8,1,2,1
2,8,3,466.3339288893014,20037.833628939276,1621.8349634791414,0.5403804780709305,8,1,1,1
14,1,0,613.5443466833434,140867.5393278128,4278.415592495944,0.021004523093132377,1,0,1,0
15,4,0,2066.3518965564763,370625.3373594852,3000.0,0.012399690915184385,0,0,1,0
16,4,0,1056.8132444986409,401831.8594558966,5986.238133998933,0.019558839923282084,3,0,0,0
3,12,7,907.2969061815062,35753.47498138328,240.15391573475245,0.21269946969415218,3,1,0,1
23,20,3,533.958199255678,19500.61217007081,1375.7824116350805,0.1,3,1,3,1
2,13,9,515.0418182116726,40044.959296571295,1561.6957844944184,0.16988490250088042,8,1,0,1
14,1,0,1185.003691310072,242087.59578644513,6313.040935936957,0.005351761392288424,0,0,0,0
5,14,8,87.18823610841827,32399.24794158937,1658.7285585660163,0.24041010302715016,10,0,2,1
11,1,0,390.0186660427131,434609.35524432734,4690.307294090453,0.025966205163817785,3,1,0,0
15,5,0,434.32533090367815,300082.0628343032,3000.0,0.020170015829870148,0,0,0,0
2,16,7,355.16375349547377,12887.272011569876,1640.1771434939726,0.4190849066910202,11,1,2,1
17,1,0,1324.2468913864593,464075.2258272758,5430.101814606842,0.022273458035253452,2,0,0,0
20,5,0,1933.5215437455126,277010.95973519376,7375.325247590031,0.03270998576242122,1,0,0,0
5,23,10,553.8661231144241,47992.618042538175,2179.549077855895,0.5111361477781307,11,0,3,1
23,19,10,421.42776686097125,20044.913259549143,1698.137572797358,0.33776729477594564,6,1,1,1
2,13,3,198.18763396718157,29828.35401987839,475.4716451661077,0.37813144242501556,9,1,1,1
22,1,0,1327.220619271584,331447.46111207467,7789.673376289135,0.01329573411630074,0,0,1,0
10,2,0,1513.1227299969694,382324.7501712518,6149.551157166957,0.01711465890815524,0,0,0,0
23,7,6,192.7885006181143,22309.507631592365,2515.6768402238076,0.13133090236271958,9,1,3,1
2,13,4,358.84913133424794,40893.5095330289,1719.0901822725643,0.11727265602086462,7,1,1,1
21,4,0,677.7314611855033,193055.6013604443,8143.0879403412655,0.013108165086237362,1,1,0,0
2,21,7,783.7216521032466,28612.48496972276,1786.2357649501391,0.3580124972994051,2,1,2,1
16,1,0,857.8612017042931,384081.8905675711,5408.540258258394,0.037059709782777825,3,0,0,0
13,1,0,1361.0559827968013,367071.8322435774,7444.818335924897,0.008244916869494016,0,0,0,0
23,14,11,476.38284424687595,44595.295417005065,1469.741842954717,0.11855078092218391,10,1,1,1
10,4,0,983.0600105558746,337525.5256743957,3761.6763313871047,0.021777912717711654,0,0,0,0
0,20,5,209.6232262481732,29786.226690205534,948.6321795767582,0.2648712642809026,5,0,3,1
2,7,4,343.6689240489873,19938.318420552314,1867.5176543238813,0.2543864068643418,8,1,2,1
3,6,11,449.56986346178354,64164.487006410556,256.06057724572725,0.20469767771020392,9,1,1,1
11,4,0,1420.8474740979982,256193.1081219006,7505.890105060607,0.034144844412582524,2,1,0,0
20,2,0,1125.639721929733,220225.8501543514,5847.48740736814,0.029243900462155668,1,0,0,0
18,3,0,832.79669395412,148334.2071282745,3000.0,0.007216123621330386,2,0,0,0
21,2,0,1192.3052955743763,239052.1807490593,3000.0,0.020026700897065264,2,0,0,0
3,20,5,604.1063314892484,30496.218410292466,2217.9239029642913,0.26539626465202093,2,1,3,1
1,8,5,630.1881645748003,35524.38867711235,1953.480761208983,0.44397825537636904,10,1,1,1
12,4,0,1691.0318020268494,215295.3180831387,3000.0,0.010896072870885079,0,0,0,0
18,4,0,1185.1851277603462,252413.6936863549,6393.829604814089,0.03228813115353375,1,0,0,0
20,2,0,2234.316250887191,247710.58377066746,3000.0,0.008849442859388023,3,0,0,0
1,7,4,500.9554384637338,30618.705036307925,757.873666295186,0.29305825930420965,11,1,1,1
23,8,6,314.6600129067812,25096.18392567103,1270.2962885634745,0.34288809602164816,11,1,2,1
10,4,0,948.3375255513205,431907.562805922,6569.678602372979,0.015736974818207468,1,0,1,0
18,3,0,921.2535942186987,218605.13781499362,5636.6342779836,0.016579944084353412,2,0,0,0
15,3,0,1402.3241062574639,417802.5683192288,6239.968767676264,0.022817080039994976,0,0,0,0
18,3,0,1652.0648743436655,314138.0676301325,4403.475583521746,0.03704227494492962,0,0,1,0
0,12,5,170.78597338958053,37730.972565193646,1004.403458079867,0.17019951540421904,3,1,2,1
5,17,3,220.07984843820088,53093.11149174343,1474.093988754115,0.29653698707274034,8,1,1,1
1,12,9,401.4854020778128,28010.297467613662,1167.4039981504507,0.15010350395890198,8,1,0,1
14,2,0,1334.724508954986,394855.4299654241,8893.483474035707,0.010278723710060451,2,0,1,0
23,16,8,601.1983602262492,50489.92440953848,200.0,0.30182114900072926,4,1,2,1
20,2,0,1382.1567776410077,201788.6124085632,6106.904331521273,0.034380308869204644,2,0,0,0
2,12,2,385.9505185186179,26357.968586969248,1201.343937525615,0.10556853391459015,2,1,0,1
12,2,0,1108.175930798512,357943.3092965563,5873.994898086789,0.03133799919695437,2,0,0,0
11,4,0,1994.5642305093008,157773.98177898308,4986.973207807021,0.027319924316095655,2,0,0,0
11,2,0,499.2976332840468,423677.18895022065,4413.182697934364,0.019190744390414037,1,0,0,0
5,16,5,60.33422012391469,55431.50966645329,1283.7075410014195,0.1,8,1,1,1
0,23,6,477.8858228749201,55596.167089879586,1674.9367463238552,0.1,4,0,0,1
22,3,0,1341.5803177507928,260162.78629222623,7128.550421298065,0.01615631325371707,3,0,0,0
21,5,0,1149.4536007775446,354813.8380582563,3642.0401123790784,0.022838154354316867,2,0,1,0
11,1,0,1067.7075116806886,333672.29815965,4023.915475498082,0.02475105578419808,2,0,0,0
0,9,6,556.2931582186009,3790.646468149771,1851.7033826970182,0.12213852131507313,3,1,0,1
16,4,0,1534.820401694209,256296.77076705365,3290.7891316834953,0.019194901310554863,2,0,0,0
23,8,2,50.0,36661.15169757894,1912.7765252977347,0.2818399119529985,6,1,0,1
0,24,11,288.41530220846084,32201.95659090804,1601.9551233995755,0.42562681801065855,6,1,0,1
13,3,0,1802.1286079890256,331094.0445766646,4308.9532168292435,0.0031333443129716275,1,0,0,0
17,4,0,961.6370236747814,121175.25141157812,3663.732151615293,0.005871898200578122,0,1,1,0
20,5,0,992.8778938679535,176768.74739773013,7999.617967258209,0.04094651453106152,2,0,0,0
1,7,10,856.2876793033167,45540.84531520476,2334.3994419926657,0.4704614298308773,6,1,2,1
1,18,9,664.6308611808989,37946.14444465326,1334.05182791057,0.1,10,1,0,1
2,15,3,50.0,22178.990154762978,1081.3052912847043,0.1607342022501423,10,1,0,1
13,3,0,1175.1279782717693,394886.5245446841,9050.94084338649,0.008600977862913138,0,0,0,0
15,3,0,989.3481548413865,389528.7326900595,5317.487959357415,0.012946303950548745,1,0,0,0
21,4,0,897.7292645084406,278765.10859656526,4904.960825187241,0.026935061974390734,3,0,0,0
4,19,11,50.0,17868.086231726476,1328.2409641589566,0.1,10,1,1,1
5,16,2,534.6102663970851,1000.0,1998.789535382495,0.4409021128751249,2,0,1,1
18,3,0,744.7016215760281,344050.71726036235,5790.269537877949,0.027586471755938275,2,1,1,0
2,23,11,426.4525189107913,23266.423668606607,1148.76540418371,0.1,7,1,3,1
23,21,5,413.01047131768064,18046.919127114626,2383.9213512868337,0.36159572690071823,5,0,0,1
0,7,8,617.5246174096462,46423.230367674434,1517.9823665735007,0.35135129503956447,9,1,2,1
17,1,0,1446.3419192600345,240324.1681980709,5565.071093927269,0.021330619653804943,0,0,0,0
13,5,0,1370.2165177103122,142860.4405517026,3016.5566230927393,0.0199470127057974,0,0,0,0
10,2,0,1109.911064655623,452336.8553129795,5326.172764264631,0.03714326834677093,3,1,0,0
12,4,0,754.9181619973996,423264.75043818436,6853.045796644863,0.022595671505849613,2,0,1,0
3,14,4,555.8681030234682,45724.05011423622,1578.364226411215,0.15192517802350305,11,0,2,1
23,16,7,434.35528913168173,24060.84580109564,2399.4148067998985,0.1,4,1,1,1
11,4,0,955.6940371470832,338334.2139705128,3000.0,0.009326302486614407,1,0,0,0
23,18,7,560.0591878529973,24207.935062122026,200.0,0.37969094544091686,10,1,3,1
17,3,0,659.7348955337493,458966.1565843391,8037.864035567198,0.009475093790285573,0,0,0,0
0,10,2,316.32553014286646,51489.64878118504,1027.802246088385,0.10280751008964775,8,0,2,1
2,13,8,642.689661838805,17584.94800774032,2222.4628613708855,0.24246535849934037,5,1,1,1
11,4,0,851.024760559329,372710.7373515545,8953.72667672734,0.00219826088265963,0,0,0,0
23,19,11,452.58992398007473,26974.37658781568,1988.840041552864,0.1,6,1,2,1
16,4,0,1232.5504128072798,264861.0532085208,6632.924997618572,0.01922284452988198,1,0,0,0
16,5,0,1399.092043823597,370238.57243546087,4934.637386171259,0.025825559601380933,1,0,0,0
0,8,5,50.0,29486.758958067898,1261.9839723061302,0.5031567756212302,4,1,2,1
3,24,7,385.01705546472476,55946.62972923318,2174.1456426087566,0.294353962576237,10,1,0,1
23,11,4,358.89640683619456,37224.12358024934,2017.951187700141,0.1389789327458747,2,1,1,1
11,2,0,1361.9462771854437,277459.60062611185,9288.48748579517,0.01410577777222243,3,0,0,0
18,1,0,985.1362150077348,478350.001329629,3000.0,0.029034402784012314,3,0,1,0
23,9,6,152.78164523441893,18635.929774528522,2259.8144431866913,0.32013536926265534,5,1,1,1
5,21,7,527.5568636934672,58942.619932597445,549.7336843660624,0.1,2,1,1,1
2,13,11,521.9392625398068,24812.33355062937,1079.4371012792815,0.42089510374215244,8,1,3,1
17,1,0,1070.2711836359217,156182.30966043682,5011.207863834469,0.011934143225282254,0,1,0,0
1,17,2,524.0692217172616,30440.538535508636,1732.694324586929,0.4038049269266721,4,1,2,1
10,2,0,926.1135382607729,273180.2369408588,3000.0,0.018193946828076592,3,0,0,0
0,13,8,496.7231806771211,26931.76409639987,1969.0535970531773,0.1,2,1,3,1
16,3,0,1093.6578818212565,325044.2593515953,8637.41269942994,0.03586952110879676,0,0,0,0
12,3,0,784.2513576276081,166823.10096121073,7465.718565093676,0.011594393309391148,3,0,1,0
18,5,0,1452.9834744592706,307245.31298109377,8731.347368954273,0.012009702759611182,0,0,1,0
1,24,8,351.74139715527303,12067.750576895516,1587.6175624262798,0.20564497700007017,7,0,2,1
10,5,0,545.8936456040525,285255.1092219478,3000.0,0.028020299352709575,1,0,0,0
3,15,4,230.82122667666533,23212.38441759118,2768.6341961400767,0.3208289480079055,4,1,2,1
17,3,0,1438.62893795342,278527.2606209492,6374.2948394360665,0.018331140931503186,1,1,0,0
1,23,11,402.6705997564504,24816.84642456782,1436.012381630769,0.20629721376481758,11,1,2,1
2,16,2,490.9227384340961,21655.717617021954,1967.2818490343532,0.26551426088510033,10,1,3,1
5,20,6,265.789671672382,61860.594949270344,787.7560943928279,0.27896325953671136,3,1,3,1
12,2,0,1530.8899227494994,209673.62948945136,8921.05058695127,0.0032684022836169772,3,1,0,0
15,2,0,1529.8060624074385,209224.33125256325,8394.805222797098,0.008169233156907768,0,1,0,0
11,5,0,905.4508990575999,264532.25564271264,7206.988402128198,0.0208327786700027,1,0,0,0
4,21,5,639.9587045716776,24603.05788296338,1935.939859727745,0.2827329812806592,4,1,3,1
14,5,0,1292.4453084198049,386378.1903166858,6481.605274131511,0.015321547665682283,1,0,0,0
11,5,0,592.4061665778341,310115.4294699564,6115.040845933273,0.023367964522784418,1,0,0,0
14,4,0,749.9803761810748,226299.83151972498,3688.5174527980175,0.021970816169821477,1,0,0,0
17,4,0,1191.8293031011954,273881.4681202007,5605.864994779073,0.02926789155018808,0,0,0,0
5,12,10,384.0471963796217,25513.79888305944,2358.8055886620546,0.23043846213359923,10,1,2,1
1,12,11,526.3703922559068,15802.348120156154,200.0,0.23956669945579437,11,0,1,1
23,20,7,413.3311904060868,60923.192390585,1478.4734239420907,0.23793025226554554,10,1,2,1
19,3,0,946.7858397753273,290247.67743180506,9671.160875712168,0.014179949041147978,0,1,0,0
17,1,0,708.6037294476371,431605.5960209627,5299.42692121196,0.026171596731504206,0,0,0,0
18,2,0,1008.2664890018473,284479.6087133242,6828.890900664371,0.024900315763292435,2,0,0,0
3,11,5,365.92281249336537,7719.518681466467,2452.125846668466,0.13276350508839072,5,1,2,1
1,18,10,695.7249958251252,50751.04048985633,1446.1150991497998,0.39998455037027814,3,1,1,1
19,5,0,1233.1497815969324,130524.94751471409,6307.170000069258,0.026454695249490047,1,0,0,0
10,2,0,1156.3627166894985,276260.28732343565,6510.693775490255,0.02219809150678953,3,0,0,0
21,4,1,1008.103241881775,204263.23682838402,5852.4791174552265,0.020115097095603805,2,0,0,0
18,1,0,1105.738639793919,392574.4600702571,6737.771003100363,0.019745817153792512,0,0,0,0
5,10,10,141.59973614647225,22690.8631875498,1356.9977276002567,0.24453106698082658,11,1,0,1
14,5,0,1642.192540936846,368430.2584138467,6714.829240584821,0.012899757532957594,1,0,0,0
11,5,0,1027.3117271642323,249431.16068915493,8337.130084017652,0.019552207764451164,2,0,0,0
2,15,10,409.67315107243564,36817.04996335862,1928.190196834019,0.13542987127267958,6,1,3,1
4,13,4,495.4266667984731,1000.0,1983.9729914604827,0.4111764774294395,8,1,1,1
3,6,3,302.73255980414234,22888.540571777972,1458.5933736208785,0.282862181392828,8,1,1,1
12,1,0,846.8086504374228,318820.2088422817,5852.578971739749,0.015138268129361001,1,0,0,0
19,3,0,1155.6641851229085,426429.4587115343,7618.122441929891,0.03384056377326512,0,0,1,0
0,12,6,450.50402778444516,14460.646864545444,925.8027038163876,0.2859838476843692,8,0,0,1
19,2,0,770.1289608067574,198640.24494892667,5118.6616534542245,0.021636059096177884,1,0,0,0
18,2,0,1359.1580373863794,242325.21745311224,9037.097112889207,0.001,2,0,0,0
20,5,0,508.0377210292829,308979.6086989944,7533.111591916287,0.020354366500479098,3,0,0,0
1,24,3,293.6033875280353,23583.759295066164,2040.3489979711599,0.39791705623881307,7,1,0,1
16,1,0,1077.05550346086,176853.18295713153,4013.1003159345837,0.013289128015969478,0,0,0,0
15,5,0,1359.3995114913623,234040.84961136198,8092.657231392551,0.030039546833909483,2,0,0,0
18,4,1,1907.102943184084,244579.7545047421,6529.545565980782,0.024732027780727618,3,0,1,0
17,2,0,847.3304566567265,234770.0595505437,6338.658221327752,0.01880764582622472,2,0,0,0
1,24,10,82.32430264612645,26390.004887439245,200.0,0.3660098746633885,8,1,2,1
2,23,7,384.5304850781067,25218.814451902537,1567.6946787543302,0.28626547534017616,3,1,0,1
0,22,10,258.05768425394774,18471.834693446486,2122.3349783192834,0.1,10,1,3,1
2,7,10,246.0244107859676,10858.719401227125,818.6616213411913,0.2806901849694556,8,1,2,1
16,1,0,1304.4159930347628,308033.17615192255,6898.515512157746,0.014146801771682,0,0,0,0
1,20,2,600.3353206348877,8970.76365317605,2103.8706401330273,0.35347893156301635,7,1,0,1
23,9,6,69.44680705001252,36349.30562538793,1242.8455252417739,0.28136557355123104,7,1,3,1
12,2,0,1347.1352773595586,299203.1975138786,5640.897821813249,0.021312679917282588,3,1,1,0
4,10,9,50.0,57591.52724415741,1843.273781822274,0.240187276758879,5,1,2,1
10,5,0,1213.9076058373073,310789.96982674365,7539.073828989397,0.008310086418312976,1,0,0,0
11,3,0,1050.3469274035854,173380.40900363337,8258.673584326198,0.017300249342410194,1,0,0,0
13,3,0,1376.0591442799034,339231.82190045336,7946.397393803645,0.021313094153944584,1,0,0,0
10,2,1,1721.9097336173636,268382.0747424383,3065.8982204787885,0.019782750039557633,2,0,0,0
14,2,0,1378.6562006621543,436993.6719868268,6356.935134914125,0.034763887095906,3,0,0,0
14,1,0,1884.1001564469257,247500.3673151755,5082.288783623511,0.030317966614850235,2,0,0,0
0,13,5,552.4777021335135,16909.799618056324,2931.619917922746,0.1,9,1,2,1
5,20,4,692.4243530492618,42103.07910922787,1213.5673371377386,0.19150037062312358,9,1,2,1
11,3,0,1135.0595567339528,388136.44317524275,5754.899138162074,0.013734588855893824,2,0,1,0
12,5,0,1502.419110392324,253940.65296732768,6778.75159974972,0.02321611968498048,2,0,0,0
5,24,9,601.6006699273406,30110.032360102698,1826.9066257050936,0.1635774580549494,8,1,3,1
2,14,8,376.789457789326,43357.05907796086,972.1101957780945,0.1,5,0,2,1
12,1,0,1100.3797755201253,305332.79658494383,6602.592698631476,0.032900650358766784,2,0,0,0
2,10,11,183.22248800640733,15849.72294241411,1572.0159964288277,0.3936757765471828,4,1,1,1
13,4,0,970.9243238288141,365829.7225203948,3491.524930645208,0.013419560762465758,0,0,0,0
14,5,0,568.2988090270013,145755.4916484273,5612.829846592999,0.010363439724375005,1,0,0,0
0,18,6,628.9336582428571,29775.40476686103,1160.0058791861645,0.21322307209226893,3,0,1,1
22,1,0,1341.287672732318,402139.9768881838,5368.75243398668,0.001,0,0,1,0
3,8,3,264.15066883119084,29297.072431236298,200.0,0.16199023864871925,9,1,0,1
18,3,0,1267.1449574427043,113652.7184091694,5190.91672610257,0.005501234879890501,1,0,0,0
13,2,0,1068.9525335737937,184538.31756456348,3000.0,0.014219643250254183,0,0,1,0
4,21,11,450.941172615666,21634.588965007053,2061.168432291136,0.3081457658967556,5,1,1,1
5,22,4,755.7115140600022,15203.259684036693,1753.9837565274706,0.35545954018395465,9,1,3,1
10,4,0,1851.835446972774,268625.8165101764,8483.941529830201,0.01858712687910061,1,0,0,0
5,24,3,62.851674152890496,33147.64617412183,1489.233062133736,0.1,3,1,0,1
3,22,9,233.50901890343945,42528.077000430145,1222.918338638064,0.30520722888145013,4,1,3,1
18,2,1,1403.950393162704,304104.43281038274,7701.474097118198,0.021444182886729557,1,0,0,0
21,4,0,1375.8263098663758,297652.29228112206,8597.860651464274,0.01972445689744523,2,1,1,0
22,4,0,1256.5917365935215,134426.54895020457,5696.052332291422,0.03629887868592979,2,0,0,0
10,4,0,1338.8185830387483,100000.0,7643.404245029638,0.02292499273717785,1,0,0,0
13,4,0,300.0,272541.17544489604,5132.905655849214,0.03759547271829562,0,0,0,0
1,16,8,456.96591042442253,30972.070609447408,758.7981062274903,0.20345776955936384,6,1,0,1
3,13,8,428.7990937888508,62360.12819659005,1170.4819280438292,0.40421802357194314,4,1,1,1
3,11,10,467.0312399684858,32886.99576693049,1310.2101710223078,0.1974601574438853,4,1,1,1
1,6,4,377.40321600853514,58592.1947015693,2210.566504658567,0.4559233638112764,7,1,3,1
2,6,8,476.33297473248217,32389.262000458275,1727.357240379671,0.11073921333448894,6,1,3,1
0,14,9,175.26114314502567,36028.10964149701,1837.5812575941004,0.4069303129321716,5,1,2,1
4,12,5,357.6294364870226,21804.112567478714,1399.0116452841207,0.1,7,1,0,1
21,3,0,1551.7386188108374,252920.2510292129,7958.860704699644,0.025838627434687643,0,0,0,0
11,5,0,849.8911605699992,462564.79366270767,7002.938548406518,0.02308945999250318,0,0,0,0
5,6,11,347.8133079756324,43325.01298264335,2249.5360702245407,0.18540741861682555,11,1,2,1
11,4,0,1346.0791633645697,291662.21104100917,8177.587266261078,0.011117427609870388,0,0,0,0
12,4,0,690.1916504459477,455383.3142295679,4469.820423214078,0.02123712251616012,0,0,0,0
4,24,11,414.7267386266978,68907.44855582672,1738.8468670904776,0.5193957490296129,4,0,2,1
3,14,6,634.3071881067123,40787.3601143385,2191.319195674484,0.21463332173568878,2,1,2,1
2,24,8,54.93209677298597,45591.82490604154,3000.0,0.34051417693309827,3,1,0,1
3,8,6,713.4077148662661,55343.45479944446,346.4832118863153,0.4206829417150979,6,1,0,1
17,1,0,1383.997846565222,408208.4197153033,4841.900547037726,0.03788689666249781,0,1,0,0
0,6,5,362.8084165566377,30321.615241120006,854.5519695071312,0.4295879338345665,6,1,0,1
10,4,0,1987.881071620448,159448.1068882236,9196.575120968075,0.015161207992926373,1,0,0,0
4,21,5,638.5859345948719,33505.79821847354,1987.0812431721024,0.1,11,1,1,1
4,6,11,484.2138246263257,16495.58400981006,200.0,0.2299386977788556,10,1,1,1
4,8,6,451.0523634512,32112.66570365304,666.3486042785643,0.16144236190609013,9,0,2,1
15,1,0,805.450163179063,400363.68783691153,6249.564526785288,0.003971082347360419,1,0,0,0
13,3,0,1914.3775393078363,306954.78367028455,8147.772832296139,0.001,1,0,1,0
21,2,0,1291.9035967771017,375853.57401050976,3077.219872128492,0.024213506823007963,0,0,1,0
21,5,0,1519.325294760455,479232.1330992446,7733.147247646641,0.024744351821891244,3,0,1,0
23,11,10,430.1696898911528,32438.284422318724,1224.6146330495126,0.1,3,1,2,1
5,16,6,516.1551900921675,12238.75735591416,448.1091410263607,0.1958738304058945,8,1,3,1
4,6,8,413.1380057765122,39662.7546852711,1625.9298939618927,0.4045007539690002,6,1,3,1
14,5,0,671.8127475918914,402728.61697396846,6178.951043728384,0.01725427202808546,0,0,0,0
2,20,2,299.90213066621106,41874.17078009428,440.1809600270674,0.1,7,1,1,1
3,19,3,399.19372121489675,33834.6756488561,2373.8139864576215,0.43350388529585565,3,0,2,1
21,1,0,1784.9496605693716,162352.65589085934,5724.167917880991,0.012145843720663588,1,0,0,0
10,4,0,759.3272480285276,247883.2632991852,5626.369259069868,0.010042004786004149,1,0,1,0
0,22,7,277.0947228903897,30659.526141604914,1604.1805313080272,0.1,7,1,1,1
1,11,5,659.0307520331672,7325.55768913477,3000.0,0.1,9,0,0,1
17,5,0,1178.0993776476903,499473.3952708223,6795.176745702397,0.022993689610301793,3,0,0,0
18,3,1,1039.9501661125028,475084.10716500273,6423.800670835138,0.001,1,0,0,0
4,9,9,134.45368492282705,15410.996073946602,709.668408738536,0.19249440299552467,11,1,2,1
14,3,0,1867.3912657336036,347131.91704829177,4601.080554921896,0.031386941078203376,2,0,0,0
15,1,0,305.4295185979346,219281.24306638283,5964.837102723531,0.040280478497139005,2,0,0,0
5,16,3,555.3594586669512,29629.321264627717,1139.7973556987592,0.2690229796167941,8,1,2,1
10,1,0,1449.7660555730097,399681.6289538821,6655.166944354993,0.02253521480352614,2,0,0,0
4,8,8,357.44448732048045,35760.66425154016,1489.5480351299566,0.2155603305190986,6,1,0,1
5,24,11,271.185116680081,44740.23804037776,2170.300012437046,0.1,11,1,0,1
1,17,7,477.42900745772675,1715.049208316952,737.0188563415454,0.3998143730786226,4,1,3,1
22,2,0,1068.7361260081232,319010.40614505415,4881.671303709412,0.011505299857895048,3,0,0,0
12,1,0,1638.645273384821,249536.801081641,8994.392337530293,0.006601925493396575,0,0,0,0
3,7,6,710.6645282136044,24369.549174211104,924.2743029773746,0.15625476802482485,8,1,0,1
3,20,9,353.22963881417445,38907.59203922042,1763.4600810651636,0.35135027956973175,9,1,1,1
12,4,0,1344.3843550900206,297483.3812594012,5339.727929425292,0.004864186352334533,2,0,0,0
1,19,9,350.65684996718585,28665.89745388292,1361.3500525867155,0.6351684237063675,8,1,1,1
19,4,0,1295.4400293064402,274930.93438034406,7029.5137955276505,0.01669960216986712,3,0,0,0
19,2,0,547.1186652115961,283584.8415191782,9311.032449333337,0.029977075699515368,2,0,1,0
15,1,0,936.1848510947564,313241.49765536346,10000.0,0.006114087692237291,0,0,0,0
5,9,5,383.1040875071918,43335.28724551074,1958.1285812552428,0.2602224562575369,7,1,3,1
13,2,0,2020.6297287280881,200465.04156538437,10000.0,0.03286314869098167,0,0,0,0
5,14,8,304.8261364950319,35587.60759497143,2917.0971364448937,0.3366272805571304,9,1,1,1
12,1,0,977.0510685951979,303215.86195651814,6004.923570926063,0.024344131504341494,1,0,0,0
4,21,3,50.0,23832.794292280007,1449.7619889501975,0.15309670311347656,11,1,1,1
12,1,0,629.3150776933477,362949.4155999591,3000.0,0.03298762482264652,3,0,0,0
13,5,0,964.526142598306,122934.38283363087,6702.370715121557,0.017703593732682477,0,0,1,0
21,3,0,1486.9293975707155,253017.99104970833,4080.1726299208945,0.002981186554837357,2,0,0,0
2,13,5,181.34728226133566,22718.49684263412,2746.62419262467,0.1,2,1,3,1
2,13,7,307.651465673903,57065.44147911563,2376.8250867169745,0.1,11,1,2,1
2,7,10,275.25470192213237,2235.522914658606,3000.0,0.1,7,1,1,1
17,5,0,1813.9239224415433,223379.69096546312,6242.9462243445205,0.02628423150244046,3,0,0,0
12,4,0,1520.9469731583524,250269.27797752852,7483.948405663715,0.021071297853062516,1,0,0,0
16,5,0,1024.1153758254673,399679.7766127588,5720.22411464402,0.03858552411625337,2,0,0,0
19,2,0,1093.653365725081,318464.58569932554,8939.791343385848,0.027830292925387225,1,0,1,0
18,1,0,1196.3211343796297,232219.47242527292,4451.592777782253,0.03104616565440215,1,0,0,0
14,1,1,1753.2628676533868,123627.61235130072,5823.710162071165,0.02717110094866911,2,0,0,0
15,5,0,1479.4746837413259,321265.508171989,5264.123746119401,0.0079731043079761,2,0,0,0
2,13,4,357.35832374238856,59258.87009771369,1877.7771802425077,0.46616884284731064,11,1,2,1
4,14,4,380.37244198907274,41285.830152150775,1960.6091007337623,0.689590957696584,10,1,2,1
3,7,2,435.94794552153155,30859.34069539494,518.9135072151944,0.1,7,1,2,1
4,14,3,210.1517934067165,33174.9089000263,2197.2495918378245,0.27442025415415183,9,1,2,1
16,5,0,1231.8998669953992,320048.9005016796,8472.473412217538,0.017363557202555877,0,0,0,0
23,12,8,404.9852251382415,53861.49525500939,1168.896231185971,0.15038373939990118,4,1,3,1
2,16,10,656.1895579521688,29539.414611090648,559.0404871058448,0.24978314938433718,8,1,2,1
5,20,11,526.1526717400085,21061.88435843938,1118.4305804557976,0.1,5,1,2,1
15,2,0,1755.7140516374395,115081.55737338893,4699.021610835128,0.008934362040736332,3,0,0,0
17,4,0,1847.3513907565252,335469.0986039357,6705.764629572239,0.03689462897998741,0,0,0,0
0,19,5,435.0838612351483,33183.779097063394,1482.7719643434903,0.13416659688264337,10,1,0,1
19,4,0,666.3356977003099,134759.54146072303,8061.498832705138,0.011916198532682427,2,0,0,0
1,21,3,170.5842759101026,20067.62409426758,3000.0,0.375293565339843,4,1,1,1
0,17,4,357.15852887043883,16574.52625220035,1498.8584064042982,0.11990568227762993,7,1,0,1
19,3,0,1497.6631115578562,299742.9136314624,3554.134490708211,0.026382415993670853,3,1,0,0
5,15,6,282.48554446166463,26786.967150779725,863.9662243630589,0.3173643117995848,6,1,2,1
15,1,0,954.5475046478863,404049.2637729822,5116.583258377754,0.0076957220675278985,2,1,0,0
12,3,0,1385.23877226551,169078.9647465821,6016.133763719172,0.02325735842130716,1,0,0,0
18,4,0,1643.5365676286824,430753.38803175377,6168.993188513311,0.023826679882121792,0,1,0,0
23,18,4,157.65169700499519,52974.65345517461,1745.9152716116785,0.1191330803304328,6,1,2,1
2,24,11,426.7036725421237,6962.430668419314,1180.0457591534846,0.1,10,0,3,1
0,19,5,50.0,34351.59119122414,1575.5916497848896,0.18626318046261564,9,1,1,1
0,18,7,276.0492420693756,22916.609992008547,1810.5424868680307,0.3391416111595561,2,0,0,1
3,18,2,373.3729119512107,37824.01779151966,690.4729948746387,0.395504012643103,4,1,0,1
2,12,8,419.25770594079364,32807.271222589465,1544.2392681927493,0.10995643713189454,9,0,2,1
0,17,11,109.59679002893779,49146.46763219618,200.0,0.1,10,1,0,1
2,10,8,293.56557881936305,38789.870511630885,1408.6124924534943,0.1,3,0,1,1
21,2,0,849.1001720085048,383846.8052091572,8334.92237942274,0.021751007550317895,0,0,0,0
3,19,8,296.8425185006716,35979.47117213879,859.9724766966324,0.29537132887460404,8,1,1,1
13,1,1,788.9587427306463,473109.8360106022,5477.276166413771,0.02602650759235254,2,0,0,0
16,5,1,443.90373434520154,185008.5585499167,8061.7599953575445,0.010154560156965739,2,0,0,0
3,21,5,493.1560019235909,53253.26859508963,200.0,0.1524567430141146,3,1,3,1
2,17,10,276.9229742867224,13149.464802586492,434.80827288830505,0.1916077228418825,4,0,3,1
18,2,0,1121.4033199682958,322159.8018136741,5481.4072625480085,0.00936220808549562,3,0,0,0
15,1,0,1698.5444863508892,359162.4723284659,3000.0,0.04012371447206125,3,0,0,0
12,3,0,871.3943550059049,476540.92134731804,4336.384412767697,0.002675681157080112,1,0,1,0
3,9,10,365.3633974601516,23810.84383721714,1090.7145282028919,0.1,9,1,1,1
18,3,0,889.5297740408453,381821.7916545649,5011.814667447938,0.027103083299437843,3,0,0,0
2,7,9,514.2428291620749,49709.025836533256,2106.1546032154306,0.4540468761417679,8,1,0,1
3,24,4,185.16036613466446,29027.31339030826,2330.2129578438175,0.2585129883616665,7,1,0,1
4,18,6,318.50112092728665,14743.12292266199,1697.7503358313268,0.17192234025487313,10,0,3,1
21,5,0,722.2165773699223,287083.0236835516,4656.145350816894,0.008237432520545538,0,0,1,0
18,5,0,2076.8809760337344,297984.46636526706,7786.101970274714,0.02017263257654663,0,0,0,0
19,1,0,1181.5194115564138,100000.0,6976.177999335089,0.02489288039579589,2,0,0,0
10,2,0,1110.5632880384528,225465.57049502124,3173.796716534864,0.001,2,0,0,0
12,4,0,1172.226372608268,303923.8054819974,3000.0,0.031241323862320855,3,0,1,0
4,7,2,719.0223285217467,12492.802305212012,2598.6519481283585,0.5131289205030988,2,0,2,1
4,14,5,552.6133765377537,26811.96829950356,3000.0,0.1792603514069191,7,1,3,1
18,3,0,1328.8963523529633,353596.4409242499,3000.0,0.01865129792509566,2,0,0,0
14,4,0,748.0140429333381,282445.2081369001,8861.828161995449,0.022609869303203183,2,0,0,0
2,14,3,543.4656164219591,53082.17145797405,200.0,0.39193072447765753,8,1,1,1
15,2,0,1214.5229366966237,387841.2979507654,4947.520651265926,0.011980650762256517,2,1,0,0
12,3,0,1700.2228986041598,226298.41242147383,4736.270790370656,0.03579296576563967,0,0,0,0
0,23,10,759.9880465803158,34300.21823133371,1054.558487100664,0.3191848369011988,3,1,0,1
23,22,2,70.9821576024313,46421.56150492799,2175.6963467066976,0.4400240203677101,7,1,1,1
11,4,0,1781.7240407185964,312631.1013801366,5051.917719124552,0.034637518030426806,1,0,1,0
4,6,3,237.6964207993552,1000.0,1047.9048619682633,0.1,5,1,1,1
23,18,3,50.0,9602.559287447235,1776.5164274497126,0.41935032006921846,6,1,3,1
20,5,0,1285.7129966952525,347712.436978791,7377.823643593998,0.02158360152234175,1,0,0,0
19,3,0,368.5884227197515,428107.6392091181,3000.0,0.023182456379874667,1,1,1,0
2,19,10,560.0502638460819,33503.16274176318,2165.4833755260083,0.20133442869593887,9,1,0,1
12,5,0,488.5858923221789,316916.68748285307,3458.5934407088425,0.010609941132607699,1,0,0,0
19,1,0,2427.00084463466,375772.5176405555,5291.55540443873,0.015538271598794798,2,0,0,0
15,5,0,1376.7734748354071,190586.46007962944,8549.466015316142,0.03135411085457755,3,0,1,0
21,4,0,1429.9369303081596,210097.68862752384,10000.0,0.02893838810963403,2,0,0,0
1,11,5,86.37727542744824,27904.303547023832,2611.349715101582,0.2138580052851743,9,1,1,1
18,1,0,1711.8593738687978,323016.5322007199,6799.805309455953,0.012116558737596787,1,0,0,0
4,18,6,227.4121647332485,30857.987797886944,1112.1712758736517,0.14588324981742215,4,1,3,1
16,4,0,1638.09262237135,325867.9085483236,4357.839980571436,0.025000837085871894,3,0,1,0
18,3,0,1291.5760975585106,308060.1799015813,7304.709858137176,0.001,1,0,0,0
23,13,8,567.3914374281635,32559.91831538885,2640.3344512241274,0.3869702465181677,3,1,0,1
21,4,0,1390.3603338099922,265649.09708999435,5313.436811408063,0.012023929538495792,3,0,1,0
12,5,0,2520.388757720611,333076.28932584124,8275.501051657597,0.015360082764791064,1,1,0,0
2,17,6,557.5253363778731,29661.536393068585,1209.210378950268,0.25253089924129485,5,1,1,1
22,4,0,1405.9032080720333,348561.25801495195,5638.072952178191,0.01687860281893242,3,0,1,0
11,3,0,1387.3661432755116,367402.47108298127,4181.114106622241,0.016516391753421893,1,0,0,0
3,24,9,491.15256774178863,18513.04884098549,1726.8687780508042,0.15383708978913335,9,1,2,1
0,24,4,293.1792081562317,47852.43625428573,2760.784326398085,0.1767551013999506,3,1,1,1
18,2,0,1588.2189804608793,595076.4746605784,8398.425083195127,0.015784673859750315,0,0,0,0
23,17,4,50.0,37217.89424912724,1069.4442857439699,0.2960402284748857,2,1,2,1
13,4,0,985.3784983451892,354142.71305752033,3000.0,0.017552817638360724,2,0,0,0
12,4,0,1117.9147975096148,322806.6867653191,6235.850153606637,0.010905203860340294,3,0,0,0
3,24,4,287.438824133021,30296.510204919414,400.86981180537214,0.4687827414939201,2,1,0,1
15,2,0,747.9823323342541,165838.1024254603,3503.556220419164,0.015709013070980837,2,0,0,0
16,1,0,1263.1850791011843,157326.24359555947,7684.191935796872,0.03236230025613403,1,0,0,0
4,10,9,734.6744785003496,18123.272245378917,938.6150735023958,0.1,5,1,0,1
22,4,0,1719.8353910660826,388900.21156230895,4715.005290281453,0.019795978928739556,2,0,1,0
4,10,6,525.8331783887287,43686.59020223694,1840.9608994214843,0.1410413274659187,2,1,3,1
1,20,7,504.6086943043555,29613.980521661833,1502.6628126099067,0.6141280938290303,8,1,2,1
0,15,8,435.12474697184615,38327.72719289643,1416.7323498764383,0.1,9,1,1,1
20,1,0,956.6406747608798,248552.19025823375,9756.746406938219,0.036969974652947074,1,0,1,0
3,11,2,445.8900196355374,29021.399532659085,737.4573236885058,0.16547695242973937,10,1,2,1
21,3,0,742.4265717609894,392516.4292884612,6413.133225009893,0.036096875766843194,3,0,0,0
5,12,6,610.3013447075467,16193.77446655353,2432.837691276023,0.24871599832685803,5,1,3,1
0,9,6,430.36602200529796,39207.67482735297,1790.0120032479017,0.2972013322072448,11,1,1,1
21,3,0,1799.4364387342812,209063.03273637785,4683.062696129125,0.03803012443766916,0,0,0,0
4,7,8,466.83014664703404,26651.119045491287,479.308434317883,0.2087184115454523,2,0,2,1
3,13,9,395.9219471521355,47257.9175078033,1263.4294751352998,0.1,3,1,1,1
18,2,0,908.2434662519304,299639.54818865506,3000.0,0.04351749969859897,3,1,0,0
4,9,7,451.39088227628747,50934.62926422112,1213.9747408009134,0.18485098002143757,9,0,3,1
1,23,2,628.9030315830898,35085.77862593696,254.18138469659038,0.3681080190629629,6,1,0,1
17,5,0,378.16719005523305,183065.45362341957,4363.482642647753,0.01890481564032364,2,0,0,0
3,15,6,488.95479473865004,34266.03542593673,2166.1948981089754,0.23145209308794024,9,0,2,1
0,8,7,243.228997822846,30652.491325531122,1214.3272121646937,0.19994856058467697,3,1,2,1
16,1,0,1399.7518642463185,205112.10554238243,8377.380350125097,0.03639423941704617,3,0,0,0
17,2,0,922.5098764526463,233490.8051918213,5392.840096127211,0.01706326857279788,3,0,0,0
22,5,0,958.4309625025135,303464.84367596864,6707.794453339563,0.04425230023470288,0,1,0,0
4,16,7,312.20946616033325,15536.858129462495,947.6213256584455,0.49606988974111754,3,1,2,1
20,3,0,1403.4602174189677,433396.1392289332,5540.401651894417,0.019604301611562035,3,0,0,0
22,5,0,1806.892410004098,119587.72802883928,4159.512978351707,0.020005879872975925,3,1,0,0
23,10,5,301.5560407092021,41637.02923165587,1213.4488268936057,0.15164616251871976,10,1,0,1
23,21,3,724.2930759616874,41399.128733369485,1539.437763088401,0.22840072013412724,3,1,3,1
17,1,0,1021.9258351367013,247618.73954909793,8080.699241346476,0.024231223673518206,1,0,0,0
5,11,10,274.01500790058276,52607.22670582503,1822.5838043578037,0.5826015828939335,2,0,1,1
13,5,0,2000.2503728857337,240715.0524792416,4867.13970339757,0.02163845807974814,3,0,0,0
22,5,0,1761.3514626794358,349019.71418462857,4453.35330911659,0.00911698367820778,0,0,0,0
10,1,0,1454.3283612590474,382547.15419951355,9925.32819581828,0.008639950984837335,3,1,0,0
5,23,3,466.31158465503813,34700.02084719422,2606.069310575027,0.278898793785476,8,1,3,1
0,17,8,570.9836386783327,8412.218777257218,2296.455074783369,0.17366955997906883,9,1,3,1
23,16,7,441.78795516061206,13507.041153354137,1837.390697177374,0.45414396334847534,7,1,2,1
3,7,8,800.4458247220743,38837.68537931479,2044.5606030393255,0.12698899582067177,6,1,0,1
10,5,0,793.2445803483552,212003.16423934913,7899.9708347751675,0.022251878975684036,2,0,0,0
14,4,0,1732.399419651879,475518.1004032714,7271.9742827309165,0.01811345430491846,3,1,0,0
2,11,11,526.4632222351432,32773.65372450472,2083.9272114181335,0.1,8,1,2,1
11,2,0,1079.7423841056138,461664.1178988896,9091.908864145851,0.019039176135413127,1,0,0,0
18,3,0,1990.6441335522422,416035.8347456495,9271.000594446996,0.018292365116432716,0,0,0,0
3,12,11,113.88122570285338,29550.169346899896,1893.4481439585124,0.4817565353354408,2,1,2,1
13,3,0,1548.2142172153008,362903.79839581705,7148.260101734049,0.006180191012868081,1,0,0,0
21,4,0,1419.0144877127977,442273.84675533196,7753.341070533955,0.02272474296096482,3,0,0,0
14,3,0,1228.6152649802414,165128.22782251574,6228.545319857367,0.0034783284657691795,3,0,0,0
16,4,0,1316.789280026714,256227.44246131516,4408.004566761291,0.011594792397059801,3,1,0,0
19,5,0,913.4608243456398,243608.35303857893,8319.92441488212,0.020682535683050614,0,0,1,0
11,5,0,1174.2509535943761,107329.04034190573,6610.0824955674,0.025248317447143474,3,0,0,0
0,23,3,621.9735505028511,36879.515631923554,947.8630210011321,0.4173731690961068,10,1,2,1
0,10,9,373.53265023807535,8356.957846322988,200.0,0.1,4,1,0,1
5,14,11,682.9634649489144,21477.74316474302,1869.2275977559611,0.1,10,1,3,1
20,1,0,826.1107276765997,514169.799736382,7464.697067611919,0.016319109382529246,1,0,0,0
23,13,4,387.5586809634045,7027.751530600013,3000.0,0.1489072072935595,8,1,0,1
23,10,5,323.47458208013194,51389.6698723896,825.8473876576666,0.41403538136503676,5,1,0,1
13,4,0,1309.5038821855815,364181.07560002315,5880.667004366017,0.008485253214984136,2,0,0,0
4,9,11,304.67439760847924,7655.316614310177,1543.344407320457,0.24820816368681886,9,1,0,1
22,1,0,881.0157908774305,435270.81646970956,5006.758268662676,0.010747776934051717,1,0,0,0
23,8,11,247.01669700843632,17256.352269049832,1948.0556984993168,0.39047101728432665,2,1,0,1
16,3,0,1296.6219473905583,403379.71915140713,6161.1857719612635,0.0376207780763397,2,0,0,0
12,4,1,1064.999173537014,238254.7588994395,5203.926788528917,0.02659516928043798,0,0,0,0
15,1,0,1280.9524908357237,293133.0145499059,6257.989174469389,0.028360844976888053,3,0,1,0
23,14,6,50.0,34777.21605051323,1620.0600357544645,0.4872373518167401,6,1,2,1
3,23,10,546.6874201655658,37459.64578795873,554.4952760819323,0.1,8,1,0,1
14,5,0,1813.1625861646503,169196.4222639195,3969.774927437391,0.03568376755247668,2,0,0,0
13,2,0,1327.2507449494783,272875.526248325,4731.503071194622,0.020861952777464984,3,0,1,0
12,1,0,1551.8517186357253,437629.6077812799,5012.493216276869,0.013080828146575761,1,0,0,0
22,1,0,1331.7000248637335,418750.5520512655,5820.9037689793,0.013409609787232865,1,0,0,0
20,4,1,1577.823312997275,320475.825482335,3218.4387931334663,0.016399699837131774,1,0,1,0
3,8,2,357.1683876012549,67508.81862185206,873.1470971441381,0.2852838689138609,6,1,3,1
4,19,5,180.21011872117595,1000.0,1187.2438903293353,0.22252464580920836,5,1,1,1
3,23,4,724.9003114011842,21237.582590233353,1510.1483053992056,0.539555281729631,4,1,2,1
14,4,0,1625.8635401632569,374289.0329541174,5255.835584526247,0.016108119188839722,0,0,0,0
16,1,0,900.691600810374,332157.02326526784,5548.32451257259,0.010740561327482736,0,0,0,0
3,16,11,244.57835197968825,48657.75599804845,1763.437959304646,0.33031054849549074,5,1,1,1
13,1,0,1110.0498488189737,443240.7257637753,3000.0,0.012779888124203678,1,0,0,0
0,9,2,175.22933358342723,1000.0,1261.2493562737184,0.3931738316889653,9,1,3,1
21,1,0,1449.4788270231898,262885.7923045127,7504.028092123488,0.028288368852020386,0,0,0,0
12,2,0,1151.7718172923142,262329.95136277704,4680.042536653974,0.015013355166377019,0,0,0,0
1,19,2,388.45700346229006,1000.0,1923.6452827993255,0.39439971476128843,5,1,1,1
10,3,0,1094.1553591061286,102327.59233194392,9260.393600352101,0.023935761737991737,2,0,0,0
0,6,5,381.6259288771118,16255.464409016833,985.1370366151095,0.26230578281379596,9,1,2,1
23,19,8,515.5727051188388,22933.34253940446,1951.422628809295,0.1,6,1,3,1
3,18,6,331.9819048675698,33015.43126276769,1405.8660554746011,0.2591070522735215,10,1,3,1
2,24,7,55.213238739835845,28711.886087865994,2465.577120748493,0.3052025620369666,3,1,1,1
23,6,10,210.89897800143206,17532.375252299127,1850.9614276745174,0.25656062341934033,9,1,1,1
3,16,4,340.99596966230587,34191.6287413068,2460.565633874087,0.1,7,0,1,1
17,4,0,1725.4802447167742,335203.9110007618,6700.453086109598,0.013456298480256252,0,0,0,0
4,11,10,325.55992894904824,36966.39600143953,1018.3938117518571,0.3122020547032815,6,1,2,1
15,2,0,914.1296840863713,338375.0525598192,5677.05436596333,0.023758039942304278,0,0,0,0
12,4,0,1496.5576366007954,185854.32007923612,6128.18640564643,0.014807049747350698,0,0,0,0
17,5,0,974.4282080870846,167994.14340922076,5042.20754064352,0.026640085992939946,3,0,0,0
5,8,11,304.38428378037463,47676.459715314166,1391.945843781601,0.1,9,1,0,1
14,2,0,1186.8457203188823,372298.28113771894,6312.313661794482,0.03395425506200065,0,0,0,0
4,22,7,308.11892544253095,25894.516271053384,526.5004482704576,0.4062523569453947,7,1,1,1
5,16,11,373.2288901102701,27212.94300036523,200.0,0.34925283236538834,7,1,1,1
21,5,0,1230.1420799422654,341357.08163086034,8400.873733346063,0.025528898985721978,0,0,1,0
3,17,5,607.0880771144856,56100.378904469864,1532.3262159832263,0.1,5,0,2,1
14,4,0,1266.378345124926,213063.1749768738,5664.167880664463,0.01724354413073955,0,0,0,0
18,3,0,1559.8881492118137,391751.0827082131,10000.0,0.015064351955587151,0,0,0,0
23,6,2,402.4477014381572,36065.553354958756,751.6257319493599,0.36323489467205133,6,1,2,1
19,3,0,1662.3887960463485,326748.7408733843,5409.779977853091,0.001,3,0,0,0
20,4,0,1332.989372432843,245625.88896340752,6364.32190888924,0.018275734381620543,3,0,0,0
15,1,0,981.5105262135576,229631.32345080026,3516.941251262364,0.022468503026551335,3,0,1,0
1,17,5,554.3705558746815,27368.285185495028,1764.9915172132598,0.2447878700908506,7,1,3,1
23,10,8,296.5217419614763,40914.50911683505,785.1850364847071,0.3320671542260575,2,1,3,1
10,5,0,1644.5547701725036,271624.82371782896,7086.081088345112,0.005674276762934468,2,0,0,0
22,4,0,958.2842273563404,340719.991580648,6233.037807141599,0.024535650790171275,1,0,0,0
16,3,0,1224.5241590224148,202322.35521667782,6916.959720955367,0.02438482274985552,3,1,0,0
10,1,0,1290.0756899188107,227531.7757590075,4846.472665390177,0.01749459740305641,2,0,0,0
15,5,0,1457.683535537651,376512.3973943706,7160.4464993047795,0.01755319418531362,2,1,0,0
17,4,0,983.4164365585412,343747.46644216136,4159.511938196743,0.011596067358611574,1,0,0,0
14,4,0,1364.3664534372135,356193.069328352,9669.436448992374,0.02615641074539629,1,0,1,0
22,5,0,861.9332008639847,301093.9742575924,4695.899523076156,0.016045261823248565,2,1,1,0
23,22,10,582.8852751120786,44787.45124042557,1410.706760764242,0.2787857720866557,5,1,2,1
18,5,0,1234.4089700163581,239907.8067079684,5221.909859886078,0.012607272326699264,0,0,1,0
2,18,3,50.0,16952.394432273875,1521.4970010362076,0.25247478360440406,11,1,3,1
1,7,3,244.5653973010429,31916.217296256164,2482.604323135725,0.1,6,0,1,1
22,5,0,812.4901046363964,254389.89921886206,7341.406917677211,0.007213876752904132,1,0,0,0
11,5,0,1599.990427573528,478533.91366968123,3222.3132635410643,0.0043119836491535245,1,0,0,0
1,22,5,716.4197450623341,24837.505799052466,1331.7227013526872,0.3804131850462636,11,1,3,1
3,9,4,520.5581373350352,5441.164225247219,697.1942999845757,0.3623843235575685,5,1,0,1
19,3,0,1496.208061319998,442973.07261923514,5356.934484111463,0.013955674388419308,0,0,0,0
3,8,7,329.18491157443964,45043.93612236771,2316.1866622682396,0.29374184063790804,6,1,2,1
2,8,7,393.99702084410757,30189.67851704602,2383.8995308038056,0.19905446962249954,7,0,0,1
19,1,0,2088.192248608476,181660.58255704306,9167.904333342947,0.0345379605207225,2,1,0,0
1,20,6,332.7923367124447,10410.99289288554,2641.5310493064044,0.40595315500147466,5,1,2,1
0,23,2,408.7359436214456,31434.506424150568,1450.5332891719117,0.22408535414771039,10,1,1,1
0,22,9,360.1765082019093,41301.88967872379,794.2859480936023,0.4181821116310554,6,1,0,1
22,5,0,1437.2464481601298,222820.8990997565,7820.72790335589,0.026235897041922356,0,0,0,0
4,17,5,711.5143938718641,51304.11605176269,3000.0,0.1,10,1,1,1
19,5,0,573.2793995722064,314602.1117044439,4504.970352999817,0.022149727426679824,3,0,0,0
14,5,0,1117.8829623794427,387484.6827119657,7481.800651736437,0.028859443236003517,0,0,0,0
16,3,0,716.9334588392262,471684.5930552197,3000.0,0.024150866578544383,0,0,0,0
5,21,9,271.45655738734047,43004.0868812124,595.1253100715594,0.24015914079926373,10,1,1,1
2,19,7,477.4550768807069,1000.0,392.4624202837433,0.4057747400865729,8,1,1,1
19,4,0,1395.8525058760608,303354.20938248024,6279.894782647698,0.01969312380615899,1,0,0,0
2,17,10,197.86998166730947,22597.47942782282,1585.2305082865553,0.11600052280970138,4,0,1,1
14,2,0,815.1425884562742,428569.3270572076,5621.8435842702565,0.025731049161808107,2,0,0,0
17,1,0,2133.6987589251758,352364.45700358786,7371.318021403137,0.015251220961721863,2,1,0,0
22,4,0,981.4694942752353,429950.0767006587,3564.0043188872974,0.021843666638091074,3,0,0,0
15,4,0,1299.3034167046735,424414.7403639742,5911.683810417464,0.02110203649346303,3,0,0,0
18,1,0,1200.9863317950078,305507.56383147114,3000.0,0.033264405652168996,0,0,0,0
1,6,10,256.21186560681156,18005.555912078155,2982.640937530532,0.2621796182403197,10,1,3,1
23,16,10,655.6530016153285,48468.861757622566,1932.8510590642504,0.1,11,0,2,1
13,5,0,668.1269570429487,130162.01403549348,5286.504017524245,0.033013899158248636,0,0,0,0
21,4,0,1805.296432470685,249409.36645692887,7909.589599630029,0.026265452686801465,2,0,0,0
14,1,0,1323.633446981783,359553.83221999346,6176.736039508542,0.001,3,0,1,0
5,17,2,388.1191882001892,48050.0017160502,1428.920741811636,0.2527432650881301,11,1,2,1
3,10,4,625.1132128941915,23518.26734057066,1667.1433766276823,0.25900597015096016,9,1,2,1
17,2,0,1340.348213837086,219486.80116140796,7124.144334362449,0.015523765344737116,2,0,0,0
17,1,0,1789.1612982660713,126608.76030230254,4610.071846557157,0.02056181516780741,1,0,1,0
15,1,0,1067.7215418228905,270733.1387589191,8827.059610191694,0.03722143225856191,0,0,0,0
0,10,7,468.7341026897914,22772.601741134073,1929.6894190093376,0.400075073686764,7,1,2,1
1,10,5,663.1233860676591,58370.60504609454,873.0144868434842,0.3214060299748395,4,0,1,1
15,3,0,790.2994757488505,638453.8859894648,8821.160797546449,0.022330201618355923,2,0,0,0
0,10,7,522.7067200275933,1000.0,2191.826661084957,0.2056596935217408,11,1,2,1
20,2,0,1031.587861655002,394842.57707181707,4215.053829672336,0.03161995267581499,0,1,0,0
23,8,5,114.88683450212574,13494.148472829496,2296.0879250703165,0.29858670683493166,4,1,2,1
2,14,9,603.7667631716072,33778.357524168874,1243.0512487504338,0.3489142518892472,11,1,3,1
1,20,8,175.4679607158968,19813.520977927812,633.8900891483133,0.5147829811017394,6,1,1,1
11,1,0,596.5344920711041,370220.43139226123,3000.0,0.019046599577733653,3,0,0,0
19,2,0,1434.100330216907,375153.3421153327,7449.669397339094,0.006323616757101502,0,0,0,0
16,1,0,913.326436825569,324617.04303625715,3471.2646876898284,0.014732321943159184,3,0,0,0
1,24,9,114.02683493232087,35810.89623282011,2384.808891912441,0.20848801177020382,5,1,2,1
12,2,0,2353.284518535075,267558.2097844005,5059.599105183485,0.001,0,1,0,0
19,4,0,1500.8523796510551,246724.24605387804,7944.089774205078,0.03002160952791999,2,0,1,0
23,18,5,486.1827209872745,24027.334737635112,1431.0437753255815,0.28868905340809503,7,1,0,1
5,14,3,470.87716131416477,36652.141198379,2389.830574030581,0.4124736577808378,11,0,2,1
4,6,7,662.7476377905928,24880.582022552946,1454.4873163667523,0.2809475273968676,7,1,3,1
18,2,0,1267.0467942117514,213314.14178319642,5047.04431769189,0.033337513154370606,3,0,0,0
20,4,0,1679.5989926621974,551664.6555793866,6382.910222249658,0.006602464092473679,2,0,0,0
5,11,4,680.5486521211717,39701.087771959814,1255.9282317757518,0.1,6,1,0,1
4,16,8,224.79127461307732,30073.01818079289,685.714307822992,0.2501611447882537,2,1,1,1
14,4,0,1112.5047948196723,307927.69154367707,6196.079195906835,0.010647996340761811,3,0,0,0
17,4,0,841.8461831233765,397765.9136965106,5270.363188641935,0.01470802340928552,2,0,0,0
2,12,4,445.79798915679606,29282.800955312414,1772.1769925279523,0.11745990368482728,4,1,2,1
0,18,6,50.0,33016.398842721705,1898.5496356079889,0.22433476315099857,3,1,2,1
13,3,0,1489.5890976277472,257522.83658831735,5730.612265698688,0.021487277069644074,1,0,0,0
3,16,6,314.86177906868335,10274.483107798595,893.3906597956156,0.5566674113603094,5,1,2,1
2,11,8,361.0707663597559,18174.302184193963,1993.6358839922955,0.4516682716482972,9,0,2,1
4,13,10,325.5373080810798,48295.39946976234,3000.0,0.1442677840295249,6,1,1,1
4,16,9,378.40006376782486,41586.79273283088,2099.8390359238115,0.1644013988910723,4,1,0,1
3,12,8,585.1973901034955,30370.16982628268,2540.4568641512215,0.1,8,1,1,1
23,10,8,84.41327376659291,12707.638899177568,1678.9444973093025,0.11172855067042953,4,1,1,1
4,9,4,398.54531155260054,37994.335994062305,1701.401270310638,0.2808266997758942,4,0,1,1
0,16,2,573.5327819032107,39829.812435576634,200.0,0.1635582361580151,6,0,0,1
22,2,0,1798.085799147428,230339.03158077563,5477.001956725191,0.01645166851644417,2,0,0,0
15,5,0,1501.6056285577956,426072.5349055306,4962.085834713045,0.010755156846920017,1,0,1,0
2,13,3,167.29202492987446,33301.279251454485,1388.3566272646713,0.364476644609805,8,1,0,1
18,4,0,1693.3567729637525,279351.4023533936,4605.001619166277,0.023031294530691814,3,0,0,0
0,15,6,258.0346204077256,58118.95436675459,3000.0,0.18428009804874113,9,1,2,1
21,4,0,1507.6370651823,455112.2589466414,6884.287358417934,0.019608959638077603,1,1,0,0
20,2,0,1150.0590326293325,310220.8999741308,8871.296570837334,0.010622033756445722,2,0,0,0
0,13,11,322.97592895649063,28375.24799176656,699.987015538361,0.2667977255901376,2,1,2,1
18,4,0,822.796238408038,164525.83407077237,4615.633798967372,0.020890733782797325,3,0,0,0
19,5,0,851.0331389522478,412708.5825552233,7735.533921065766,0.020790832496602234,3,0,1,0
5,8,10,569.3781994195087,18363.987695794116,1266.9930326988265,0.3303322287811502,8,1,0,1
18,3,1,1521.69531787307,308507.1139198633,6043.285922684349,0.012146440087936803,2,0,0,0
21,2,0,736.5723369814677,342262.3717567174,4851.582059156432,0.021341718093275827,1,0,0,0
5,20,5,245.31599977637174,47501.753361182055,2554.4917937420714,0.45000736446796585,4,1,1,1
5,18,6,483.1492884059998,53021.08114633848,794.9638302953732,0.32187976398119933,8,1,1,1
3,22,9,778.8662406492699,64389.758355926315,1783.9126372682233,0.1,2,1,3,1
5,10,4,602.27950208264,39172.7613311403,1840.0061692094241,0.1,11,1,1,1
4,6,10,402.34835728013206,49993.727790966164,1543.0981546804703,0.14836700778242295,8,1,3,1
18,5,0,1822.9560630598667,266289.3027461498,5291.626209980355,0.029972602630203075,2,0,1,0
19,3,0,1937.3264184503837,304608.50135404646,10000.0,0.015560283494703248,3,1,0,0
10,5,0,1542.4965649186202,408043.90648354485,9880.018818481869,0.007166394773302238,1,0,0,0
1,13,11,826.5146955008761,38498.87465990429,315.08574016954253,0.26409213709856055,3,1,1,1
0,13,10,598.2010247972103,40629.36041777311,3000.0,0.1056941762103984,4,1,2,1
2,18,7,287.93104113038964,32112.689640343793,829.1921862224567,0.1592555214898256,2,1,2,1
12,2,0,1431.1329154559699,611325.1677898292,4685.491952886643,0.010899059609019627,1,0,0,0
13,5,0,1508.1495716296254,275640.0492246938,6918.673849571295,0.03470176722984516,0,0,0,0
17,2,0,1369.001450597015,266496.0383638176,6706.015625265868,0.017605648967450104,3,0,0,0
22,3,0,300.0,455209.5007672053,5119.159744851312,0.019793587866037896,2,0,1,0
2,22,10,681.1251342823294,46118.56049416502,1049.7874201664285,0.2645030415588789,7,0,0,1
1,14,9,50.0,1000.0,327.7583636071349,0.2967822270832392,5,1,2,1
17,5,0,1620.3552963787479,373178.64863922185,6637.085527327913,0.022732941936800297,1,0,0,0
23,15,5,340.95664768279084,12894.768537346463,2084.6871406040227,0.15327337778482047,8,1,2,1
13,1,0,1416.7571281903624,271737.47204519884,4445.81369306166,0.0208855886207678,1,0,0,0
3,17,4,429.14180859318225,12865.926752088584,1824.3898620844022,0.5009416469130299,7,1,1,1
12,1,0,1706.005693628679,401337.71216457046,7249.926145587169,0.013821262235778838,1,0,0,0
13,1,0,1247.6306272898437,342556.6045882583,7121.012460283138,0.03339005997921176,3,0,0,0
14,1,0,1128.5574258360434,355570.1739539583,6824.620388067067,0.0068315891490281,0,0,1,0
21,2,0,1837.4095994437928,382545.21507811605,3836.3167432530927,0.009657181861780058,0,0,0,0
5,7,9,392.3415107844069,41467.91492609072,3000.0,0.13334703715226542,7,1,2,1
22,2,0,1436.4859138466768,100000.0,3931.870007717679,0.024940673364796564,1,1,0,0
3,20,2,298.80671179717194,39355.31925198525,1315.0572534896678,0.5530092455445597,4,1,2,1
11,3,0,930.2616693614802,299437.74155737396,5355.86035029271,0.015330730740160784,3,0,0,0
21,5,0,1631.8094064200677,381853.7052435151,6953.950037329361,0.031141778335953267,1,0,0,0
5,16,4,103.10571984706354,34881.18024883256,1785.7464757753758,0.1,9,1,0,1
0,8,4,50.0,37883.61842388772,632.2916794492401,0.1,7,1,1,1
18,3,0,1379.3270249720629,427528.0993218131,7688.699174583201,0.026155286619903483,3,0,0,0
19,3,0,1658.1867946237362,428569.2446479122,9680.9090425158,0.018657090680201608,2,0,0,0
13,2,0,952.4041542208547,357482.788438134,6516.939126545272,0.022000618330662552,1,1,1,0
10,3,0,998.8428564946671,368196.88604934746,6092.071620225331,0.014923075754476729,2,0,0,0
17,4,0,1341.181233925501,215566.87549193337,4617.117249217088,0.016813868288611908,2,0,1,0
3,7,4,370.4488441761695,21985.33869984147,659.7351432781159,0.1,2,1,0,1
19,2,0,536.8268025116164,258460.07671650033,6824.020965153055,0.003639816726400142,2,0,0,0
18,3,0,1295.388063565819,397460.9111422171,6911.455228992094,0.02264274231481909,0,0,1,0
15,3,0,861.4182034925408,648964.760940987,6335.051950324497,0.029794157462536136,2,1,1,0
2,7,3,101.49026050592647,1861.9522095718166,1950.3659027713736,0.26129309829889735,8,1,3,1
10,2,0,1027.5719436230684,280214.20481390314,9961.466396570286,0.013142559262803931,3,1,0,0
4,17,2,339.12404757828415,23326.783080288096,886.0963232220059,0.28213937630444424,10,1,0,1
1,17,8,384.4791110679734,37600.972293765204,1659.8042274127233,0.24220228609488514,9,1,2,1
22,1,0,1637.051026069243,196992.4117518912,7641.938887819522,0.020853823104349904,0,0,0,0
5,9,10,485.00056663274256,50415.80277742958,914.099887118239,0.2730344799925907,4,1,0,1
3,21,3,327.4428775259141,62463.31871224499,1463.7693913167495,0.3160819827007147,6,1,1,1
23,16,10,338.7312663671471,27792.239315906227,673.3368221639545,0.5461605249391475,11,1,3,1
0,7,2,626.7349130418692,1000.0,1348.484889233681,0.14424745497795102,9,1,2,1
14,1,0,1297.779183398981,287496.2715679601,6527.278001682258,0.012896892518737067,3,0,1,0
17,3,0,1280.27765009717,211686.89467412152,6365.426309588033,0.02234769367692667,2,0,1,0
14,4,0,989.7020066927814,287180.17591478466,6736.653997309289,0.01505037091481718,2,0,1,0
4,9,6,213.1216851983458,19607.548921051035,1020.1624238081125,0.3333196708754199,9,1,1,1
13,2,0,300.0,391374.0740836834,10000.0,0.030847770219820998,2,0,0,0
11,3,0,1143.031705964974,100000.0,4584.317628489512,0.028675621516799733,0,0,0,0
20,1,0,462.25533511172546,328950.0722467129,8066.974585536718,0.01843442993250448,3,0,0,0
0,21,11,50.0,25306.398922424338,1703.271999727907,0.39777041398737434,6,1,0,1
4,20,11,524.7367435043737,42732.24129235395,2849.4313149575037,0.6425158454144759,3,1,0,1
21,4,0,1128.650032156691,211260.12911091885,8133.745380398013,0.001,0,0,0,0
22,5,0,1072.8677831921823,382097.75618249166,3817.786867806293,0.027593402928021163,2,0,0,0
1,12,2,262.7050389646622,58440.65925755257,484.604331114071,0.29802519452227383,2,1,0,1
0,16,5,653.2748507648874,39546.560438087145,2404.7554001790086,0.18311800337852097,3,1,1,1
16,5,0,839.8168088122209,362825.94678874104,5684.629117615576,0.00791549106335431,1,0,0,0
22,1,0,1313.7694961807886,295052.6864676361,5062.630576691439,0.0071261484784892835,3,0,0,0
19,5,0,717.3267785023124,418621.5734402434,5103.434627175651,0.03317654850827034,3,0,0,0
1,14,4,484.3275018576828,25400.7356139832,1321.4391318397368,0.2600253639528566,5,1,0,1
23,8,4,89.14642963565666,27929.341097151653,707.2639441101247,0.3362759472471362,2,1,0,1
1,15,6,528.173723075754,10043.273528491733,2075.77498988741,0.1,8,1,1,1
23,22,6,453.95150859990986,58126.95883862775,3000.0,0.235429852537325,7,0,3,1
20,1,0,1620.1598143497756,181636.71033855033,7233.993561918151,0.014730187316761598,3,0,0,0
3,14,3,344.7008244446667,33893.6399535644,382.0737343564258,0.1,4,1,2,1
13,5,0,1798.4658107067517,357858.5308212553,9268.943796614662,0.005996827027643375,0,0,0,0
3,12,9,633.6903252729563,1000.0,2220.735557890304,0.40848912131516635,5,1,3,1
23,24,2,212.4108041666283,29809.989977675017,2216.5409065058006,0.23294415986729247,10,1,3,1
0,7,6,194.61305759024236,30794.812345582006,953.8933574002112,0.2532676128977582,10,1,3,1
17,1,0,1672.4002124015783,258525.06832911517,5723.477012098934,0.03520999649139375,0,0,0,0
5,24,11,495.0315026823038,40093.93208451516,1073.558756886719,0.12375679371592835,9,1,2,1
1,8,9,674.8161618357287,53192.583868715345,2208.6257337871066,0.21926810822040088,5,1,2,1
4,12,5,397.6746716863246,21297.46802013905,1429.7548935467712,0.18618815815243966,7,1,1,1
21,4,0,1467.9771104642484,282339.8281134057,3708.3177206443693,0.008705118571576229,1,1,0,0
20,5,0,931.9066551146252,239557.2232035507,3016.478474904347,0.017507969392073695,3,0,0,0
11,4,0,775.8736039875832,390643.6867932051,4362.259360877199,0.01621903145815172,1,0,0,0
23,18,8,615.4798012506384,17736.697512793966,1040.0916715837054,0.1,5,1,2,1
11,5,0,876.1146770993096,301466.7372685599,6997.529706979756,0.036346610242462385,3,0,0,0
19,4,0,984.2457091673998,195853.35550583687,8357.973481269268,0.029068387683699508,2,1,0,0
21,4,0,1600.385836115593,229968.51002392347,4766.711792427986,0.023405324802119723,0,0,0,0
17,1,0,1235.3258197860966,345782.4021250666,4397.11919170189,0.02997008601961914,0,0,0,0
11,3,0,1097.113585262122,231126.7682413248,5034.725257731197,0.013722242988663796,0,0,0,0
14,4,1,1442.1514223254087,311231.83599616523,4710.826125666052,0.023814269129682902,2,0,0,0
2,17,6,384.3592317835311,24274.651705114265,690.7786894470032,0.1,10,0,2,1
13,1,1,1154.1113952824337,433374.90486275166,4003.22331074947,0.05,0,0,0,0
15,2,0,1121.0839643519726,637663.390862728,8728.602338987574,0.039451744240777825,0,0,0,0
0,8,6,391.00871167767866,18144.52725053065,200.0,0.17882043126868924,7,1,2,1
3,19,6,539.1234325879652,30596.637971421642,378.34143401789424,0.1,5,1,0,1
13,2,0,1543.4932540637337,294727.49157650187,4162.013372887504,0.021610438407636642,2,0,0,0
5,19,11,261.22717953938115,14145.26020408011,1672.6291311139948,0.31611775015552096,2,1,1,1
1,24,10,449.49435516671474,32298.097628632186,1696.613257387188,0.2737454376948591,3,1,1,1
3,6,9,491.8541837781465,21555.59556000473,1273.715284543385,0.13172503217067955,7,1,0,1
3,11,10,576.7826468874779,31926.782590674782,1983.6817414775642,0.15748398158678056,2,0,2,1
22,4,0,1786.1720617310884,213419.57374081173,10000.0,0.024018789866259653,3,0,0,0
2,19,7,568.7795798159282,45069.68230141316,1256.9729131426425,0.3662510705534824,8,1,0,1
10,2,0,913.8297917693021,203186.89907476323,3500.441908513517,0.020923002943611477,2,0,0,0
21,4,0,1188.8412425319962,319337.5210567866,5881.600556690862,0.02560325803596556,3,0,0,0
18,3,0,1355.4025295437732,398832.31156063627,3646.2373591368887,0.03495838599884062,3,0,0,0
1,8,7,342.95368321611244,42708.94233083494,2309.0512998443055,0.4917192333654348,11,1,1,1
23,11,6,50.0,33388.93383425092,1248.425254102739,0.3756835353237795,9,1,2,1
2,19,11,314.64059962919066,20866.080566541263,1021.0495614956666,0.1,2,1,3,1
16,1,0,1755.052352313618,364660.3397503765,4696.63015235034,0.010154923112743028,0,0,0,0
20,5,0,1293.8329868301387,196333.2683847457,7485.259987828245,0.015188833725704863,3,0,0,0
12,1,0,446.313492591211,382597.7056437007,7109.943058200273,0.026616269948379886,0,0,0,0
12,5,0,1336.4718516013427,327291.4115233256,4587.319244468004,0.012265098687714776,0,0,0,0
4,12,9,176.14207847759732,18654.13668629324,1986.03619141087,0.22131128371948983,4,1,3,1
1,10,8,799.4736812210381,26226.457481270343,695.6601612666586,0.1028057305488507,6,1,0,1
19,5,0,1556.5760186936657,351669.55341262853,4575.85246789525,0.02920550919206242,2,0,0,0
16,4,0,1361.9103431094136,252906.68021736603,6627.5607463222295,0.036803499538682415,0,0,0,0
2,10,2,361.7499079902028,68900.1189874972,774.6354970971236,0.4990269312055049,9,1,2,1
11,5,0,975.246139495006,300227.1270365516,7052.489895261667,0.012571696809928779,0,0,0,0
19,3,0,1362.2657828799565,260254.08302153647,4003.179119926701,0.02700006309872019,0,0,0,0
22,5,0,1253.4622004224989,385805.82255459635,3365.5614500697156,0.00794663606680188,1,0,0,0
0,23,5,204.10432259728685,9134.463765662505,677.7994989925273,0.20517688033971182,6,1,1,1
0,13,5,169.04707106884277,27662.44930494475,766.8370722919282,0.14324982624370874,4,1,0,1
11,1,0,1594.4933581102405,204702.89750617926,6307.552360441387,0.009680022950703542,0,0,0,0
17,1,0,1332.6887786493153,350449.56768553064,6216.116501589579,0.001,1,0,1,0
12,3,0,641.3500136652198,395940.99968570925,4088.134758189779,0.010558133141133174,3,0,1,0
5,17,10,301.59463833948087,41960.96403107935,3000.0,0.3407737662287935,11,1,1,1
23,15,11,228.7404249444367,24713.63039184437,1302.068195898901,0.32428166382479806,11,0,2,1
13,1,0,1252.3089875776789,345894.21583025454,6045.857944205131,0.02394711975803966,2,0,0,0
23,10,5,452.0936872679942,56922.64344814047,902.510243216933,0.23419958245907413,7,1,1,1
3,16,2,516.8608750053957,36306.6719969067,1496.6770096051487,0.3999088953581986,6,1,1,1
5,11,7,188.2260252266929,19243.739440767942,1205.9166293368944,0.30190273599576684,9,0,0,1
4,10,8,469.2866508611115,53785.836651342834,593.0129973490602,0.3781374618869148,5,1,0,1
1,24,9,846.7161250752426,32618.57158557664,2630.5735920131456,0.2354437516789073,6,1,2,1
1,14,9,624.5244835659023,10722.75446202627,200.0,0.31094222107509006,2,1,2,1
17,3,0,850.8246821370957,128179.61044538769,4757.233106504529,0.04312910629760874,1,0,0,0
3,15,8,403.52490359526,39408.19063252676,726.6077880755649,0.21713203009506565,8,1,3,1
23,9,5,50.0,22610.971279126326,1784.8786428420408,0.1,2,0,2,1
0,12,7,489.98376257706775,17979.922243322755,1776.755619533609,0.2225822742761463,11,1,2,1
19,2,0,1339.972797897777,343426.7269143753,7476.173591808756,0.031123510774232185,3,0,0,0
19,5,0,2066.94415149728,269739.69765710784,6007.7318696642,0.018235563682758384,1,0,0,0
15,5,0,1273.1215856680508,469040.3443014418,3875.9266674490273,0.020559782845397702,2,0,0,0
2,23,8,483.1287488320408,33453.690008184785,753.2302578060627,0.3833632548792182,5,0,2,1
14,3,0,1010.4247215907285,180601.77299575045,10000.0,0.02028757891052305,3,1,0,0
2,17,10,560.326042031547,22776.397665115994,1443.8201893021292,0.45402925090144897,10,1,2,1
20,1,1,1426.9025608232,362820.8011796339,5591.850934422284,0.005238773950873094,1,0,0,0
5,17,3,124.36758617335977,35261.19212264397,1355.4321724698943,0.1,8,1,2,1
0,22,6,234.5179220251499,40572.47451106453,797.0874271171806,0.561418716184522,9,0,3,1
4,16,8,201.77007059025763,43219.044292472034,2144.345901117443,0.6702173427913531,10,1,2,1
3,17,8,442.39663623511154,35464.05444603896,2093.102217474538,0.3862079624914231,4,0,0,1
18,5,0,1627.5664073701248,353202.8836117355,4883.961649016456,0.026049138271835685,2,0,0,0
23,8,8,533.1171108957964,17189.852656511073,1473.526648303597,0.2796565224194303,7,1,0,1
0,8,11,554.2948380644114,39698.4752368388,200.0,0.29082628155344786,6,1,0,1
0,10,9,431.7677660883948,47697.606115365736,1749.0464642747802,0.1428173891006045,2,1,2,1
16,1,0,1732.6541719871357,310612.440721318,7077.253166326458,0.012277913370324101,2,0,0,0
4,22,3,103.00969526198713,27164.44012533572,1183.7440705320648,0.24061361733637743,11,1,1,1
14,2,0,1978.8179233888116,430749.46412317414,5637.726474014636,0.04103087728668229,3,0,1,0
21,1,0,1467.491100360512,215386.7091450902,5567.240323643532,0.02723502169043767,1,0,0,0
3,11,6,445.61140926643714,27581.22477880998,1990.4052477773462,0.1,11,1,1,1
14,2,0,959.5959517472432,497312.4665786539,5974.271236066697,0.036083461057286145,3,0,0,0
3,6,6,295.5834663417957,25816.621779500423,728.527701977482,0.18130408145507682,4,1,2,1
11,5,0,1154.8174139083558,301000.4445747878,8540.296843932892,0.03271709092720767,3,0,0,0
2,11,11,50.0,29333.983562283098,457.2243639818614,0.1,11,1,1,1
11,5,0,700.2094045832396,293498.61772219435,7508.736844080837,0.03587558891755954,2,0,0,0
17,1,0,1098.4286759956335,265409.52777959965,5891.1524482283485,0.013404304611191162,2,0,0,0
4,18,6,147.34842214393646,32508.907983106208,1806.680930767662,0.10188817332286484,8,1,2,1
3,15,11,286.48288098247497,35705.239256206754,2398.5806887719045,0.1,4,1,1,1
10,5,0,999.1313972589688,279015.7889990948,6818.360327617643,0.01636405665073621,3,0,1,0
16,1,0,1252.648275595573,404105.9804943307,5266.7838104941975,0.014896999650766973,0,0,0,0
18,2,0,1761.0325668172272,253228.24567825583,9028.96059551653,0.016039529825007663,3,0,0,0
17,5,0,1980.6892681614465,283277.2030651073,3000.0,0.03001876384273055,3,0,0,0
2,10,9,493.8937793998407,23522.24002983064,1462.9423449628055,0.15108240803873935,3,1,2,1
2,23,2,675.9392670317476,29165.0230503158,769.6247770788556,0.4256632676536046,2,0,0,1
2,6,11,448.39509057505495,55418.378602949946,2734.850216187373,0.15841610448366894,3,1,0,1
2,19,3,506.28440838831193,30749.263740630984,1046.4550815628338,0.35711090664985784,3,0,2,1
23,11,4,458.6942783722904,23978.411179806095,1248.514706688834,0.1,11,1,0,1
22,2,0,1436.5390327634561,403706.2289764427,4463.576617714726,0.004062046098106193,0,1,0,0
17,1,0,1192.1940788993193,360620.97760176024,4992.24911959406,0.018907846151867323,2,0,0,0
1,12,9,215.8576502642057,23274.92715111821,1521.5470189628054,0.3453896739518886,5,1,1,1
0,22,11,639.31803011303,35367.53960311662,1154.976658012044,0.3087455631392666,2,1,0,1
14,4,0,1111.5231141523072,280095.03846592334,5977.4155544680225,0.025167290191258025,2,0,0,0
5,12,6,623.1408549132091,15760.82852162949,2149.3401676031226,0.12539616460223574,8,1,2,1
18,2,0,898.4120458838365,360086.89137235074,6551.326913469036,0.020441804936493634,2,0,0,0
3,14,11,316.4046583395651,34138.69321546916,1151.9186953014225,0.5066888728063104,3,0,2,1
17,3,0,604.5624088150388,100000.0,6025.010030687258,0.011912129350840553,0,0,0,0
22,2,0,1707.6749035404764,528974.6384473335,5664.3662313104705,0.016989555045571446,0,0,0,0
0,14,9,578.3878734445442,42943.13929939472,1841.812496217453,0.27656081235044155,5,0,1,1
1,21,6,50.0,1000.0,2890.6287285295984,0.5327342967267548,5,1,3,1
1,21,11,502.4287267054929,1000.0,1299.5879470937903,0.37001618683461657,4,1,0,1
20,2,0,498.02792275350066,411986.66299357463,9997.725586701876,0.014404365339303147,3,0,0,0
1,13,11,297.9189363889019,7515.777145682114,997.1365645126507,0.4008671408627246,11,1,3,1
2,7,9,536.428046637484,35598.54687230672,564.1655198016972,0.42428543627377935,6,1,3,1
19,2,0,1186.5660099280017,385529.42132023134,7150.394131303078,0.022196771305764196,0,0,0,0
16,3,0,1411.2634086846733,496699.08823706664,6363.942183757715,0.0235478106993152,2,0,0,0
4,17,3,198.04960934714364,20447.480596216265,1966.7379984718254,0.37070722875469153,6,1,1,1
20,3,1,1084.0223734533283,152723.91671023544,9579.261393279437,0.0049324370103936786,2,0,0,0
19,4,0,1004.162047020491,129499.12272615408,5839.823513126288,0.020805704675003294,1,0,0,0
3,9,2,179.2329981702895,34846.56442084804,2790.997709525725,0.2642017730618527,2,1,0,1
20,2,0,1164.5799793827957,190556.3950931596,3698.2393134477397,0.01993585698222468,3,0,0,0
15,2,0,556.0387194625251,463364.099040358,6079.395290363171,0.030311561801619376,2,0,1,0
23,12,2,364.10683621744033,18260.36667587358,1746.4253239105915,0.3633204913096376,3,0,3,1
18,3,0,1488.8107833425775,197167.82179598315,6141.872076155571,0.006895266058875233,0,0,0,0
0,7,7,435.2324679292742,25458.73506453436,200.0,0.2805270787736383,9,0,1,1
0,15,8,386.50100191258275,21735.95220739701,1389.1540036481674,0.10447875203259951,5,0,2,1
15,5,0,1095.0705614803487,294792.483605702,7585.405899308469,0.011792581362987869,0,0,0,0
18,1,0,895.10088889578,281538.51984942553,4497.516558464589,0.032662982636734554,0,0,0,0
14,1,0,300.0,316203.3993612148,4317.876291994521,0.005988269941610943,3,0,0,0
10,3,0,1123.6502790584884,296495.23876779864,6179.373199908818,0.014155511424933861,3,0,0,0
14,2,0,811.2927769040426,193333.12622252392,4597.9475325060275,0.028667877755870735,3,0,0,0
23,8,2,228.56295059616417,52779.299782167654,1356.857175562143,0.1,7,1,3,1
0,24,2,177.9273885646877,51379.00797826724,2225.1247447028045,0.30497857551219126,7,1,2,1
15,3,0,834.3810716637928,225187.38840507576,5673.62129047816,0.011671467469587206,0,0,0,0
22,2,1,1103.43206579271,249361.43855034976,9686.419174125398,0.026186221740984297,2,0,0,0
19,1,0,1243.2048489755994,261329.54587245564,4613.126914455981,0.025461267413725744,1,0,0,0
11,3,0,1574.93839123828,199991.92574130005,7067.874796118121,0.02185751367857687,0,0,0,0
3,7,7,453.83287960341835,39161.33023046474,1492.6388334228443,0.1,10,1,2,1
14,1,0,1600.7324845046123,125711.20261829405,5209.393168881361,0.030698813046722215,0,1,0,0
15,1,0,584.1362324188447,316695.9614395794,4665.390124246191,0.02209630083918286,2,0,0,0
12,3,0,1043.918197615898,427629.7389532607,7641.05241677459,0.013740055301734682,2,1,0,0
16,3,0,617.0170141965758,393799.5345091196,7080.304144701952,0.01326760101867058,2,0,0,0
20,5,0,610.2827777965877,387549.4883261721,5700.3891083163235,0.020152919952958072,3,0,0,0
23,24,5,538.9990829145474,46322.62664578783,216.76200721348482,0.1,5,1,2,1
2,8,6,420.9533668031561,1000.0,2352.302583547799,0.19873242667624275,6,1,1,1
3,17,8,507.0827071675379,15877.488546984798,611.3088241184332,0.3265368286299561,10,1,3,1
17,3,0,670.2133744437551,296047.6153835176,6072.491454646522,0.01990978119426625,0,0,0,0
3,24,11,458.3718289201487,62859.22177716749,1477.0525792949052,0.4102236726867907,8,1,2,1
3,8,10,50.0,10700.023282406612,1609.920132293864,0.19034477526833288,7,1,3,1
3,20,10,238.10449677806497,35594.98172301533,1486.9441582555648,0.2149380356826729,5,1,0,1
23,9,5,50.0,48650.29924471495,2831.747583390508,0.36602621107293726,4,1,0,1
18,4,0,452.91280073612745,403797.089570437,3918.6771226715596,0.005318175089130229,1,0,0,0
10,1,0,1131.2103176458309,442946.4709076554,3000.0,0.001,1,1,0,0
15,5,0,854.8762945567578,198919.44294881984,5317.21125150586,0.017831772579061846,0,0,1,0
13,2,0,2181.1446484569606,384897.0296135283,4666.538508946279,0.00991486248695753,1,0,0,0
15,4,0,1463.4206408016043,216830.77106800326,6949.978154360775,0.01812881609361333,0,0,0,0
4,9,5,653.1921832676643,29720.64866053127,1574.688334840544,0.33276258052589963,4,1,1,1
11,4,0,1766.298643064045,392409.7940966228,5517.493762569182,0.020177887403559143,1,0,0,0
3,17,9,691.955103322338,33268.687824014196,2521.3883394334644,0.37369414579139515,11,1,3,1
1,19,6,160.89285571715104,25056.74636143493,1452.7125591010165,0.2280103823161214,3,1,2,1
5,24,6,482.8431196498413,40861.090106347125,2732.452928605379,0.1935612352851354,3,1,0,1
21,5,0,1339.3032886056533,232297.67149192735,8099.2255899403535,0.011548527472564938,3,0,0,0
0,12,10,404.2735231743397,36056.034085264924,758.0825652319078,0.1,9,1,3,1
5,21,2,247.84014981141274,11960.777971175103,1368.619832886148,0.18980376965492907,4,1,2,1
3,22,7,385.48168317666057,17753.33439000653,1865.237768178003,0.3883739502035066,7,1,3,1
15,5,0,1124.1705218069376,448429.90909183177,8104.327362562815,0.014102445202021847,1,0,0,0
17,5,0,404.41237290166305,519918.80378890864,6452.246077096543,0.02688983546681561,3,0,0,0
4,12,5,490.0307684848178,7111.410646413853,1360.7283768971765,0.1185917091862709,11,0,0,1
14,1,0,921.8490138064949,239953.01835968014,5916.715163597637,0.009347783392897484,1,0,1,0
4,8,7,517.0764697637119,33892.92553041194,827.8217949215236,0.4392883260213485,5,1,0,1
4,18,10,422.35059394071624,29300.78600151293,1987.0579861169115,0.29701646378468904,4,1,1,1
3,16,3,486.29153485889447,53354.63427135408,1605.3083251564371,0.1,4,1,2,1
1,14,5,134.01290840750892,29416.048498742162,344.6884114154493,0.1,2,1,2,1
1,22,6,672.8883201340593,29436.38426816988,1050.5520103845156,0.20194722366511758,5,1,0,1
0,11,4,339.12351156752794,52778.76938918499,1260.3020137508424,0.4486369583679811,9,1,2,1
20,5,0,1475.7078676501228,279169.1843030297,6365.915326785445,0.025285755070751297,1,0,0,0
5,13,9,475.31556009533654,42933.05240558485,753.8957280029887,0.1391514558979366,2,1,2,1
14,2,0,1483.2519441981121,503588.8643500754,6375.059520605861,0.01162103641167869,2,0,0,0
23,18,11,84.52102032406998,29274.11108285507,200.0,0.29971116840701856,7,1,2,1
16,1,0,1180.8680615208345,375377.36383292195,4835.0656703212735,0.01955370777950184,0,0,0,0
4,15,5,607.0213146348596,61518.40171505233,1086.5082428694877,0.2822982908140808,4,1,2,1
10,3,0,1903.16267594184,200929.7241066551,9472.97200768393,0.03132013023421754,0,0,0,0
12,2,0,667.3673354569331,194121.65590747923,6441.5538002819585,0.0030950105116177677,0,0,0,0
1,16,6,611.0202315343447,55366.83592080946,2956.1923243932542,0.43532015923535283,2,1,2,1
20,3,0,1221.0688839260874,280176.20603474375,9062.16245323444,0.006203177408738259,3,0,0,0
4,13,7,707.7659848339443,23088.130362530905,1480.0992443697808,0.34854641156644994,2,0,1,1
1,10,2,464.78776732882585,18846.0765241165,826.6662465306626,0.1,6,0,0,1
4,13,8,50.0,28924.05492952812,1246.4241130906466,0.3822535983302007,9,1,1,1
4,10,7,678.1396887532825,60022.96820377113,1816.2009328651304,0.22455752335663126,4,1,0,1
22,3,0,1273.5785610005678,413408.0296068988,6824.95267829631,0.004008578948929607,1,0,1,0
23,19,4,553.2438630079695,20003.10006996502,2560.8596820809003,0.2778612089850018,9,1,1,1
1,9,2,261.65120640779355,32700.459502377988,1401.6092000777505,0.5545693058663672,10,1,1,1
1,21,5,399.24905339359924,41430.07313959528,764.7158961041022,0.1,8,1,2,1
3,7,9,413.507752611649,1000.0,1131.6578967098058,0.1,6,1,2,1
4,7,6,597.8099003167755,26248.825340680538,1993.9710807033762,0.18402871949267607,9,1,0,1
4,13,2,632.377459600069,14115.540575396337,2720.259808368295,0.5385669673039901,6,0,2,1
10,5,0,1358.3060606100494,316167.8911002991,6060.969609348583,0.01649628394369232,1,0,1,0
10,1,0,330.9081907189343,392317.8305622918,5048.916829202555,0.026245289100686554,3,0,1,0
3,13,8,141.7302642981589,33014.6153294593,1226.5474116268228,0.36377518738003956,7,1,1,1
21,1,0,1540.8798052382076,348452.302294563,6538.501146614599,0.025867633820969807,1,0,0,0
17,5,1,915.9763773517959,281661.50162270886,3000.0,0.001,3,0,0,0
18,1,0,2338.3509801156015,476929.77462631743,4918.3986165888655,0.02641161122887652,1,1,1,0
11,2,0,592.3578835029743,245135.04378595,6235.616134775815,0.026280982635474428,2,0,1,0
11,2,0,916.9517852524891,366778.1560596187,4105.342955372529,0.019122834935415955,0,1,1,0
13,5,0,990.2727544122368,261529.999114245,5669.742371664855,0.006625596681741983,0,0,0,0
0,14,8,340.76932865004665,35720.99148517287,1887.1075030730751,0.27601192386534584,2,1,2,1
15,3,0,1504.5394253493737,408421.5204141363,8356.136480562533,0.014262933133585683,1,0,0,0
19,5,0,1499.3122588594392,292516.4234326702,5228.771446248509,0.027496648194021218,3,1,0,0
5,7,8,496.29686068126307,31565.348574300864,1764.8029831668753,0.19737628179985464,5,1,1,1
15,4,0,1234.4939501188785,285132.0911128569,6300.432828506997,0.030301398560825817,1,0,1,0
17,2,0,1092.6189755212943,137641.29143651616,6014.242737630429,0.02887954245206013,1,0,0,0
17,5,0,512.1489925337859,251299.94441092285,9588.658408116717,0.014854110189435582,1,0,0,0
22,5,0,1439.6844684585465,322567.09659631876,6275.780311156749,0.017584458995464194,1,0,0,0
21,1,0,1737.0837755776379,216983.58777146714,6581.457497927476,0.021076149648857595,0,0,0,0
12,1,0,1151.1391015620804,250830.839124029,4956.148842294251,0.01431841404996288,3,0,0,0
23,7,9,481.0357613927283,46300.95648053754,2255.3889450774373,0.3903016727382156,7,1,0,1
11,3,0,1001.8787029586339,359269.8080908231,5209.318173833899,0.015594506921076976,2,0,0,0
3,18,2,302.0593213048984,2724.954014266066,2535.4289777238755,0.4048968339763399,3,1,3,1
23,18,3,408.9691766066845,53044.926283046734,1716.1084245664665,0.35931147403628866,8,1,1,1
10,4,0,1693.6679435165502,395208.77708182746,5746.4333867226605,0.02490028253317602,0,0,0,0
18,3,0,1019.9380320629086,161802.26253273428,7092.579433817964,0.03463838168728735,1,0,0,0
23,15,4,483.9373007589444,28485.016153058044,1399.076710433606,0.4472868238175165,2,1,2,1
0,24,11,463.8255990935206,46520.317546657,200.0,0.13461292235748498,7,1,0,1
20,2,0,1250.81707680596,189429.45245804006,5051.981484193537,0.03898965334691612,2,0,1,0
1,16,8,688.4681899636034,30048.337477913265,2292.9948971314434,0.13755998753336324,8,1,2,1
5,13,2,50.0,24595.326878377997,1332.7220489981294,0.18681856984376458,10,1,0,1
5,19,2,514.0214503967649,45122.909872594755,2555.8717831570084,0.2339754785613264,10,1,2,1
5,9,3,388.8423594637741,42823.36816146245,1925.2716695644795,0.32011535756752174,4,0,2,1
11,5,0,712.4726667129377,360763.175934814,5399.005221289187,0.010146326559119291,0,0,0,0
4,22,8,140.69834857951963,27757.340566033996,1668.7607710367145,0.25204662315528564,7,1,2,1
1,24,7,61.27776500660332,44653.46028890417,1394.1928507384575,0.31055905615787205,7,1,2,1
21,1,0,1133.100838104331,323700.4965878664,6899.245008856868,0.01651221350711122,3,0,0,0
16,2,0,951.410638114209,398178.98365690693,6105.9050494200865,0.011354889748417812,2,0,0,0
5,16,6,266.70991544784613,41508.51245355089,1698.0733028048246,0.2987189951788701,3,1,0,1
0,23,4,413.779666360093,51155.711691450386,3000.0,0.11833485014292222,4,1,2,1
4,20,8,474.86535113657595,38159.31447265859,1404.763427467004,0.23102918257997598,11,1,1,1
23,19,6,471.86111721125405,27045.609659740792,1596.386072575219,0.3564092391501392,3,1,1,1
1,12,11,50.0,34200.31451757967,2712.8512005608018,0.2129299811955377,3,1,3,1
20,1,1,665.4514786892522,457568.18972252926,7063.087489008586,0.027649971939279185,0,1,1,0
14,3,1,1515.228160641184,303719.3278620669,5138.920448204718,0.03153454640879411,1,0,0,0
0,14,3,395.12960385512366,39044.53878630833,456.3242600070612,0.2523113525847647,5,1,1,1
14,3,0,1714.2972408532257,411584.72749366466,7221.692911751658,0.023324252909825656,0,0,1,0
22,2,0,949.7937373271965,230157.75613093816,4037.8424352141697,0.005542000977536574,3,0,0,0
5,13,6,221.81105253385184,39485.77102609493,2071.164876237707,0.3177307782719284,10,1,1,1
1,19,10,200.19724385262566,43302.6641768663,1471.2294385004332,0.1,3,1,3,1
3,24,3,339.7072465302498,7565.3744449369115,1531.0095055136599,0.26909355086117465,10,1,2,1
5,7,2,659.9313435424859,28360.192074152772,501.5881631610032,0.2245793454335022,4,1,2,1
0,9,4,202.14096857796287,11127.495072606129,2375.1411790648126,0.1,5,0,3,1
19,5,0,1881.6185919287668,293676.44267325435,3418.7755244740165,0.019154385297335843,0,0,0,0
1,19,6,201.22551136911844,17280.86582215512,1294.6127155943411,0.1,11,0,2,1
1,23,7,703.9474059224558,34811.88323894198,1530.2439475308984,0.4922868228940576,3,1,1,1
1,20,4,164.2349249531697,80000.0,1918.3688957678692,0.2577803910860005,2,1,0,1
23,22,4,230.91088711554298,22992.939961919714,1077.4749777849725,0.6041511189396267,4,1,3,1
0,7,2,708.7901211293886,14261.808221422993,675.7575560125354,0.3406257891808787,7,1,0,1
3,13,4,514.2395478173094,16183.25610156639,2398.9257870634533,0.11543011009170995,4,1,1,1
4,9,6,864.8517477896528,1000.0,991.0903361284182,0.11238804605974806,4,1,2,1
20,1,0,1173.9446657084447,100000.0,6428.78329657377,0.02570812714966136,0,0,0,0
23,21,8,566.6368824032463,38707.98750602388,1225.3520654618367,0.3003111481540106,9,1,2,1
10,4,0,543.9624977160652,276954.70982781856,6472.5601879061005,0.028635582457245054,2,0,1,0
16,3,0,1313.7542851454375,394566.06628205837,5958.772948152199,0.040166124234609774,2,0,0,0
13,1,0,845.0794531855206,410477.63680558186,7493.083305974551,0.018600359295669826,2,0,0,0
3,15,7,475.01463204395696,14926.812981620033,417.3842589693072,0.20141271960483517,4,1,0,1
17,5,0,1363.5372847258016,125730.3298211036,6600.14700933459,0.01620097087674443,2,1,0,0
5,13,4,261.52419205164387,28182.773442837854,562.4661968206033,0.1,11,1,1,1
11,4,0,1654.0186247478764,458916.72432416375,4704.7593319761345,0.013183991491345335,2,0,1,0
13,1,0,1358.5867886515384,370628.3143143748,3333.177227726323,0.022396455748896597,3,0,0,0
0,14,8,634.9468521791867,22770.713379860106,522.4146061689652,0.1,3,1,1,1
15,5,0,1212.699503049517,514604.26806736214,3790.387482306085,0.015556676610014353,1,0,0,0
2,9,2,50.0,32125.362757063445,968.7433382256971,0.3677060639760705,5,1,2,1
5,23,11,610.0678461090848,30065.604857835417,1232.114482457299,0.2800427847543888,7,1,0,1
14,1,0,1593.8938743004821,292450.76285536634,4669.968773781423,0.02908696373124446,3,0,0,0
10,2,0,767.5951720949759,268935.3118151718,6826.108063572276,0.02854377341471164,0,0,1,0
15,5,0,2044.9573313257708,246101.3011624891,3000.0,0.03437892981027384,3,0,0,0
1,11,8,302.4119066183433,15384.38252124163,1405.280290509233,0.33269941846000206,3,1,2,1
13,4,0,1322.2601011907561,306753.97790699464,9578.80712861305,0.019142293791286735,3,0,0,0
1,13,2,567.6875594700465,27384.835991061344,1501.0709810475262,0.35776497912017063,5,0,2,1
5,24,11,428.24428731403424,10785.347294897747,967.9535978783636,0.2694001770360387,7,1,2,1
15,3,0,674.7191083814122,138215.48502431132,6351.673033088948,0.012941586904583049,0,0,0,0
21,1,0,1569.672636409574,257834.52328064464,5339.500955341198,0.001,0,0,0,0
0,22,5,213.75312569553014,25028.49079417643,2474.274705872252,0.2550222033827381,8,1,3,1
1,24,8,845.2536250779526,42542.6417846982,1890.9187016455257,0.2821554263671163,5,0,2,1
14,4,0,1207.1670952887666,291317.92907120433,4362.819533501966,0.022633119981877094,0,0,0,0
1,22,6,383.2164719609565,22736.491335575403,1523.1930192829418,0.21154664187051558,8,1,3,1
21,4,0,1783.8152699511766,170557.64941016928,6085.969786184711,0.008623729796918929,2,0,0,0
0,22,2,330.2596307790418,30706.196972777216,200.0,0.3586630903365639,2,1,0,1
3,23,5,428.78293820467485,33272.98478464211,1723.0855235434303,0.3347133473446194,6,0,0,1
3,22,2,381.87386721553895,33281.33494656742,1832.577411642385,0.5235280480030662,6,1,2,1
16,3,0,1887.9067171718061,389459.148256923,3000.0,0.010454941514822003,3,0,0,0
11,2,0,1125.2126282128227,161071.87313767298,9417.383076187889,0.04792059874784324,3,0,0,0
0,9,7,348.55293676126684,21544.40041475561,630.1988934238406,0.1,10,0,2,1
15,1,0,1595.4554088557047,143698.10987035502,6056.0295839138025,0.025526689670227642,0,0,0,0
22,4,0,1223.964175873793,145843.3828145132,6898.943675190205,0.02021551212050941,0,1,0,0
2,12,9,394.7380912412889,18802.899458477106,1044.6755630298462,0.2917038132414313,4,0,1,1
3,9,4,254.5736607680742,29809.698550796857,1544.5703932807196,0.16881172888172202,8,0,1,1
5,23,2,695.782436670939,57011.892817566215,929.6037711681174,0.11759992920920323,4,1,3,1
3,20,9,668.7956132165402,1269.4552294426503,1852.4688380925968,0.38034176128665964,11,1,1,1
2,10,3,422.7744252416956,24524.92572436129,1505.33652888604,0.27188184298871965,5,1,3,1
12,4,0,1801.6270418080794,417678.33821743215,3000.0,0.02836928435213345,2,0,0,0
19,1,0,717.0482391569183,441890.40694751835,5282.089921301581,0.021744087485610877,0,0,0,0
14,1,0,332.1407671261777,324206.5621354312,6261.811980310735,0.007647103266091644,3,0,0,0
19,5,0,1178.7495444982173,239278.955700422,4044.9286130050386,0.015446559647551471,0,1,0,0
14,1,0,1671.3579206307109,100000.0,3628.471303021141,0.024560776974721428,2,0,0,0
4,6,5,505.2000185556368,37291.34630989792,2287.0525351783594,0.3561001129407892,7,1,2,1
18,5,0,1404.6665200663606,346056.5878601544,5924.801694276092,0.021116849298017035,0,0,0,0
3,6,5,238.07249656098034,27860.160351374463,1845.3716186926758,0.1,6,1,1,1
5,9,11,697.7457036485289,76777.27342646892,1579.035079440677,0.5190339076209005,3,0,0,1
0,13,11,781.1077059154018,29057.445633495157,3000.0,0.32388423110744974,4,1,1,1
2,12,2,208.75233726634815,36985.60174681744,3000.0,0.3718225122432639,8,1,2,1
1,19,10,486.2260711691551,25877.17818556557,1694.7885353802492,0.20840360678840125,9,1,2,1
12,3,0,1380.681859956271,327270.840729128,4303.371225795192,0.019478710767941426,1,0,1,0
19,5,0,1999.1304500108522,166131.7258454496,7874.658144868166,0.020264660896156753,2,0,0,0
23,16,2,492.3723056855938,45160.31049686649,2607.038385848452,0.1,9,1,3,1
3,21,9,218.91019199723763,46013.42235320864,857.2419513866762,0.35891996916124147,11,1,2,1
21,3,0,1273.0463134661584,415253.7010330326,6090.667035323731,0.01573791099740929,3,0,0,0
14,1,0,2199.280047189645,185335.69163327257,4035.3229580925454,0.019232582691872686,0,0,0,0
19,3,0,1337.0996021741705,335100.11542248493,6392.484757876991,0.033236301685549294,2,1,0,0
2,22,5,442.984896320632,25635.399375141693,2244.3189634917594,0.1637798815003496,6,1,1,1
10,3,0,978.8380246516804,163988.4286576136,6458.883805841134,0.005890268647148316,2,0,0,0
20,2,0,636.1804478369568,257973.69453089224,7284.329369976459,0.005815956779223905,3,0,0,0
15,5,0,1546.728434366663,322345.4286139016,7797.529337479327,0.012758404311768407,1,0,0,0
2,14,8,326.4265721796736,12876.408141561307,647.0394337559579,0.18104291596808803,4,1,1,1
22,4,0,382.60259900595145,218164.753791493,7215.83109714573,0.023971604406467013,0,0,0,0
4,14,11,546.6898895484059,43538.53286682433,2117.568853848161,0.1,4,1,2,1
20,1,0,700.4901477300014,343002.2074150171,5225.154799760805,0.016358957911115187,3,0,0,0
21,5,0,1655.5123247688516,394086.92382732965,7136.950423498715,0.015216248782501461,3,0,0,0
10,3,0,1571.1475061900856,205541.23092316798,4385.226954527696,0.013517445337955323,1,0,0,0
10,3,0,1084.0923613084124,393007.24593022314,5691.8885223767775,0.030137278992804585,2,0,0,0
14,3,0,1110.3162912823732,255499.65174622653,7627.877149047648,0.01902845795367441,2,0,0,0
11,5,0,404.73815243140166,326872.2998782927,9967.907575229568,0.009644366484565752,1,0,0,0
5,8,7,485.8004030795495,30654.777905048097,1078.8701615252003,0.44587092872438827,4,1,3,1
4,21,4,595.569718958603,18138.71847021788,3000.0,0.34736156988402045,10,1,1,1
11,1,0,1112.732327019668,278426.629222945,4626.593990020313,0.0157459589045071,2,1,0,0
19,3,0,1411.4051523223798,342373.9676841343,5991.236113293575,0.0165702743445384,1,0,0,0
11,3,0,1742.418538652577,322757.02828150976,7903.449690004125,0.014480276122315224,1,0,0,0
2,15,3,200.11075494355197,11823.27857535598,2192.5551445588794,0.2988213141239718,3,1,1,1
0,19,2,194.6200595298404,32819.5437503737,1426.675332048064,0.30296792834752273,9,1,2,1
10,1,0,1378.938223722535,174215.94439946802,4347.0525641190015,0.03153134878679183,0,1,0,0
21,5,0,1468.3830288383247,208868.27345379267,4635.977093159899,0.028666833117354743,0,0,0,0
0,10,10,222.76720354518605,19863.345182095334,555.8686660735544,0.30647258544881906,9,1,1,1
18,4,0,1427.9605585770569,265686.68869403005,10000.0,0.03937076736982157,3,0,0,0
0,6,6,306.87004731297935,36145.20254462423,1497.0855165447927,0.1908093582890314,11,1,1,1
0,7,3,616.0274612238277,30908.1832992349,3000.0,0.1,10,1,2,1
18,2,0,1621.922573237849,287670.1953581002,6643.581444873349,0.010483656796851471,1,0,0,0
4,10,6,50.0,1000.0,1026.845393155151,0.43261159040470987,4,1,0,1
22,1,0,752.0243451981532,100000.0,4885.887074217437,0.036699512829786965,3,0,0,0
23,24,9,340.21477359857573,27835.71181184182,311.140570499065,0.521976107918098,10,0,2,1
14,1,0,1223.225532009774,227172.76739811583,3149.6618772431557,0.03407995525444814,3,0,0,0
13,2,0,1593.2200594715805,208491.62493891333,6645.403334625958,0.011244105174349803,1,0,1,0
1,13,4,302.36624457495174,41826.46541179647,1075.9450537432763,0.15852956797637135,2,1,2,1
19,5,0,743.8216852919788,228909.67122355558,4428.983626416772,0.0040383737895323644,3,0,1,0
17,3,0,1731.6288387976383,384988.86462208914,6193.15436390168,0.001,2,0,1,0
3,11,9,340.74726581096184,23506.254909444728,907.4141176880203,0.20311436835832344,2,1,2,1
3,11,7,50.0,36815.53415307363,1852.5603716578144,0.18691804395240835,7,1,2,1
17,3,0,1005.1916547861975,335504.76714550937,7295.373437021606,0.030259342072505656,0,0,0,0
22,2,0,1276.042517139712,329376.808097944,3691.3450012754565,0.018471672501296804,0,0,1,0
19,4,0,1141.8618742049046,372387.0874907686,6127.725337753017,0.009378438774732451,0,0,1,0
5,8,4,345.3925011978377,19691.296679145154,659.8483235703917,0.17561219313734433,7,1,3,1
23,8,3,298.42275354762614,30694.353309682283,1062.3771485508355,0.11870094969747866,8,1,1,1
15,3,0,373.7191608679518,310156.2332191404,9334.132296714944,0.020837729989333954,1,0,0,0
11,3,0,715.8952836612245,360630.0183347096,5518.830763078547,0.00848420822202535,2,0,0,0
17,5,0,321.7310234697013,377967.65159428876,6590.1257274647105,0.024379854223555528,2,1,0,0
23,10,11,50.0,51051.91170765544,928.3318761385042,0.1,2,1,2,1
19,4,1,642.2333738964378,350982.5181607319,7618.228665910119,0.02502511684437542,2,0,1,0
3,8,4,50.0,30619.95319042541,1622.3332116716936,0.48764952204015605,10,1,3,1
11,1,0,1425.3342012235623,100000.0,7053.165958326032,0.02198188594284399,0,0,0,0
5,15,7,409.3716781769289,25613.638630312464,1691.69501060618,0.3602392867787613,11,0,3,1
12,2,0,964.5620061750902,299000.468762216,7918.803091349788,0.0056943997144499065,3,0,0,0
5,17,4,136.59650649060484,45989.00382320145,1388.833298402794,0.10881597130244552,7,1,1,1
20,5,0,767.7362281703001,362976.96806372027,9187.49518808806,0.011109073744799287,0,0,0,0
17,4,0,1524.2144459318952,310691.4212769939,5162.242855412342,0.03364335187744172,2,0,0,0
22,5,0,931.7295054379606,151955.60749772837,5993.051383993243,0.030944248656423166,1,1,0,0
12,4,0,1670.407076713625,399212.70387570607,7412.713524790575,0.023109275818776746,1,0,0,0
23,15,4,644.3903930013623,36077.05365027025,711.0020827270072,0.5784220162548385,10,0,1,1
4,9,8,169.27808323058903,38471.51775322889,1381.5405789274296,0.3606479486584826,2,1,0,1
0,12,5,522.7648789306711,40686.18999314225,433.6805913844262,0.16823177025686997,10,1,2,1
12,3,0,779.8731462711438,206326.26446939836,7481.278097717025,0.044982733792890944,1,0,1,0
16,1,0,574.3180394612126,239935.66629573354,7003.1964954451305,0.03507831343803759,0,0,0,0
2,19,8,435.59692438856484,41657.26000229022,777.4047386006284,0.13654589155870056,10,1,2,1
0,17,5,577.9947448130324,29508.04494373416,1372.3810180512078,0.17567209818860063,3,1,0,1
17,2,0,1325.1671955604686,534064.329118308,7106.556320250874,0.030441400069095403,3,0,0,0
18,4,0,1305.5897237744632,346335.6157018297,9504.208892370756,0.01382354641122134,1,0,1,0
22,2,0,1223.7251061677512,405969.8685804139,5280.092993196017,0.01904580548087665,1,0,0,0
16,5,0,1291.727566715209,493517.7501963806,5941.900094970673,0.019469007003946274,3,0,0,0
17,5,0,1392.820291320124,185338.5018269708,5839.881880238981,0.025818994401832947,2,0,0,0
5,8,9,567.7004692731443,40896.00575241771,1559.4539967962169,0.48781061174215046,3,1,2,1
20,3,0,1172.119232352871,350486.663229528,5930.694779272676,0.007464754512299776,3,0,0,0
11,5,0,1656.479765963361,418326.1319423921,5795.4784258611535,0.017214740064899457,2,0,0,0
12,4,0,1481.7012380083681,303733.50771107123,6240.001486229923,0.009360146780878499,1,0,0,0
2,21,11,704.0656298498217,23348.925037951776,2127.495959432298,0.1,9,1,3,1
4,13,3,50.0,54314.59854081735,460.17819297080723,0.3937804791387744,10,1,0,1
5,8,6,262.5696988752156,34286.4393980455,1009.0892482533748,0.22541200488678417,10,1,3,1
23,8,8,499.3036780114559,63098.60832204733,2025.1457847136585,0.17780255837807174,10,1,0,1
5,17,5,707.2532062526527,1000.0,737.3596473548238,0.36027299147517067,10,1,0,1
23,17,9,250.38860883092556,10375.664818284211,445.75246908396457,0.41362139881002447,7,1,2,1
23,8,5,421.61504675319065,21494.25094410344,1176.4690500591391,0.29130491257190166,11,1,2,1
3,11,5,239.20112295385834,28266.74046771249,1916.1064358348226,0.33602363611498703,6,1,0,1
19,3,0,1463.2270302227414,297847.9005417343,4967.587737287072,0.015163985280598114,3,0,0,0
23,21,5,528.0585175863016,53149.93041122919,988.4841637815072,0.22373454039381235,9,1,2,1
1,7,9,50.0,18817.934352415956,1665.5394493048827,0.1,6,1,3,1
2,13,5,473.9444538434975,39511.17335679863,987.6132261556256,0.13421394658838764,5,1,2,1
0,9,9,423.2364586872868,33209.66638780182,946.1769443289662,0.5885345725133417,6,0,1,1
5,19,2,381.4904436092364,6465.575506673864,1487.4882305755507,0.2246011204924585,7,1,1,1
3,13,5,538.8581322683453,25690.386950580243,553.041471944987,0.3853119848011658,9,1,2,1
22,2,0,1386.1375975831506,339459.8935358264,9142.033312896792,0.012070625862450913,3,0,0,0
5,21,4,252.50952868249732,42208.54550841681,1621.7451631477327,0.1,3,0,3,1
14,3,0,1684.3269036767992,326974.89374919195,4916.5424278465,0.028974354289440715,0,0,0,0
10,2,0,1054.271934860415,320121.29708598123,5087.150534976998,0.012825096331223694,2,1,0,0
21,2,0,345.2407482551432,339295.4063173441,6911.321881921562,0.021699418749175928,1,0,0,0
21,3,0,1503.9747927839312,354680.1788338588,6897.050557184079,0.010666118843680593,3,0,0,0
16,3,0,1458.295140151162,189977.56203191413,8301.248019425579,0.011369941523894833,0,1,0,0
16,5,0,1400.8840182828033,100000.0,4601.341379262718,0.019124224151760932,1,0,1,0
21,5,0,850.9826492897962,407066.002828769,5891.412564956191,0.017378534602794187,3,1,0,0
4,15,5,344.66825429931174,49299.1924034659,500.4838031069431,0.1887044365430605,9,1,1,1
3,9,4,408.57933288257124,24120.3577669287,1351.5456286260055,0.15368095902352819,7,1,2,1
22,2,0,1443.4408655722357,183599.50899966466,4985.4316706673235,0.011654598712960705,2,0,0,0
13,3,0,1704.836198410338,500131.795686616,8129.071694460785,0.01033083250386235,2,0,0,0
23,24,7,279.8652712788511,25949.27133427917,2801.5418899466076,0.1484668546577706,2,1,3,1
20,2,0,1223.9411845518737,245063.71298879277,4613.776085083266,0.05,2,0,1,0
0,11,10,599.1679925637427,16468.08345536267,1921.1930828966779,0.17652005089972644,2,1,0,1
19,5,0,742.7357575839678,218853.47993766173,4499.649932033139,0.02046056042823805,1,0,1,0
0,18,10,459.1540324864767,11472.973918344258,1103.5071732061206,0.14421554366029166,11,1,2,1
3,21,10,490.81107430165383,31822.686324893028,829.8321623488699,0.45065713380682015,6,1,2,1
15,4,0,1588.0271154730096,231963.2233510145,6478.456401144997,0.03965692296554288,1,1,0,0
10,5,0,635.3697259499748,398354.57924075634,5843.001189006122,0.026389743917776216,2,0,0,0
17,5,0,1934.3649600803315,102545.82159886192,5872.4428727438035,0.0037152614247254606,2,0,0,0
23,9,6,358.26150452154764,32771.26794435584,1638.4188837087086,0.35128603615585385,4,1,1,1
5,19,6,582.8292827413567,35898.23727764543,1860.8876687631157,0.25272425989769887,6,1,2,1
15,4,1,1777.6573282851468,331509.02334695746,7869.546887821296,0.024941516745784365,1,0,0,0
10,2,0,842.7877992365925,332539.8160990333,4357.736079023791,0.027779962454884063,0,0,0,0
3,11,3,385.81895273353564,42196.77151058808,2201.915973233399,0.1,11,1,1,1
4,17,10,104.41927241234015,26017.592751966433,1564.011726385025,0.380161465029405,9,1,1,1
1,19,10,345.61694021253584,20950.61437771854,2123.139167655583,0.16672033705020173,6,1,3,1
23,22,4,250.4910174099993,24296.049318226196,1140.6749629159874,0.1,8,1,3,1
20,1,0,945.7473536553608,354725.04430673865,4955.127096084698,0.004977268379343949,1,0,0,0
1,17,5,724.5907025441063,54201.71765855714,2295.763317246148,0.37542013897561355,8,1,1,1
5,21,6,76.7242128950399,35423.88496512607,2199.650565259373,0.1,5,1,2,1
1,23,2,511.6410054116885,54366.33878492155,1158.990171980902,0.11949289734644325,3,1,2,1
3,12,10,498.8143265935827,18574.35069435992,749.3999970920613,0.10440939254430515,5,1,1,1
21,2,0,1149.5007409001648,440942.6629563508,7855.535782076351,0.027439383835236395,0,0,0,0
4,11,4,640.5204486548233,1000.0,1959.3244889253308,0.31626603683438936,8,1,3,1
0,12,3,364.41425498510773,16773.42958904963,2247.965712663309,0.4608508568619995,10,1,0,1
12,4,0,677.6000377059081,222463.24154134255,3380.1513600678054,0.02365373769241199,3,0,0,0
19,4,0,1461.3257256858165,315968.7961210036,4063.5119393968707,0.013733846909270576,3,0,0,0
21,5,0,410.39687909374334,408194.8177713248,5787.318763886317,0.02642091361989841,0,0,0,0
14,4,0,1541.922814260544,166360.8271676586,9259.73830950215,0.014267032159381049,1,0,0,0
10,2,0,1226.2323885480712,230200.83794617318,4737.1355392251235,0.025101797436751644,2,0,0,0
19,5,0,1545.5310914754198,263927.5180041386,5475.934906027369,0.018250743377103442,3,0,0,0
16,3,0,1293.3661844429234,407166.39795447496,7087.037098728044,0.03922345837666645,0,0,0,0
19,5,0,686.0794999509523,298034.9987798511,7256.756760782432,0.03443196986880234,3,0,0,0
23,20,11,311.2160346990937,11400.628820680828,629.7024283177137,0.21676722402453766,11,1,2,1
3,22,11,251.7373140882131,42728.55654620484,997.5932767617021,0.2792904083936966,8,1,2,1
18,4,0,1765.5940627991208,170994.7507550842,8582.8482385155,0.032667745177402896,1,0,0,0
1,23,11,460.71326813464464,29001.35429505262,664.5927980061796,0.34582496139004626,5,0,0,1
21,4,0,850.3585748549308,273937.68688617635,3206.3463821941577,0.01732153584219698,2,1,0,0
0,8,2,374.6087616033401,30531.42684344304,1424.9999633837433,0.1,3,1,2,1
4,11,8,330.74749514066656,7993.757036247818,1543.7267357000414,0.3660560909826166,8,1,2,1
15,4,0,656.7959763833977,209120.6532804427,5277.391704596914,0.04284186951292216,1,0,0,0
23,11,6,226.78454906756423,36672.13973342934,788.838143756778,0.11687070304846484,8,1,2,1
19,2,1,1411.6460434254882,181985.83955382,4509.975595981608,0.007477018658377769,0,0,0,0
13,3,0,1502.0410923173586,317414.77580057894,7955.373307246622,0.017579701336976027,1,0,0,0
23,21,7,240.63089534711685,62001.25614020641,1334.4876099536527,0.2462967519408805,9,1,1,1
14,2,0,1318.516139393374,405934.2543360749,4047.04410906674,0.01873810544084284,3,0,0,0
0,6,9,50.0,33290.25324368545,3000.0,0.3731537230951765,4,1,1,1
16,3,0,2319.9296585351326,227728.7131614216,7175.635128915417,0.004443671461696785,3,1,0,0
3,9,4,50.0,29831.261472602993,1163.4306309400245,0.3153856487013835,6,1,1,1
17,1,0,811.3131282892292,461490.59259718214,8194.106844950156,0.004200190760056208,2,0,0,0
18,1,0,1585.8696958745682,172504.08716178546,7327.928380849471,0.017530811638259376,2,0,0,0
5,11,10,254.7399901855727,19512.180874570087,3000.0,0.26699244928215066,4,1,0,1
12,4,0,1095.9169994564234,298225.8165485622,3724.28072979875,0.023821626813608072,2,0,1,0
3,7,3,1000.0,35748.545279120284,897.0971615145817,0.1,2,1,1,1
13,2,0,2028.101233946878,256680.6250665745,7336.477216478921,0.015224243173962992,0,0,0,0
2,6,6,407.36515514223055,19224.547303603234,2440.6502500904694,0.3011232027456493,2,1,1,1
12,4,0,695.0190393341355,319612.2505388243,7849.761785724503,0.04287814421515975,1,0,0,0
14,4,0,1673.6276233775495,338064.64279451594,8345.741487711193,0.01458906715875177,2,0,0,0
21,5,0,1413.8030192826848,469741.22264385846,4532.932510706261,0.01575787040464478,3,0,0,0
1,9,9,145.52727081711575,27570.553031716026,1660.6650390344766,0.1,3,1,3,1
1,7,6,331.6518396247793,27894.369657233357,701.9990981152209,0.32970040668567047,11,1,3,1
1,16,5,304.53815711014136,19293.1480021607,797.4306392261583,0.1038370712580648,6,1,2,1
23,22,8,387.89390517643943,26151.3412611954,1815.11746746897,0.1684699580992463,9,0,1,1
3,8,10,445.4070302769696,31582.28778944043,200.0,0.6115210768814681,6,1,3,1
1,21,8,344.05828035913834,41199.16237217991,1171.44764443563,0.10735296918995571,3,1,2,1
18,2,0,1515.6069007248655,499751.17034922045,4231.736675858311,0.012524772977114833,3,0,0,0
5,19,8,449.13201428868024,58178.25769168329,817.0412400990116,0.32759704645881915,8,1,3,1
2,16,9,737.6871119112584,34529.05852004371,1179.6807585278186,0.20357442595568767,4,1,0,1
2,24,10,461.98843479951825,24433.82761743981,3000.0,0.3056320398512423,4,1,1,1
3,18,10,399.25947717727263,49419.952299800054,1132.092051843379,0.1,4,1,3,1
3,13,4,326.94097607398203,29597.30808981679,956.1676931459152,0.21112631900036327,11,1,3,1
5,14,6,183.03639798402696,52911.73831642224,1322.4281311775458,0.5883110332431469,11,0,2,1
14,1,0,1999.9023327832078,290137.7895665842,5007.385045575351,0.019038278420257012,0,0,0,0
14,3,0,1300.7521440371422,130123.06935416878,4797.562844270118,0.020070258713429698,3,0,0,0
20,2,0,922.423204474884,428706.81783811725,5548.297022255528,0.011687455777349098,2,0,0,0
12,4,0,1567.0397081038518,184200.43633057756,3000.0,0.026789371593675802,1,0,1,0
2,19,2,417.33942520585384,42633.12845342302,818.3673550881149,0.1312546387696233,10,1,3,1
19,5,0,1515.64840939608,362643.9750453939,7143.810023596496,0.008805477814067302,2,0,0,0
18,5,0,947.4353452983478,348761.53672779066,7314.396565679445,0.009472928272971606,2,0,0,0
5,7,11,473.958150010248,36187.16420052093,1691.6604614148314,0.16247873404018748,8,1,1,1
12,3,0,959.3323291570234,148983.98219309264,3872.300738014407,0.028305523714809273,0,0,1,0
3,8,10,225.19324993049483,31206.33390410128,2579.6579222251885,0.1,5,1,1,1
12,1,0,1560.797381100055,319771.5374657919,8540.932388172938,0.032357608819390565,0,0,1,0
17,4,0,2441.353762305948,269406.01462111506,9812.565232254285,0.013115817237105337,3,0,0,0
1,18,6,243.18947431260068,21749.361626655103,1234.1419810559455,0.2596455790526092,8,0,1,1
23,14,9,251.2233652464465,39517.744764142204,1159.5924269960697,0.1,2,1,2,1
10,1,0,1078.2076730438769,379910.1464021888,5871.847365319968,0.02659340964957789,1,0,0,0
4,15,5,621.2778395348381,35979.26291405292,2267.0583174842964,0.4987452283951469,2,1,1,1
15,4,0,1449.9181557878007,258313.98292882473,5405.09014027075,0.03336767009654972,0,0,0,0
12,4,0,800.7597359057872,246868.22887380683,6049.650708321731,0.00901160198456097,1,0,0,0
4,23,10,213.10879363988715,22762.645315552032,3000.0,0.4338334371333174,11,1,2,1
21,5,0,766.8663749667819,354293.9262004888,3844.7982250705645,0.024224848372332915,3,0,0,0
3,17,3,507.663687818743,14422.88013207543,1317.8739071680573,0.355339214175784,2,1,2,1
13,2,0,1770.1733118118527,295764.9843967531,7861.918277629766,0.03356018492753437,3,0,0,0
12,3,0,1533.0019125495073,100000.0,9072.690294438737,0.009521327927457501,2,1,0,0
22,5,0,1216.9164375990902,263799.9461009496,7804.399411608147,0.031084416200825367,2,1,0,0
23,24,10,133.31864605137622,20080.868854724176,2096.062719723473,0.3055797735844217,8,1,2,1
2,14,10,229.34414322260196,23815.399056633916,1622.8434806612024,0.4381805918269256,4,1,1,1
16,3,0,1723.9253340768496,307968.8781444731,7125.148340729705,0.02911859144856726,1,0,1,0
14,4,0,1222.6749909193752,125117.87605212533,6878.117321740747,0.015670112436126857,1,0,0,0
2,19,7,572.1403399063968,30771.89874857184,1725.7317481027942,0.30676874300075707,11,1,0,1
12,5,0,420.41454471256986,272164.4683780805,9455.552074892168,0.020476013445436293,3,0,0,0
22,2,0,939.9310911655368,153186.18733837397,7190.165385246678,0.013439022227684151,2,0,0,0
2,14,3,779.5625473274739,28915.391899210408,2406.4697036623706,0.38042372268661345,7,1,1,1
12,5,0,1435.7349138935397,421153.02123032056,4199.707237612209,0.025148421928734493,2,0,0,0
4,16,2,175.36598543965272,43395.68280351219,374.9226931132439,0.41313836915461655,3,1,2,1
12,4,0,564.652300699767,244911.9956795004,5831.649302386931,0.02296257837357472,2,0,0,0
20,1,0,379.59100458956095,153935.73003221815,5306.69485217659,0.012271742471278806,2,0,0,0
11,2,0,1207.7230116904523,222867.38584426377,4680.723890960167,0.014719950226496647,2,0,0,0
0,14,2,398.6108413676052,1000.0,1062.8317454811174,0.15850636690087555,3,1,1,1
2,21,4,366.66302274031233,23705.043479298245,1098.0000109107582,0.4665428484234074,5,1,3,1
11,3,0,1081.4770388859592,346761.62799442455,7286.615561007129,0.014502045897827713,3,0,0,0
23,10,4,504.9484386507895,58209.64609293585,1115.6190438084311,0.4062323051403708,8,1,1,1
22,1,0,1163.6720666498459,418235.01319889363,4807.321304501696,0.031460277143092415,3,0,1,0
21,2,0,939.2401624499828,189974.82771990355,4186.3493397961565,0.03518354317545723,1,0,1,0
5,11,6,641.6954867032557,22785.16660953046,2290.76187964055,0.178331692324114,7,1,3,1
10,5,0,1291.5093520098728,348527.0334348204,8847.767380312134,0.030512243802489618,0,0,0,0
17,3,0,859.694060524909,186712.31321525888,5051.139182700484,0.010547606947176996,2,0,0,0
1,13,5,336.1148997604195,26260.24436044298,2894.2529916079975,0.3856683629089633,9,1,2,1
4,13,5,315.5849242994958,31369.66730617949,737.0173801285654,0.4563811369562666,3,0,1,1
12,5,0,1708.9081511066197,330517.3183128945,6798.47635250298,0.02817645726078391,3,0,0,0
5,7,9,300.319010114767,44820.631828865975,3000.0,0.4143082620956714,4,0,3,1
5,11,2,303.18537817096035,33838.61214017893,1426.608949339698,0.3965487773291539,10,0,1,1
2,12,9,408.0836501312371,19064.59493420311,2181.3303027692295,0.1344743465680377,8,1,2,1
22,4,0,1984.6517893192718,447946.1433469766,7153.360694488532,0.020551645184655676,2,0,0,0
4,16,4,428.52859858033,27233.515033644348,1465.4578528616046,0.19253594315661832,3,1,1,1
5,10,8,745.037731746128,33593.60781310531,671.1751005103382,0.22849697415731024,8,1,1,1
5,22,7,437.1623705517167,29214.20529600006,1132.9736872236858,0.11599312371570561,8,1,2,1
4,21,9,92.27083442530318,44422.4393053686,2228.4991134735333,0.3073797429742024,2,1,0,1
23,11,6,456.1295214944095,46131.62365072109,1914.8762565222046,0.14977147875404123,7,1,2,1
14,1,0,974.2553785755363,490518.491022359,8334.053381267559,0.038033753153897724,3,0,0,0
15,3,0,702.5937310703632,327219.92597537907,5999.13274316278,0.0351269425809294,0,0,0,0
21,2,0,964.1522949758054,192306.82537430612,5788.708238396643,0.012417842619414197,0,0,0,0
20,1,0,995.2873103499892,342796.66733564733,3000.0,0.012315782462567565,3,0,0,0
23,10,2,382.3045392777516,21130.642228511973,694.8309231754555,0.5573457046846755,8,1,1,1
17,4,0,1236.6182576178912,319529.66559568525,6936.8914657576115,0.004847961310263991,3,0,0,0
20,2,0,1790.4760398919216,476101.1230334019,3000.0,0.001,2,0,0,0
15,3,0,1239.3606667259476,482891.96752065246,7984.549458879743,0.019252625341436545,1,0,0,0
2,23,5,742.9343471162807,20340.7279648998,1667.949871952353,0.1837944500673082,2,1,2,1
23,12,5,329.63952443963944,47054.330134173884,2515.862018278607,0.1239669303960525,6,1,1,1
3,7,3,50.0,14165.781503253722,2008.273648464371,0.1303670473028267,8,1,0,1
18,4,0,2370.462935407317,323460.484106258,5423.872220259665,0.01707519664881589,3,0,0,0
21,4,0,1056.4495660527468,444328.3532448617,5108.241327546344,0.016416612200846843,3,0,1,0
13,1,0,1663.9849867365642,364031.9955494499,8170.449547135556,0.021256412361475196,1,0,0,0
14,2,0,978.6885708527718,106011.40211940397,4935.252766659216,0.0269699121500238,2,0,0,0
4,18,6,320.93382952968045,36016.99576823448,954.58102347907,0.2489824211387414,7,1,2,1
22,4,0,1020.4160736239305,330344.2250291008,9022.37741420288,0.004383781267661216,2,0,1,0
0,7,11,423.9374282608831,18100.960568692026,2844.9498586347418,0.2390262214168801,9,1,3,1
17,1,0,1477.999867555106,275252.39919590135,6638.0390361303525,0.016400290759152534,0,0,0,0
4,9,6,437.3704721550926,29473.827366701495,1615.5460895911028,0.16231029676889974,8,1,1,1
22,4,0,1472.493727998,102919.91839067923,8493.286612572698,0.01802485175982986,0,0,0,0
17,2,0,907.5263036343839,326743.30349504144,7029.948984460853,0.002639874239231798,0,0,1,0
10,5,0,1369.4235348066884,260691.36162073197,4946.342054749587,0.007077812056023602,3,1,0,0
14,4,0,942.6411751198497,235460.690541189,8444.658411104803,0.004532675121130411,3,0,1,0
23,7,3,249.43786126163693,41973.05375460465,1539.5958564417522,0.17758986649939706,7,1,0,1
11,2,0,1345.8505415768204,281575.4021145952,4137.202001988096,0.006084237682027352,2,0,0,0
13,1,0,1349.3027696540678,335888.56151710835,5638.800610477743,0.027170790290656974,2,0,1,0
22,3,0,458.9161860538885,384185.8822708537,7307.849640401787,0.012078590016568394,2,0,0,0
3,21,10,474.4756644794611,48609.902536844485,338.91871841663647,0.24097426634396268,7,1,1,1
23,11,2,315.14213002720334,23962.750265214967,1521.982681836391,0.11683431676346576,4,1,3,1
0,17,8,483.55707994446055,9128.043651616172,1489.7510785069046,0.20532903533215863,9,1,2,1
2,24,8,280.7682686164562,37383.51438937672,1753.6864392560722,0.1,5,1,3,1
17,5,0,641.824942756132,414532.42656988953,6461.914902110897,0.025373665288665047,2,1,0,0
19,2,0,437.8457328428135,392709.7478891136,5578.161179405043,0.018777809709527176,3,0,0,0
3,16,9,471.8607386502392,17310.605691140845,1922.7978928194866,0.1,4,0,3,1
12,2,0,1367.820176765565,358686.7935858336,10000.0,0.001,0,0,0,0
4,13,9,390.1621819637153,23902.366924289898,2314.9048351916513,0.38092767330002675,4,1,3,1
3,13,7,606.1289042009931,21185.807763313904,2400.440148232019,0.18115546506077035,5,1,3,1
22,5,0,1484.934106725347,352554.5680190085,5732.341296639013,0.030211605545363916,1,0,0,0
22,3,0,552.7523318425849,450069.82776594645,3624.384185831023,0.03221833206094966,2,1,0,0
22,3,0,1140.791397386122,252420.40552913942,10000.0,0.03573390629996405,2,0,0,0
11,3,0,626.175048612841,238773.42346886126,3000.0,0.004358085682396828,2,0,0,0
4,10,2,663.0895704227144,22651.051297579863,1854.7131872551345,0.2984794876628866,2,0,2,1
2,8,6,680.5549575605626,4638.638368746684,1515.8243923265738,0.12165814325933333,3,1,1,1
4,20,6,363.25296309371447,29257.95076088018,3000.0,0.1509887508688033,8,1,3,1
16,1,0,1008.8842383745689,195272.59599089605,5811.654920889097,0.01643241760815738,1,0,0,0
3,14,9,641.0904602861009,6081.6181498261685,1132.2696024870718,0.45206871992042186,5,1,2,1
23,21,10,336.46466726371534,22777.77485127619,588.0912064442849,0.3423658939825577,9,1,1,1
21,1,0,1386.9056700135452,163079.79999155086,5947.801927397349,0.03723463882110773,1,0,0,0
23,20,11,685.9848956544835,46670.8191102466,2146.5867516270696,0.24914850013202508,7,1,2,1
19,1,1,1512.8378444078244,465543.30809031194,3000.0,0.04929677686260289,1,0,0,0
14,2,0,1163.7651914447545,375134.746115013,6801.818429243821,0.0329376792340125,1,0,0,0
23,24,11,401.87938257346275,39442.7286533479,1689.909345356418,0.1749905780202368,8,1,1,1
21,1,0,793.9409854502258,343365.2664159243,7655.477977563603,0.008966578782200097,3,0,0,0
17,1,0,1042.3502117768833,179654.75753755512,3000.0,0.0338280648261209,3,0,1,0
0,6,9,239.3611779375492,33420.1018502841,2422.923664974101,0.1,10,1,2,1
20,1,0,982.3763127924676,269085.6515851058,6264.22346621625,0.011450584382474729,1,0,1,0
1,19,3,68.09654286883682,33404.106341750856,792.9416125040942,0.34885476561658124,5,1,0,1
15,2,0,1018.651031748065,411044.5944189299,3000.0,0.02121796640418871,1,0,0,0
13,2,0,1038.6008268223077,204300.1514659735,5136.451344134033,0.026026212328809452,3,0,1,0
23,12,10,659.8052611232353,33273.79298739873,3000.0,0.12737484023728324,10,1,2,1
21,4,0,300.0,227618.82021229586,6350.664794536935,0.011047481405311636,1,0,1,0
21,5,0,1179.195687673182,246612.27843264744,5649.143102970605,0.015711241617362644,0,0,0,0
1,11,10,484.9345498703567,62061.79053038961,2664.749234028364,0.27088387370142436,2,1,1,1
20,4,0,1771.8941064760281,196315.49038533872,6272.654864091368,0.028667030487311174,3,0,0,0
10,4,0,706.9757750037278,339437.3845392447,6368.416885302285,0.02706229230508833,0,0,0,0
11,2,0,1395.0088234782713,336262.79925145255,5699.519622364891,0.03003988338342223,1,0,1,0
20,3,0,1392.2000932542635,179748.79590291195,7076.108752869703,0.02307297551271961,3,1,0,0
15,4,0,1092.7791349754837,281719.74482673366,7120.519722665969,0.029886747995748208,0,0,0,0
1,21,2,532.1267074112191,44802.85655462691,1220.410423345751,0.23146876619667917,2,1,1,1
13,5,0,1042.779241648501,203949.64650351246,8279.067524746319,0.023004482839259974,3,1,0,0
17,4,0,2357.8736521893334,349738.20866920205,5788.7007190701115,0.011165383049174294,0,0,0,0
15,2,0,1127.376431361907,318152.54967466474,7356.159878770196,0.01547992326941956,2,0,0,0
13,2,0,957.439295101225,252629.08618653886,3306.782746221188,0.010744576516167632,1,0,0,0
10,3,0,1099.1449389402355,262237.71784026956,3951.764920458752,0.008947658033475376,1,1,0,0
4,16,6,473.49091572747625,33883.46062320293,1295.584695584374,0.1,2,1,1,1
1,12,10,430.82856754782165,38537.886755268504,1106.8011861193888,0.34981403249641335,9,1,1,1
22,2,0,1016.9124207844727,471343.8009050572,3000.0,0.01103619548997762,2,0,1,0
3,14,3,366.42267325976366,23116.18556430226,3000.0,0.18423514277717984,4,1,2,1
19,5,0,1769.7801979629094,179799.66607943078,3267.9841676594783,0.001,2,0,1,0
5,22,7,273.3650614409397,5750.022950250899,2219.7326092478734,0.32499383191669456,6,1,1,1
15,3,0,574.2184053504127,355329.74244013306,5758.226256574451,0.0025429939707987056,0,0,0,0
12,3,0,950.4653930548902,432582.07169727853,3080.0878307045805,0.032496303141701446,1,0,0,0
5,22,2,708.066012915283,32673.469791642998,1410.304675160179,0.1453501651957788,10,1,3,1
17,2,0,758.1329809089939,131152.31669111748,6301.978050416997,0.020074663205937197,3,0,1,0
20,5,0,1827.4663588312587,184983.11598332075,8646.659852688024,0.016014447783487352,2,0,0,0
20,5,0,859.1652463518824,357142.9618246482,3000.0,0.018442986685324965,0,0,0,0
5,17,6,400.5895055793127,47603.95809660174,1881.9282444346468,0.1,8,1,2,1
17,1,0,1432.1679025869435,457237.86330446403,6687.593159759903,0.017360445504376817,0,1,0,0
23,13,9,709.9346487405983,10714.505885497518,1515.5632309846258,0.40529689943402325,4,1,0,1
5,8,9,50.0,28417.21796146301,1889.0153829989001,0.18088207487524505,9,1,2,1
15,1,0,1261.4998115233911,427694.9254664503,5402.421453654802,0.03586582594749442,0,0,0,0
14,1,0,1663.1387405838298,559338.5745449351,7292.8979544756285,0.01755937789852283,3,0,0,0
5,7,2,415.73902728311873,43742.636481277375,1672.7343736053167,0.3356405269601712,3,1,2,1
17,4,0,1354.9867171053686,100000.0,8734.793627619729,0.00968632198752113,1,0,0,0
10,5,0,1215.9732186225012,305150.27199733205,3627.7794445437253,0.020231941152268108,0,0,0,0
0,18,6,610.7922080418265,31262.265783107527,2285.2434825752794,0.2291247472552681,3,1,2,1
2,19,2,317.4941390765572,34128.1863096083,2245.8363695337757,0.1801489353813927,11,1,1,1
4,13,5,372.5547419529618,4243.547751443664,356.94236223440157,0.3509083242176961,7,1,1,1
18,2,0,1211.895612382462,231050.16897930444,3000.0,0.006975818011958649,0,0,0,0
16,3,1,1921.2151451577408,535085.2026234625,8021.273454858859,0.0338679364082651,2,1,0,0
22,1,1,851.787897508797,192842.10594823025,4832.790873792965,0.04173759407717909,1,0,0,0
3,7,2,294.63587723779193,26076.53704211444,2410.4752768445396,0.32229039313226693,3,1,1,1
10,2,0,1591.0328587104757,424473.11674304237,5580.588556762374,0.018586650742016986,0,0,0,0
20,1,0,1377.6263911693443,171247.08259407908,7572.973906257408,0.022270160019989976,1,0,0,0
23,18,7,463.6920694902815,35049.45101031976,1836.5677042943473,0.1,8,1,2,1
2,12,9,831.3115583643394,40253.5903434484,2317.4715670585415,0.2920176699003004,11,1,2,1
23,22,2,50.0,22723.700671874754,728.7338324758531,0.1894280034885889,10,0,0,1
16,5,0,1033.541913395309,269926.13404666353,5615.7908869002085,0.031027046564649725,3,0,0,0
5,7,3,292.2818289782674,53079.80405069553,438.23527090468315,0.1,5,1,0,1
2,13,4,510.7312912411599,34882.113539705446,2173.2992207705865,0.4261553668545852,3,0,2,1
14,4,0,2236.677888523825,115659.8348189707,5301.101533725385,0.001,3,0,0,0
2,10,9,442.7667741499074,30417.80196416695,1336.47096755929,0.2421269343856196,11,0,1,1
12,1,0,1116.1127692708671,392669.6734383662,6257.380804632323,0.001,3,0,0,0
17,4,0,1205.0767056450834,253594.93737366796,6131.7205129916,0.028894135604139837,3,0,0,0
3,9,8,506.91777154291356,39549.56158406017,1426.8894032314452,0.1,11,1,2,1
0,21,3,429.85179575481385,18729.54381149599,2474.358405293092,0.25883519547325906,6,1,1,1
4,14,4,461.96504788434,22645.999890375435,434.5867735677623,0.10643384263182784,2,1,0,1
10,1,0,1345.5079626911322,186460.0714813141,4787.437502301344,0.01914149614964598,2,0,0,0
22,4,0,1058.1192222672237,266078.68809300446,6943.260824015703,0.030723279007441148,0,0,0,0
20,5,1,1781.4672696295806,184534.78150964167,7128.182198762801,0.02398750389917855,0,1,0,0
2,13,3,636.0198483627271,35681.42826307518,834.3266606550042,0.27795896920638696,5,1,0,1
15,5,0,1822.2847911664994,436888.45853099326,5194.538242172558,0.040554157406451324,0,0,0,0
12,1,0,1495.8099203217175,285639.8385662851,6069.35184960954,0.029378607795351355,1,0,1,0
11,3,0,1633.6466183619627,231908.21926786343,6002.771709686002,0.030141644877635564,3,0,0,0
2,15,11,535.8578010505121,7221.334983921628,2385.5438907200896,0.41239614720368445,3,1,2,1
0,12,7,200.6877005127355,14330.799440802315,2304.0151199015936,0.22792135625675003,11,1,1,1
16,1,0,1622.9812557736773,422665.386508242,4887.490071713554,0.023028633667850032,3,0,0,0
14,2,0,1085.9222101232863,285488.1436663864,5706.189149922649,0.015577161040383421,0,1,0,0
22,5,0,688.680794460533,267410.23821141256,6423.961192638684,0.022412252668151594,0,0,0,0
1,16,5,176.45471488254566,46460.66218707842,454.7496157934652,0.1,4,1,2,1
0,9,3,50.0,35300.08676129833,1812.3928392463613,0.15698479953925232,5,1,2,1
4,9,5,217.97503825529938,49085.662358637404,911.0105103766606,0.1,4,1,0,1
4,17,5,367.53063292985695,37900.08827413664,1149.7399464382008,0.3466184077256917,10,1,1,1
15,4,0,1028.0272116303167,326632.15753013646,3677.356780025053,0.022776527925102253,2,0,0,0
2,10,11,159.83724843047312,11243.888141986281,1890.823785099553,0.27085952402589725,11,1,0,1
1,9,10,56.022578674555916,15038.976300441771,1364.8782648599029,0.1,2,1,2,1
16,3,0,843.3380850636877,216314.8436512606,7092.77752861852,0.04278336899957568,3,0,0,0
0,18,5,157.78198785981664,4592.612730098463,2595.615136012011,0.1,11,1,0,1
16,3,0,1161.8367272933408,183148.34472147137,4666.552632182484,0.016488595682933906,0,0,1,0
0,14,11,427.2958489961871,18693.553480569488,2616.551370699848,0.13992188599793504,6,1,3,1
3,19,8,538.8419892406919,58049.03485524461,761.4630073377199,0.5573351378015625,8,1,1,1
21,1,0,880.6109955249632,281976.4294983509,7665.429443860653,0.024882481799482173,0,0,0,0
21,1,0,906.4890868770485,328682.82450018765,6794.893315105525,0.025979270800242524,3,1,0,0
12,5,0,327.7812710034033,279687.82637274987,6403.9322852346795,0.014152885962852938,3,0,0,0
2,24,8,408.7884716133403,50632.68206401634,2818.8317385490564,0.40763023886565863,11,1,0,1
23,16,3,328.5424074085534,45231.332830461426,723.055561397966,0.39333109252148735,11,1,2,1
12,4,1,727.4086365059534,382369.2238842768,4245.020978530124,0.03778037772645286,2,0,1,0
5,18,3,213.84144585593293,34908.197227051445,1871.0018555311913,0.19941327409265686,6,1,1,1
22,5,0,1248.9306744659425,347208.25952742086,5604.061116357446,0.018206608805666304,0,0,0,0
5,13,8,50.0,25227.396487084894,2845.1750829809216,0.25033904439819854,7,1,0,1
18,3,0,885.6471507700128,338354.04689576884,6807.218425258156,0.021801912282279023,1,0,0,0
1,20,10,68.52327506157457,13738.919523946179,1811.9529756935035,0.10816477277988476,10,1,2,1
15,2,0,1236.5471036426607,227989.7984221113,8981.862231984102,0.0015787818452427278,3,1,0,0
12,2,0,1769.4363804081113,375973.7461058214,5353.248308191056,0.01749302812043416,3,0,0,0
5,14,6,488.2991325604504,18322.66653540281,1837.6071765718737,0.1,10,1,1,1
16,1,0,874.6231775978172,352016.7088729347,8290.09438986474,0.02791023264104335,2,0,0,0
17,5,0,1207.1488425870828,214274.80995490597,5712.547276383914,0.01087561395917733,0,0,0,0
19,1,0,1485.0317786440246,450393.6746166261,5874.27567429458,0.025096476691388876,0,0,0,0
1,22,11,522.7864028714272,8429.400375136658,1569.0975684931543,0.1,8,1,3,1
15,1,0,1356.5906883084615,100000.0,4449.805212409235,0.023609738209410282,3,0,0,0
11,3,0,1355.702768570691,254172.60846018943,9163.52740592296,0.038622998023471536,3,0,0,0
14,4,0,1082.191163674945,465774.0550026959,6432.742972358329,0.01931292433295438,2,0,1,0
1,8,7,182.93320131019425,15146.406014785056,908.1490442853783,0.22655762913800842,5,1,2,1
5,12,9,234.4843824768478,29156.17797303814,2697.468966104814,0.1,3,1,0,1
20,3,0,1527.5456262340424,260182.28777092812,7373.967373472809,0.02032732251545995,1,0,0,0
1,16,10,290.08148996429406,24277.881428943663,3000.0,0.4356517936516717,11,1,3,1
16,2,0,1683.6350845891034,156325.7761741689,9488.769236351982,0.03109442728909763,2,0,0,0
12,4,0,1536.3674546121745,247315.41660983732,8173.143809861045,0.021548953864325194,0,0,1,0
2,19,2,155.7924692506389,34205.34937934091,1614.593268138782,0.1,11,1,1,1
1,21,4,527.0701222622332,32279.62140483756,853.9568436918211,0.3214136172930332,6,1,3,1
2,6,9,510.6958648318813,9180.124981981295,2220.45428020122,0.3229419102787508,2,1,1,1
23,20,2,208.00313705624507,14893.537487356423,1271.0630182068303,0.1625980371429071,8,1,3,1
10,4,0,1383.2062205959423,352103.9757567112,5513.839662045452,0.016132248027017147,2,0,0,0
19,2,0,1212.1694720169908,386335.6514604708,5578.844076926098,0.020168101435718937,3,0,0,0
1,22,10,700.3513639153978,49787.99747586725,1886.6443563848713,0.19126924288093597,2,1,2,1
5,12,4,564.3575928380692,41915.09225920106,829.4593344524774,0.1305124642077925,11,1,2,1
1,24,3,274.3376813225633,27914.65744162471,1963.786685517881,0.25199863725503446,5,1,2,1
12,2,0,1362.6161175007921,139328.16657786674,5900.118771436491,0.0249910301434593,2,0,0,0
22,2,1,1003.1369700831852,325106.9560976945,5878.881298749066,0.02529375127916655,3,0,1,0
3,14,11,654.1144986949065,43057.299689486215,1299.3325317353365,0.44171244745482297,3,1,0,1
1,22,2,258.5807404105813,18433.449474817706,1530.0792230030286,0.16630005290639716,11,1,2,1
4,17,2,315.44794002932997,40608.45261707747,427.7717519516575,0.10180640644210284,5,1,1,1
11,2,0,1628.4081888451342,202784.43466051578,6427.8846021579575,0.02695366485376524,1,0,0,0
10,3,0,1905.3942429670979,368608.0438599971,4234.879578525163,0.01770356998623027,0,0,0,0
21,4,0,1180.7166457429757,229952.55602652708,5539.529750134985,0.015259108126452377,0,0,0,0
3,6,2,406.40310109419806,32743.36914969027,757.2194438226934,0.3321471483707772,2,1,1,1
0,20,3,267.3622344999618,42145.83032313836,2453.608962989152,0.4764808750984369,10,1,0,1
15,2,0,2194.408098511069,255523.7418666251,8045.6096691764815,0.030655637839313105,0,0,1,0
1,22,3,288.14499591290416,4332.199373589428,1531.4802635563,0.14163293959151702,3,1,1,1
1,15,9,524.2615059548224,23861.229307994356,2258.407775037159,0.5611236301604139,11,1,2,1
2,19,3,403.26559283011204,8649.432519111462,1631.5692317437,0.4086993312363555,3,1,3,1
1,21,7,359.60222768989735,34530.70188947725,996.8611922354157,0.4206688680648659,6,1,2,1
12,2,0,1746.1462578564638,359235.8407804475,3814.7430111439835,0.02564373343630205,3,0,0,0
11,1,0,2008.9947624002325,236170.70748886856,5672.194179949659,0.019113262163371496,1,0,0,0
1,18,2,586.8286943179121,1000.0,511.36041282706424,0.5440097087856377,3,1,2,1
15,3,0,1361.1747489682123,268755.98582132225,4734.117606502218,0.024013933961161395,2,0,1,0
13,1,1,1011.4693985718429,294378.31878715276,6230.723152266456,0.03345999664724023,3,0,0,0
12,2,0,721.9565758959177,335620.05887321266,10000.0,0.012924660831175834,2,0,0,0
1,24,6,762.8267128663963,29238.342516124143,1973.5202717964846,0.1,8,1,2,1
12,2,0,1021.139888677547,383565.7251182271,5934.5196664609,0.017651797055424166,1,0,0,0
12,3,0,1491.1765556129,336984.06907530455,4973.178151087119,0.016840591491541844,0,0,0,0
1,17,4,467.29720058482945,51460.690611286525,2492.2400965664633,0.18235399638460476,10,1,0,1
4,6,9,271.27588227234503,58022.00888972922,1245.6572770176294,0.3881135309448712,3,1,3,1
10,2,0,1773.3098282507513,160327.0553236805,4472.302674532082,0.01999321403329659,1,0,0,0
14,2,1,300.0,243980.8819325694,7187.110277680235,0.030725465119446488,3,0,0,0
19,1,0,1817.4155725523192,425078.8695362886,6607.0872940058625,0.016971318054282127,1,0,1,0
12,2,0,982.4683784288428,332731.9742727889,3000.0,0.00897075570456652,3,0,0,0
18,1,0,987.1432520152721,251910.42911863764,9708.751253793627,0.02260493216857658,2,0,0,0
17,2,0,1118.3002751682754,228965.9763330905,7185.494569015666,0.02007012679347773,3,0,0,0
11,5,1,1060.6067202308523,330305.042362015,7951.477889550881,0.001,1,0,1,0
2,6,4,372.6076908843169,36514.790807552774,2936.776242203634,0.20334211227376978,7,1,0,1
20,4,0,300.0,366013.157945084,3000.0,0.019434298613268276,1,0,0,0
17,4,1,1254.915511795066,439556.386970527,4641.0161243356615,0.026284491796281995,2,0,0,0
4,13,9,50.0,24969.688815778813,1923.297121695289,0.1,4,1,2,1
21,4,0,1577.686550514079,280355.25089542894,5032.654800292769,0.013558422817790999,3,0,1,0
18,2,1,1287.359858164309,443821.0776281385,7232.5658246544135,0.024873908533951335,1,0,0,0
16,4,0,963.393652131773,171814.78426204275,5221.019792498725,0.014397166338278195,2,0,0,0
18,3,0,1731.1884677231637,292395.2811016083,7123.83521895002,0.022685606121243398,3,0,0,0
21,3,0,1683.915275137524,251003.30475274633,3697.5048248048442,0.023311354366771717,3,0,0,0
10,1,0,1868.3402117774642,358655.9313395848,3637.011488857564,0.016639301407788198,0,0,1,0
19,3,0,913.2502917150102,280271.4416990561,5776.381435328452,0.018008690224814772,1,0,0,0
14,5,0,1380.957793316148,412115.5423185143,5073.234583904543,0.02107752503349406,1,0,0,0
2,13,4,135.24633999941898,5303.933108561447,1587.605816431595,0.1,9,1,3,1
16,2,0,939.1911987458882,399225.2125755303,5820.5643424154905,0.00797308616976565,3,0,0,0
3,22,7,560.9597220823937,15575.219793297627,2676.7034107360555,0.6574584495067973,3,1,1,1
21,1,0,1622.6647797044106,517088.440485843,7978.3000802851475,0.014686251933690508,2,0,0,0
3,10,11,468.60657068574625,20960.042666051522,729.6815685055973,0.21340493592758705,11,1,2,1
3,24,9,312.01557430420235,12527.879421315229,3000.0,0.2772856267264757,11,0,3,1
22,1,0,1488.9221935130959,493064.2002462477,4546.766600129808,0.007595774825357482,1,0,1,0
11,5,0,1884.7038871935101,471508.8195332524,5324.024149428236,0.008711590859848295,0,0,0,0
11,1,0,1309.925384478995,271463.98542218853,7306.537207417231,0.0075598998466388685,2,0,0,0
15,3,0,1357.2016827432742,321439.4347381685,5487.601439337605,0.029818237728833918,0,0,0,0
2,24,7,50.0,26867.194981198332,1130.500041310875,0.15272885183412518,8,1,3,1
16,3,0,635.2767117034709,254911.28885207922,7560.717698392198,0.030002910705202973,3,0,0,0
10,4,0,300.0,314388.5626651742,8366.90405444462,0.013701746004706677,3,0,0,0
20,1,0,1467.8136974224021,391522.19625044207,6656.601764760183,0.015289564323671723,2,0,0,0
2,10,9,228.51767567872093,18408.165244620955,2719.7663972953246,0.1,6,0,1,1
16,1,0,1279.0194512200596,386436.5346389595,8368.569194065125,0.021902021003247903,2,0,0,0
23,7,10,394.26830984675814,76629.12409841825,1631.130151078797,0.25434793919331805,9,1,2,1
14,2,1,953.3852291486978,352705.1689262612,7834.596993218624,0.026693918197274808,3,1,0,0
5,17,9,454.15919383728556,37911.24983031137,1742.1298857775757,0.3803151785817639,7,1,2,1
22,1,0,1600.1746709186766,364458.48930713156,6392.552514859578,0.018664103330996357,2,0,0,0
19,3,0,1169.0068902672456,228796.2513792268,5251.911751210674,0.017366715473973553,0,0,0,0
4,14,11,104.50102092802302,17730.817008004076,1480.2777856724902,0.1499992175959714,11,1,1,1
20,4,0,1010.491180892304,164162.27314959586,6506.792306978449,0.014257628331589816,1,0,1,0
2,24,7,407.64343103769016,1000.0,915.6167904612267,0.1984163874388358,7,0,0,1
0,6,11,380.8910549411847,30292.22431130701,200.0,0.482642429006612,11,1,2,1
12,4,0,1006.6123920089999,326041.86067710957,3000.0,0.02207665570312392,2,0,0,0
1,23,8,322.2668691978376,30822.594025981627,388.56632279496625,0.23633549495060974,5,1,3,1
23,23,6,359.4499946595905,27684.65122896194,1854.002368259465,0.47347069167475886,2,0,3,1
1,24,4,393.40757315551815,26286.14659448447,2866.017286327662,0.44836392451696305,9,1,1,1
0,13,10,658.2168791089325,16873.09168951508,2192.7058412605898,0.1,3,1,0,1
18,2,0,408.45273594396156,315886.4673119818,8573.10624183966,0.011344839327571157,2,0,1,0
14,5,0,1457.3400718279004,421077.5521934796,5912.012651394935,0.011468859965228213,3,0,1,0
23,20,9,216.4246255125507,35840.29259959104,200.0,0.1,11,0,1,1
0,19,11,401.19248797008976,42926.33998753812,1580.829777168765,0.17058866208877294,11,1,1,1
23,11,2,277.61994697951747,23430.998119918124,1422.4837840009634,0.12584704261185972,2,1,2,1
21,5,0,1058.0206933037366,180627.3755724242,6240.739532553637,0.013320306082335528,3,0,1,0
13,3,0,954.8042044265817,268804.0686883814,4463.637537327434,0.02190301789868363,3,0,0,0
4,16,6,50.0,30961.966255369378,2152.5253934653865,0.16482233157827486,3,0,2,1
20,1,0,1001.5532887273904,296605.7757109091,4276.6935741914585,0.0141793113859134,1,0,0,0
2,16,10,256.8360112856387,56854.65668730209,2386.8637537973023,0.29044620134456567,9,1,2,1
23,22,10,499.3214397995289,43253.229261619694,2287.9664281692535,0.18223291401367828,7,1,1,1
14,3,0,1346.2286218552551,182012.8319452561,3856.2529580533733,0.01463596508976981,2,0,1,0
15,1,0,1194.008317828249,199810.12493258645,4647.865533260758,0.010313304983167343,2,0,0,0
4,11,5,550.3910126993769,8936.524124181498,804.3215274936108,0.36418543805620507,6,1,0,1
3,19,11,246.26501731026778,44547.899259242105,2222.060753520025,0.10410248960624072,3,1,3,1
17,5,0,1241.7475127477674,272271.6677362386,4788.172056751237,0.019794339410397606,0,0,0,0
10,3,0,916.8575010380287,453614.07018937764,7588.183078332919,0.021434578610828006,3,0,0,0
5,6,9,393.4006479687693,19055.093868769374,1186.1442207946889,0.31126868453656487,6,0,1,1
0,7,7,464.6649827857458,6683.617991418432,2626.8214731941375,0.43715661281672547,5,1,1,1
23,24,3,581.9269665709877,46769.145260613106,2434.112269670268,0.1929651037075415,7,1,2,1
18,5,0,1137.73698468404,190569.61194065894,5803.685684372206,0.021574522713748948,3,0,0,0
15,3,0,1227.8145292347847,268750.8652160366,7931.551474244107,0.03219031671831758,1,0,0,0
5,21,6,400.72854292663953,1000.0,1310.9478907899552,0.26581511463116503,6,1,3,1
17,1,0,1569.9658676874174,272096.3265942776,9569.965513361642,0.01993827025720018,2,0,0,0
2,18,7,859.2047903099267,48961.107507565255,2838.9583272165505,0.3583321665680237,6,1,0,1
13,4,0,1606.0187773833904,100000.0,3697.232529786232,0.029889220147678933,0,0,1,0
1,20,3,608.1639631644229,43983.51454152341,1273.69177054926,0.31012863870623963,6,1,2,1
4,18,6,546.7791898954154,19917.765945057712,1374.7185674539887,0.5620652943721062,10,1,0,1
5,9,11,418.85430919277485,31430.66558463235,559.5899286244816,0.20359501262985355,4,1,2,1
12,3,0,1349.3781421777758,233480.56315354537,6962.390198275065,0.02773447600382574,3,1,0,0
15,2,0,1236.6959503949129,198580.19298199523,3000.0,0.02526805541261995,1,0,1,0
22,2,0,1009.0033612635599,281765.96367163805,3947.6929661593977,0.02253976158856161,1,0,0,0
10,5,0,1253.8062686378462,288451.7103608369,3823.848654571266,0.025166200467943916,3,1,0,0
1,6,7,456.5163557282778,74983.69626640811,2208.96499167804,0.3683857116558382,9,1,2,1
12,1,0,555.880737795536,493756.2720390904,3000.0,0.00795910484158524,3,0,0,0
3,14,8,156.29422359518784,22752.732739691746,1695.7650231392574,0.1,11,1,0,1
22,2,0,1543.600573188273,226512.59333596472,3000.0,0.028244983893518868,3,0,0,0
23,20,5,317.69015557294927,15331.84210021792,1578.5823034527775,0.4601725233724595,8,1,1,1
3,9,10,628.9988883643059,39519.68163802882,2620.7170653568537,0.4310946266458486,8,0,3,1
20,5,0,888.8871345182404,311951.2885406703,6609.769814768745,0.02305129853797735,3,0,0,0
11,1,0,840.5510278996987,267196.4695181127,8234.392328683592,0.03480230324704056,2,0,0,0
15,5,0,965.463679479976,354034.4914536417,3530.0456725957674,0.027436220817737632,3,0,0,0
1,6,7,249.27283265608446,21526.58385713512,2025.4150184039067,0.2830658470760039,6,1,0,1
4,21,4,363.32811537424595,12683.40262364331,1893.905410497162,0.3714135889270758,7,1,2,1
3,19,5,535.8372328629971,23317.39627599747,597.8150628373312,0.2546498734579017,10,1,3,1
4,24,8,470.5237644690415,11646.259460096593,1843.687882901166,0.17850678205831338,7,1,1,1
3,11,3,53.428010119407475,34191.66392369541,1689.3180251848605,0.31290147699199283,8,1,2,1
20,4,0,1231.6281072835313,322246.4862342473,4645.744178364253,0.03300849539797611,2,0,1,0
1,15,8,534.9066003851976,44742.34923352367,580.9760854417965,0.16842624004770523,5,1,0,1
4,11,7,543.6803020170853,33043.49352677565,1716.2704959461435,0.1,5,1,1,1
3,8,10,258.3923749659872,38828.064346329775,967.9577817618153,0.1,7,1,1,1
12,3,0,961.5853800609872,412075.86339390965,8251.67860345846,0.011139233180423177,1,0,0,0
20,3,0,1328.585234921193,503247.3661137329,6742.629834307654,0.010450744933776786,2,0,0,0
2,7,3,709.2587237455225,9454.518385946649,1693.4979424793928,0.31774958657771296,5,1,1,1
13,5,0,1497.3454246027657,190321.7170585523,6747.172099892943,0.03218741229007503,2,0,0,0
18,3,0,1555.159527573486,360575.87975500437,10000.0,0.021973595851589235,1,0,1,0
11,1,0,835.3765778643282,388956.3675057157,4440.020685975678,0.026495972494992012,2,0,0,0
2,21,2,706.8462840300921,42608.17072281913,1709.5267554464035,0.4365231702926854,4,1,2,1
20,2,1,1453.7135732728952,266377.7585790469,4796.832040902576,0.008653683317132432,3,1,1,0
3,21,8,701.3872679195515,37857.36120856198,844.905107140708,0.1,8,1,1,1
5,7,2,288.21996041406373,26955.4676815239,1905.8192062110138,0.20104859779771106,11,1,0,1
5,13,10,901.7416925531617,37145.102723833574,2189.657376305633,0.10884743087230109,8,1,2,1
1,17,7,393.3942961815433,28830.815529325984,1296.5251411974937,0.17888640045531912,9,1,2,1
13,5,1,1493.8838670291982,459597.9735037265,9273.287449614778,0.012020784112961796,2,0,0,0
2,16,9,50.0,26311.950524529646,2007.8713397732452,0.12871182282750956,4,0,0,1
18,3,0,599.7621651564989,324196.91680554044,4891.831359552111,0.007037437319237637,0,1,0,0
1,21,2,448.1343529863588,51741.343525937555,2213.0888945924357,0.1833691568612325,3,1,1,1
0,18,5,626.829559517542,29270.226564643333,1604.8768016937843,0.1,11,1,3,1
11,3,0,672.1036727864023,195312.1497223501,3729.2073183475586,0.008256881635046747,2,0,0,0
3,9,6,483.95560877733215,48722.860120841826,729.9610995126559,0.6336130733878058,5,1,2,1
23,10,6,440.270585261683,1000.0,1330.770428243579,0.17457210713443727,5,1,1,1
17,5,0,1439.3003254725463,164968.21901684732,7335.279751026679,0.014683779054111619,1,0,0,0
13,4,0,1479.6990488608242,216629.08440413658,6390.094161104436,0.001,1,0,0,0
14,3,0,1923.4359868485633,319698.6049989412,4745.738010943662,0.01721939795867041,0,0,0,0
2,12,3,136.26788584813016,10481.203153951905,925.8388894404014,0.4376381355827996,6,1,0,1
21,2,0,1725.8961059285248,356620.96991492005,6529.8366744517225,0.006948860133019753,3,0,0,0
12,5,0,608.7723637629838,380185.04822507186,8211.34997579455,0.01997764849888533,1,0,0,0
16,5,0,1350.107779617319,457029.5513321641,4831.880539131019,0.01366666129659318,3,0,0,0
23,10,3,283.16755037633146,61239.41240004882,2321.78101890055,0.36366713498468495,7,1,1,1
1,13,5,785.2027874164099,29361.444921314025,200.0,0.4073114051541483,4,0,2,1
14,5,1,1230.3578527360369,304109.735191045,7899.8708361810295,0.01974055584620217,1,0,0,0
5,18,4,430.41775133091426,23108.643940866383,2096.4247368788433,0.42257177718386,6,1,0,1
0,14,5,478.88663862875165,26754.27284371305,1852.4274216735578,0.2933806658988393,7,0,1,1
22,2,0,412.0412826237606,400720.9102997765,7251.20065911595,0.024413133697044564,0,0,1,0
4,13,7,538.7663209855181,55804.91824873071,200.0,0.2810147239409885,11,1,0,1
18,3,0,1049.039525979492,398940.10636697104,4785.402250449586,0.03212779320204545,0,0,1,0
17,1,0,703.6363737960769,377881.0768527889,7082.4623080216015,0.006902167343214638,0,0,0,0
13,5,0,1418.1557923698695,174847.52457846556,7280.226701583625,0.03444835512426712,2,0,0,0
22,4,0,1194.292328962177,351884.3922940112,4678.774417265122,0.019596133602196402,2,0,0,0
5,18,4,628.6516740453181,16378.365407824864,2340.5028577331086,0.36445926972785625,5,1,0,1
15,5,0,1802.6339384534297,185665.02682405734,5659.456274294662,0.028219488248257374,1,0,1,0
19,1,0,1112.5567470063515,383784.1104385896,8774.02079002159,0.03296023768716349,3,0,0,0
0,23,11,223.20387474919647,14115.932341324778,2167.0220695596145,0.13494129849939873,6,1,3,1
14,2,0,1350.4809271440463,235728.4677889736,7305.1636417785285,0.029312116687382726,0,0,0,0
11,2,1,809.8665289239111,478886.64942840685,5034.658256116042,0.015913097856510426,0,0,0,0
4,12,6,153.12821098483002,38707.81574806662,1485.8207566912984,0.1,3,0,2,1
3,11,11,298.2176457746464,51528.60096541411,2417.8665343585535,0.20907592229272734,6,1,0,1
0,13,3,804.6612609513394,37845.08878885452,1886.7706907265676,0.18583199033768882,4,1,2,1
0,23,11,280.5485095317734,3458.736389666574,2785.065650590874,0.1673925023105175,2,1,0,1
2,20,10,439.6582833941603,27489.117729011585,2107.5218395574225,0.3732390413869978,11,0,2,1
3,24,10,474.9833159605216,31356.151228659124,707.7808878105766,0.5897603206732223,5,1,0,1
1,11,9,379.667731221676,42164.57348723432,1181.6988340572168,0.16366491342005807,2,1,1,1
14,2,0,1852.8608975381178,371411.0688005923,10000.0,0.014126898021518126,0,0,0,0
19,5,0,1198.4550884832554,368370.9150402494,4090.0362671122357,0.015148557345718579,0,0,0,0
16,4,0,1023.549920321557,352039.2624559334,5911.630805646627,0.013654969256967714,1,0,0,0
4,16,8,380.3242070916675,36919.95768412798,3000.0,0.290393862707157,2,1,1,1
18,3,0,1176.0891558430667,294791.42383538827,4854.571672869599,0.02582762349504713,3,0,0,0
4,6,4,159.61101728637547,22217.07003388713,2105.993002308593,0.28237163058864595,7,1,2,1
19,3,0,1225.1334291677363,372056.4851788049,5090.9965983128195,0.009161904886729424,3,0,0,0
14,3,0,1515.9304281670743,296079.88073022466,5461.078182400996,0.008724972420174846,0,0,0,0
2,11,11,668.0757962030423,39093.6935212574,847.2221341371558,0.3716937052849076,6,0,2,1
4,21,9,318.05959843247433,11121.260936792769,1804.1411028542518,0.24383240366671088,5,1,2,1
23,23,10,456.9061195906611,38697.942648068725,682.7902611646676,0.19273386730862996,10,0,1,1
19,5,0,1230.315475141547,339645.97130409407,7416.314511615653,0.0255447625981699,2,0,0,0
18,4,0,1334.797536038624,230630.3282911299,5264.55211885747,0.015975591671565696,1,0,1,0
2,15,3,368.54044261720907,56125.361582717465,1121.9088426344044,0.35893231583917645,2,0,2,1
1,21,6,365.52395915134394,27816.1599624006,961.8868310440305,0.1952181933333177,10,1,1,1
19,4,0,1893.3813866419207,333037.88177616824,5015.814072735607,0.025113679313624813,3,0,0,0
2,18,10,194.90681646127564,73028.86226472532,1113.2529142927674,0.1,8,0,1,1
13,1,0,849.9632978499912,325970.81755997863,4716.79009788677,0.004434048446889778,2,1,0,0
10,2,0,690.5028458536738,444707.0301734714,7509.1968478639865,0.0172530919258267,2,0,0,0
10,1,0,1168.3435443016663,100000.0,3000.0,0.013807070789726312,1,1,0,0
22,1,0,984.966377924816,319646.8751029261,9534.017253269583,0.030181744428383457,1,0,0,0
23,14,5,529.3337594727686,27328.504724302824,558.5009197052693,0.3870523277868102,8,1,2,1
3,6,6,624.1022730393158,41532.10394202233,1105.0236209857403,0.1,2,1,3,1
16,3,0,887.7246891570171,286974.1892563251,6958.483239709181,0.029165652227744854,1,0,0,0
16,4,1,878.4786209374524,392258.19634611637,3321.785835153165,0.018212325798517927,2,0,0,0
10,2,0,1252.5075484686022,200781.52723608928,6612.336197528915,0.021534383043691374,0,0,0,0
22,1,0,1688.5694373567808,269914.725103746,8732.059654555977,0.02358142677804151,1,1,0,0
21,2,0,1647.3992721686732,277551.7845536572,5389.009371466715,0.024277027352585766,1,0,1,0
12,1,0,950.4194335034929,213318.08714058547,7161.777063383699,0.03580164187697887,1,0,0,0
13,5,0,1771.2936857898767,429663.8769919316,5210.094503874858,0.029469184737353108,0,0,1,0
12,4,0,768.3902162928406,100000.0,4293.974873328349,0.0035652499763613836,1,0,0,0
10,2,0,1556.152838306019,279265.6173464004,8766.659497096705,0.013135864103557186,0,0,0,0
21,3,0,661.7003583801721,220412.59141663322,5677.4263326515975,0.023447412877670444,3,1,1,0
4,6,10,294.4936812009819,13929.44423152158,2028.0092245978062,0.3766583408319871,11,1,1,1
21,5,0,644.0193010464706,369316.1517802937,5278.572560940974,0.004721652715402107,0,0,1,0
17,1,0,1746.9756172652242,318839.0314906547,4541.269298728107,0.03288691469157015,3,0,0,0
22,4,0,1117.5658507845585,369470.4970467046,10000.0,0.018077391877741638,1,0,0,0
4,12,11,268.1297626581803,17190.93003827489,3000.0,0.1,11,1,3,1
4,23,11,394.24197306750466,43178.49678707594,2282.573930927899,0.23514694403426636,11,1,3,1
19,2,0,1025.6332266185887,364960.59135003167,6905.694494179638,0.020022461070312532,2,0,1,0
3,9,2,678.7611774823545,34157.7661672759,1347.7216233499057,0.23045896092657284,4,1,3,1
12,5,0,1422.8391834283982,420608.5887399757,6174.760625105924,0.02803047083674568,2,0,1,0
10,3,0,1044.4760858162508,297147.35418902553,4719.460589327031,0.0259604215712279,1,0,0,0
12,4,0,1428.7825287889998,220827.57261109044,4047.588194786413,0.001,3,0,1,0
18,5,0,1693.3368721803186,100000.0,9863.466009339521,0.028497309956221187,2,0,0,0
2,21,4,545.6303009079566,7556.0595558561145,1637.9753235777653,0.39087837528976843,8,1,2,1
2,20,9,274.5033156074578,43635.442013767206,1787.2536302819553,0.19541268643613938,6,1,0,1
10,1,0,1432.4582228034692,225562.88401954182,3000.0,0.026616997370488626,0,0,0,0
10,5,0,1255.8648510745982,240970.2114828403,6268.239176227292,0.022050837523675804,2,1,0,0
21,4,0,1075.430260258582,332168.9370080299,6393.482520905206,0.019615694392384104,0,0,0,0
0,13,4,310.7309308535954,17572.14777057851,2980.3409960980234,0.3362495936544887,3,1,1,1
23,18,3,642.6879853314483,41068.07326343524,1000.0616121099196,0.43134310829259714,11,0,3,1
5,10,7,215.3744348924286,32552.66120526854,411.8706682743391,0.23727033987347315,9,1,1,1
3,16,3,478.5221121065059,46635.22580686454,2378.469128535002,0.1,6,1,0,1
19,2,0,1250.114185311476,300327.59071029816,7458.974311813388,0.02700767326137413,3,0,0,0
4,10,2,449.5673304697089,29907.28449000218,2228.8273742048264,0.1,10,1,3,1
1,24,6,687.8772929628092,21077.772723839327,2544.047087215557,0.3063060750338907,8,1,1,1
14,1,0,763.9878018105417,100000.0,5287.997172544172,0.009832637318698283,0,0,0,0
3,17,11,267.0594925639374,39847.08175742075,2896.950431756986,0.1,8,0,2,1
20,2,0,1550.8440501007865,194620.9202657455,8494.879257401419,0.001,0,0,0,0
3,16,10,583.8232886370085,60226.70942722254,2108.027102365612,0.23173281415481095,3,1,1,1
14,2,1,1248.2618588763546,338631.69679584866,4930.264765809306,0.008641345876565265,2,0,0,0
13,4,0,633.9179521020367,431512.53352250997,3789.5318632408475,0.024652140813449734,3,0,0,0
21,2,0,300.0,189253.9219650229,8541.161210510654,0.005260880036718412,1,0,1,0
5,11,8,550.2795598730966,1000.0,1901.2176260317294,0.37677323429491666,7,1,0,1
10,3,0,1274.8736109954336,326611.5024862145,3114.0205424750875,0.0012861530028333464,1,1,0,0
15,5,1,2384.8855457682175,357819.8307787086,8432.143838240758,0.02337656338051929,1,0,0,0
18,2,1,1275.0299172763896,350765.0098550723,3000.0,0.029961663543986442,3,0,0,0
1,24,7,307.859107027185,37409.910106352436,1580.314787078798,0.46529601856622504,3,1,1,1
1,15,5,672.4084636197806,12045.200266851112,1570.4499217237662,0.17357163716330853,10,1,3,1
5,7,10,245.39014569133033,38920.31012834337,1893.032238362177,0.527074169690884,4,1,2,1
3,17,9,839.779133115497,66118.03752985291,2016.19049392323,0.21138702813681903,10,1,2,1
18,1,0,1017.6469058511923,387397.44760317134,6394.648484467727,0.012981554726284449,3,0,0,0
5,19,4,390.00115526072193,1000.0,1765.6033995404264,0.17972414936189046,9,1,2,1
19,1,0,1942.737465139669,350995.1666742687,7104.306426346466,0.023640048825388543,0,0,0,0
12,3,0,1470.2074946329142,305113.41666228836,8816.538149549346,0.015843156697128886,0,0,0,0
10,1,0,1572.6276924255028,210978.06579361577,6621.961135986802,0.03259487925425993,3,0,0,0
0,12,11,388.8037671067823,28776.223454269664,943.8939879986775,0.3357157442372791,10,1,2,1
11,1,0,1111.3705645636167,451319.168432021,5199.137596699205,0.028912830354649168,1,0,1,0
21,4,0,1436.1306497766714,261637.8067996485,5519.1497306992915,0.03198476536099397,3,1,0,0
5,24,4,464.6535363977422,25237.124967191772,378.47366635035337,0.1180757821053885,3,1,1,1
0,11,10,229.50651165640502,21117.002860788663,1290.709518795142,0.36200928717465986,10,1,2,1
0,20,7,408.96768244487896,18108.293292978873,2289.18687543555,0.34097440549179364,6,1,3,1
0,6,4,537.6882808188677,39573.487293251404,615.9506439752047,0.1937953140205643,8,1,0,1
4,21,8,294.7716655677884,50612.51800894922,1604.7965278003871,0.2712895013241023,10,1,1,1
23,11,3,726.4222860853899,41988.713231594316,1207.6976111872232,0.40620397942121533,4,1,3,1
12,2,0,756.1116686827062,279290.3188463364,5231.577660809276,0.013844451663022658,3,0,0,0
20,4,1,1164.2660306174346,285606.66159839317,7737.853124569012,0.022488885231444673,2,0,0,0
3,17,11,232.2200375931801,10393.524852137085,852.1153547994655,0.22557617510608627,3,1,0,1
15,5,0,769.8824386678358,447557.9629688037,6050.554026296939,0.015613802114876486,3,0,0,0
2,12,9,297.34935116024855,31919.358872753044,1100.550262138489,0.248205553280298,3,1,1,1
4,15,2,526.275352668763,9771.503948584555,898.9409261136209,0.1704575776409323,6,1,0,1
5,23,11,494.6258052735932,24667.89565928668,1056.1412728232565,0.24867874986260433,3,1,0,1
3,10,4,462.63194836147295,36319.33171756681,1126.5064919623828,0.3532859530672291,8,0,1,1
1,23,9,303.9448168264927,25732.02242183082,1848.8058328247935,0.2292122108466008,7,1,2,1
5,24,9,375.18155940285936,13379.245577712969,1291.1534329774029,0.1,10,1,0,1
23,24,2,313.7283152380872,36905.47117328539,2249.3942887116,0.18510251312273057,8,1,2,1
21,4,0,1575.8115888653674,406437.3581897017,7096.455439502027,0.035904957409753746,2,0,0,0
17,2,0,1222.3648299946146,396394.48490796675,7560.392262399089,0.007974368639723733,1,0,0,0
2,9,11,599.3008299480205,20421.52207020287,1628.7490944903582,0.1,8,1,1,1
1,7,3,639.7945329208574,7219.225447191078,1466.1833262606583,0.1,6,1,2,1
19,1,0,2078.435823718726,232302.97089387028,3837.804304125621,0.027867721208335573,1,0,0,0
12,1,0,1720.801237503476,100000.0,3000.0,0.016157547241626234,1,0,0,0
0,14,10,403.085289065398,28020.86093289095,1479.7314688466647,0.443117647153768,5,1,2,1
0,10,7,221.9845940895919,41956.09457846898,200.0,0.1654943400409581,3,0,1,1
4,8,6,440.1566112064136,38759.32642449469,2113.5148316993336,0.4394303033744167,9,1,3,1
5,18,10,309.62415804154165,39695.737344190355,1462.391316865515,0.3055572256213104,5,1,1,1
11,4,0,1912.249982366886,391573.98191575444,3592.429347608761,0.006807779053789842,0,0,0,0
5,6,2,792.589346041517,43522.23886632849,2573.1010604124604,0.4437229036077043,6,1,2,1
4,24,5,427.19907898223573,23006.2672896037,2281.521116195879,0.1828923189997628,11,0,3,1
15,5,0,1539.873609971352,301339.51297206717,8424.90190188697,0.001,0,1,0,0
15,2,0,1369.6998211900043,196518.51114254093,6322.174737854363,0.04011187683210839,2,0,0,0
14,5,0,978.9141085568339,222261.12315618416,8108.900454304985,0.019863056300928154,1,0,0,0
20,5,0,1104.0986700943436,100000.0,3702.5427435813995,0.013626684814507168,3,0,0,0
14,1,0,1202.7677793954354,394433.685479671,6307.1805126895115,0.009490912689458612,0,0,1,0
12,5,0,786.0920887785735,156239.74638884445,9130.202881217185,0.012864154078877922,2,0,0,0
21,1,0,1044.2777516985718,394116.18657467514,7280.542466930019,0.01522818122320108,3,0,1,0
3,6,3,366.2739368540258,29365.94259243964,968.9196424969145,0.1445391550217679,7,1,2,1
0,20,10,333.1243131294006,4948.805276763087,1844.9252807395367,0.296476617208083,5,1,2,1
22,1,0,1075.9031767256292,214965.29020257702,5853.3319955552,0.004703309737806144,0,0,1,0
12,5,0,1533.7360884628426,187814.9174999523,5891.111818103951,0.029991087453710152,0,1,0,0
19,1,0,628.1541304322155,361595.5089044055,6190.239937971186,0.022580032430071763,3,0,0,0
18,3,0,645.2482117891892,302556.7818794591,7514.964628900446,0.007058479875323955,2,0,1,0
20,4,0,1785.8669035527203,365788.9134361859,6391.194857402196,0.031087013882881466,2,0,0,0
5,9,6,480.34481417092775,50384.00009537002,1445.9146141218619,0.15886150557462314,6,1,2,1
2,24,5,183.26800998907134,26551.827894761467,1123.5177996346622,0.1,9,1,2,1
4,9,11,250.7933152054988,22998.68558029381,200.0,0.14778771199216617,5,1,2,1
21,1,1,1525.3484090517695,440949.8097985096,10000.0,0.0033419260405881113,2,0,1,0
12,1,0,1455.6503053913975,180818.43090136923,7597.880790796777,0.03569754682727805,1,0,0,0
4,8,10,126.83672407857716,34113.99163199435,1389.2271616769692,0.22288581655334894,7,1,3,1
0,14,4,282.7272309596752,41402.52363046447,2048.3644243818903,0.1,9,0,1,1
23,15,5,689.162466829282,9820.494165111497,563.2615407637196,0.5677425232909642,11,1,1,1
19,4,0,2082.314541070959,213846.68318170737,3000.0,0.011201390965826655,2,0,0,0
21,1,0,1442.0391330518337,209636.56364076468,4455.574849322884,0.02705012571246638,2,0,0,0
2,13,3,854.8794602994078,25870.568465529854,1280.193884856796,0.1435425726676881,8,1,3,1
4,18,5,275.9208046375135,43106.27094716288,1927.80650269179,0.5013783044007201,2,1,0,1
11,5,0,1505.2400098191658,443469.8732961387,3000.0,0.025989984011251622,3,0,0,0
18,1,0,300.0,397690.99334165064,8589.526862824521,0.022153683774944935,3,0,0,0
23,6,8,451.7506589272754,26205.309269214664,2276.7656818380833,0.1,8,0,3,1
11,5,0,1216.7277391581356,459200.2736982842,7287.11485404631,0.02356673442051928,3,0,0,0
5,15,8,489.5924714031495,18245.424285732654,1579.9227062003285,0.26137639973025095,9,0,0,1
5,14,11,471.12707137712096,28153.012593573476,2089.2856895953482,0.3149962373172863,5,1,1,1
2,23,10,457.44354871362935,35305.22471513081,2455.516907367603,0.13875019170009698,10,0,2,1
11,5,0,1242.1735624547448,287514.4092892494,4131.11908595945,0.03534091621933967,0,0,1,0
23,21,4,284.34001550696075,29395.063764360166,1691.304332381283,0.1839875043338381,3,1,0,1
1,24,7,687.3413468430512,8841.580319122197,386.538638043937,0.1602728698428302,5,1,0,1
15,5,0,1263.229158836497,374427.582661273,8880.711890314738,0.0287937830734268,2,0,0,0
12,4,0,859.9463189129526,276282.93688740674,3983.5725968367105,0.020986799262208023,2,0,0,0
16,4,0,1519.841514120831,240485.02217335516,8177.267801983109,0.010899813409488852,2,0,0,0
18,5,1,892.9047925482472,354153.24964554457,6234.574482470359,0.010613889225274346,3,0,0,0
14,1,0,333.75240246087935,150465.0373802945,5237.999543863891,0.0225963616531836,3,0,0,0
4,16,8,282.56501133417385,19535.01731977989,1234.1655419756116,0.1,2,1,2,1
23,21,7,838.6434018094756,10110.503921461855,2405.3897993416917,0.1013131115112631,9,1,3,1
4,12,9,607.5682885657607,34833.396020259715,1569.1422685774019,0.1,6,1,1,1
2,18,8,520.1349685177685,42934.99304757588,2264.586405143204,0.18452594981581139,5,1,2,1
5,21,5,360.7597106737624,52290.9360443552,1163.5790013556923,0.46204962503327207,5,1,2,1
11,1,0,1334.3741565585835,262223.40266076097,3782.102094591344,0.02107060589554437,1,1,0,0
11,5,0,1104.7923678204436,100000.0,4358.878114194392,0.022380196448286226,3,0,0,0
0,19,8,98.51945957465921,47557.56101153538,2428.50370370952,0.3032744165072449,7,0,0,1
22,1,0,732.5410280238755,382148.24391716364,4461.542803055829,0.012015943425790432,2,0,0,0
0,8,8,227.88876368011557,52724.36674671061,1340.3185872714946,0.1163035267694689,4,0,0,1
18,2,0,498.080845851502,314005.9306116248,10000.0,0.0012864997074473507,0,1,0,0
0,6,9,116.65746428886507,9571.523517799083,1789.4108382393579,0.13973959235947858,10,1,3,1
19,3,0,1874.3746215829328,300932.13377960667,3000.0,0.033787664465402066,3,1,0,0
2,19,10,404.46535745143433,31857.71679041243,1905.5383551318537,0.12601027880730525,4,0,3,1
10,4,0,788.1901939216824,433742.6253800426,6088.643037333573,0.01749349425563156,1,1,1,0
15,4,0,1204.4530370869377,162871.71097417278,3950.649207894372,0.026715589707549215,2,1,1,0
5,11,9,448.81237111589815,7496.398908283816,2004.2364352444497,0.2542438561893421,3,1,1,1
3,21,5,452.7896085847053,1000.0,1436.546192191349,0.5075183949508829,4,1,1,1
1,23,4,456.94745546261527,29468.709980764765,733.1896027205835,0.18557940712068866,2,1,3,1
1,13,9,112.48450729669645,44308.3506813295,200.0,0.2159640377964639,7,1,1,1
13,1,1,1370.1492427195953,374444.54732331407,3000.0,0.012379719357307662,3,0,0,0
2,18,9,644.5594269946986,35312.76484167232,2344.2296815939585,0.24796937145262807,5,1,0,1
10,4,0,1473.8630164012188,533674.6454024997,6532.2939529044,0.030778164403875683,1,0,0,0
20,4,0,733.5767525686656,337145.9053951016,7253.963329593667,0.012443590969231562,0,0,0,0
3,22,8,395.4612919049189,40885.66706240689,2545.4908281883977,0.1,6,1,3,1
3,21,2,525.070626118237,5746.210039652175,1201.7345575955128,0.1534953004775596,8,1,2,1
10,1,0,1631.6045449654146,275231.8541903499,4281.108562329283,0.016699558554329936,1,0,0,0
4,22,11,321.61951750404825,50290.04756813652,1528.385929196221,0.13725044440258416,5,1,1,1
23,23,11,122.59196179859543,53401.287382313065,1212.963607752531,0.31574584488991514,2,1,1,1
19,5,0,1453.4648085169638,380590.09431107837,3621.738396882448,0.014186934537884827,3,0,0,0
17,5,0,1100.8531763018939,319514.0049758993,9879.53652647338,0.024542900533101035,0,0,0,0
12,2,0,1521.5717118339498,429388.46414336783,4471.828931472599,0.023798311440874943,0,0,0,0
23,19,2,451.80109168972103,1000.0,2644.877709280755,0.15474726530163596,2,1,3,1
17,2,0,798.3550300966212,353817.394652751,4343.036880425976,0.0023201356240022085,0,1,0,0
13,4,0,461.4313363789996,161835.08902069635,3919.070322245837,0.011597910255018239,1,0,0,0
20,4,1,1151.410392579982,255095.98072675194,4965.657446087734,0.023973887597814617,2,0,0,0
4,9,10,401.7639618349755,38237.474962141816,2320.7302822453694,0.11852027718692221,9,1,0,1
23,17,4,283.3255218506454,22294.073218667956,1877.4407082497767,0.12848644546672489,4,1,3,1
5,14,10,269.8324703572075,49787.14897660422,1791.569539559835,0.1,7,1,3,1
17,4,0,1487.9106077910794,143510.5080964222,10000.0,0.02965939554859702,3,0,0,0
22,3,0,921.132674073506,249882.64667991715,6927.998258099704,0.03180490368580678,3,0,0,0
19,3,0,1253.2960215899247,307419.05706795515,6505.69650246185,0.016598127962740062,1,0,0,0
11,3,0,688.9598939326826,286253.6230260987,4666.580216516802,0.024326909961624767,2,0,0,0
3,17,11,367.7661521275072,37008.8472913837,601.6195328760974,0.3339718215929013,7,1,0,1
14,2,0,1333.1279195772781,231033.82825314847,6790.361239146711,0.004905884028232594,2,0,0,0
2,18,6,184.33101904382076,31363.64876746667,1483.2028278609196,0.1,10,1,1,1
0,16,8,555.4687267710286,27815.176448927527,1980.9670830003718,0.356362910692701,5,1,1,1
20,1,0,1666.2466596444642,423355.0697369068,4868.373756765078,0.020223781340643173,1,0,0,0
22,3,0,715.927237961087,347149.0178448965,5522.399929059914,0.014458970662901905,3,0,1,0
18,5,0,1524.290666895606,202493.92745795875,3000.0,0.008933646874521526,3,0,0,0
16,1,0,1292.3457640512352,259100.08207734025,4188.532577765398,0.01022690218349996,1,0,0,0
15,5,0,1434.500150212101,437187.2586495703,8394.424070207755,0.019636690603701924,0,0,1,0
23,16,10,162.3509397129117,39664.50587860098,1871.40847659403,0.3649756654836495,6,0,2,1
20,2,0,1614.6425655459807,182869.54044550582,7224.895450433201,0.02577793251028751,1,0,0,0
22,1,0,1589.5067743756372,373555.21354802226,4678.533695216267,0.040462816562890795,1,0,0,0
15,4,0,1360.201182745108,100000.0,6774.4461358364215,0.014897750841005128,2,0,0,0
22,4,0,554.6642393002146,248775.11528177856,7190.4710919661675,0.008694014367795834,1,0,0,0
22,3,0,1412.9734914841265,112330.48915390644,6458.545908253504,0.02514311918251578,3,0,0,0
10,2,0,1048.1759700283365,298282.8561411791,4225.314984573239,0.025245416745816353,1,0,0,0
11,3,0,1159.106134325769,233146.88235746452,5464.167637294524,0.009373299091631135,0,0,1,0
1,15,8,446.64781384977204,11626.132654593042,1487.8537512502905,0.3711202374656889,9,1,2,1
3,20,5,681.0156769542757,3176.5193977949457,514.365222310191,0.24611611284646612,2,1,3,1
3,12,8,308.56853743329367,31095.69585305441,200.0,0.4265268206359496,10,1,1,1
14,5,0,912.8494561683483,313289.99865254224,6568.905315256661,0.01317953027186209,1,0,0,0
21,1,0,923.141179849571,240537.02917466074,4980.432966657925,0.026889959462443453,0,0,0,0
15,2,0,1115.915223241401,210090.28673888024,4289.0965764622,0.016874952515010387,1,0,0,0
17,2,0,1688.6832558079814,242606.45873172174,7430.086214029136,0.013258057809952348,3,0,0,0
18,3,0,1320.218979360399,177948.40479115664,5507.583046329026,0.019931192046747585,2,0,0,0
23,21,10,601.6804552271917,39894.543530225565,1138.2779538510304,0.39228324542903703,11,1,0,1
19,3,0,1496.3618532204507,304115.31264031644,8068.7832445991235,0.006404107707726495,0,0,0,0
22,1,0,906.9172843611304,307965.4223392531,9218.428289267998,0.014358554911828178,3,0,0,0
2,19,8,380.5964333914262,39620.45308123129,3000.0,0.2682057397949293,4,1,3,1
1,15,9,554.451213243863,29501.4103447083,1208.0539414926773,0.32846023956077997,8,1,1,1
1,18,10,405.5353483351441,43083.094821968196,1396.0431112539118,0.627046440369633,11,1,1,1
2,10,5,327.8439290987468,55006.93495057306,2015.2829775194136,0.20921219441228311,7,1,2,1
21,4,0,741.00383397049,312987.0667265148,9826.943117412648,0.009660438933392575,3,0,0,0
21,1,0,1225.061797111463,179058.1332284911,4292.369866576324,0.039642821223709664,3,0,0,0
14,2,0,873.0379702380412,512015.97078736755,7397.769869569236,0.019802907116020865,0,0,0,0
14,5,0,1441.67861965988,337395.78630598227,5996.410804632832,0.011135851283265712,3,1,0,0
18,2,0,1457.4070710599772,394851.40803534555,5807.5219252225115,0.02846628428196809,1,0,0,0
23,7,8,421.08450296732167,23160.350389794847,755.8374140242703,0.4158118132998909,7,1,2,1
5,6,5,230.33452911592133,27726.164522503772,3000.0,0.32213297455749634,9,1,1,1
23,15,5,729.9662550414703,39530.83001691736,1921.0085344066515,0.12316813096463969,4,1,1,1
17,2,0,1163.8670777959367,348514.3095648238,6236.529798663034,0.026184244124770873,1,0,0,0
13,3,0,300.0,249214.0418129315,4242.03093854543,0.021771637608623964,0,0,0,0
23,18,8,377.43958514479687,34439.53400836375,1692.3742354880212,0.27895793869800356,5,1,1,1
19,2,0,1315.2662030568347,124252.73779076911,3000.0,0.0196153560949669,2,0,1,0
12,5,0,1001.368018504033,394366.87296069646,7766.092644925982,0.02758999133910385,3,0,0,0
10,1,0,1482.7081548247584,271853.6824950654,5989.710944523546,0.01141741877536772,2,0,0,0
15,3,0,1022.12354665981,312817.5190670679,4029.580242758477,0.0345349307042572,3,0,0,0
5,21,6,736.9705835280258,32750.65467667983,1969.1004930806816,0.46074075484159294,5,1,2,1
13,4,0,924.4140976586004,373351.84624712163,6917.525591948349,0.024305818314914247,2,0,0,0
21,2,0,1434.0285377536325,161322.4137308425,5349.740003335141,0.031427849929859884,3,0,1,0
11,1,0,1657.952649479256,253710.55511439787,4603.579047515501,0.024345409296353225,3,0,0,0
3,8,4,339.94484567526416,16705.953914919155,1420.181650360335,0.4163193496006924,4,1,2,1
23,21,7,504.6615382420282,30748.196803598432,2825.1887960571576,0.17217962525207398,5,0,0,1
20,5,0,1167.7838701500118,365466.3962731513,7627.814234879338,0.018645110586485044,1,0,0,0
1,20,6,432.8904659792765,27634.473423189982,1808.2801287055454,0.1335080126201006,2,0,1,1
23,7,9,385.03303127363404,23253.326224030945,622.4687941641745,0.24389416973677552,8,1,0,1
5,22,3,114.25716796313026,23758.49090468841,2199.900596573808,0.3210514712305439,6,1,0,1
21,3,0,1847.184457181955,109547.54804313538,6582.688922228312,0.01555426013962925,2,0,1,0
10,2,0,907.9953908542057,201870.12367447498,6621.661448027794,0.030054133002314874,2,0,0,0
3,22,6,546.2642569965503,24780.910165906753,278.72187695655475,0.13788625221772088,8,0,1,1
13,5,0,1369.026865869696,312394.8446585333,3790.790091689252,0.029060926237765614,2,0,1,0
2,6,8,419.0133676627278,25337.926695662423,1188.556862941891,0.19403111640380033,5,1,1,1
23,18,11,289.18234242654614,55929.157037322635,2188.6831114939982,0.305813870922377,7,1,3,1
19,1,0,837.0155540400804,357880.9109784556,3000.0,0.029393053306312894,0,0,1,0
0,14,2,136.00760542475172,20700.91859018492,2807.287861466647,0.19924458526779398,2,1,3,1
12,2,0,1766.7895895350252,130428.05092995509,4143.204376852356,0.021363090256215078,2,0,0,0
21,1,0,787.1106470416496,369897.5818344767,3979.332299527123,0.002882605376641395,3,0,0,0
4,8,4,164.34308320712177,35312.90456593692,1225.7178103604135,0.1,9,1,3,1
19,1,1,696.6525622780468,271107.7987437251,9630.420112075079,0.013368675760806421,3,1,0,0
3,24,11,524.5803185171162,24004.683835586184,2786.8796014701993,0.45564658641328826,10,1,2,1
23,18,6,628.9596236989447,14801.305558690405,2283.942698300449,0.36893661941770634,5,1,2,1
0,9,2,512.1096550541685,1000.0,2295.86224669023,0.24849839002028934,9,1,3,1
18,5,0,1416.2522904714342,423623.5123926539,7603.815834256267,0.01549176588922868,1,0,0,0
13,2,0,1455.9838762646132,434878.76228401647,6967.978929279946,0.027461906407562207,0,0,0,0
10,3,0,1492.09990149318,311237.6681627895,7436.357590357362,0.001,3,0,0,0
12,5,0,622.1363313266833,335482.6829520639,6512.6899553031635,0.02089855755242562,1,0,0,0
11,5,0,1731.1837914683852,379362.07477280434,5184.589127539554,0.022553991080549278,3,0,0,0
1,6,11,167.39926484620003,60113.6665808057,2866.5446198136437,0.3129184240909365,3,1,1,1
0,15,4,647.5887935871422,15222.625869318803,806.1951224410451,0.1,11,1,1,1
22,1,0,1559.561283947644,420070.7751183687,6122.33580523499,0.018888913337225085,2,1,1,0
21,2,0,1433.3387798966082,225221.69602812987,3593.0293347586535,0.02418309724506659,3,0,0,0
10,5,0,1523.9737970003343,250593.5714139646,3000.0,0.013338127157296133,1,0,0,0
22,4,0,1143.2296305572477,332915.6550843221,3127.568392856213,0.014322273019668225,1,0,0,0
23,9,6,518.4395411507242,11586.83262366374,654.0014119974348,0.4146793066930855,10,1,3,1
21,2,0,1251.7457353119,293443.60739702545,5417.032574476558,0.03299966616404053,2,1,0,0
3,8,11,568.4317640694453,16138.008674480954,673.2916371602862,0.3259215215676611,3,1,2,1
4,6,6,475.91142208681333,1000.0,2110.6078360652104,0.19830494043175279,3,1,2,1
4,22,4,535.5004775791625,24909.966827772412,1726.2272152824266,0.1,10,1,2,1
4,17,9,341.48415414258915,15454.643174367551,1937.4973018587748,0.1,7,1,0,1
16,3,0,1989.5594313770332,145102.03383307913,5970.998142376358,0.020635093759669154,3,1,0,0
2,21,5,391.82618333855,39263.22600071582,1069.7375434973778,0.3067465832557763,2,1,2,1
23,7,10,760.4764159849685,26001.171494302904,1693.535210402772,0.1,9,1,3,1
20,1,0,1653.0808692864446,213569.22849705297,5491.20086097767,0.02658051425805278,3,0,0,0
0,22,5,528.6665535419193,29742.380628157494,1090.6616366187454,0.3362735684546051,6,1,1,1
21,4,0,1856.9089124663583,322087.62260865263,8500.61837779503,0.01925325289895955,1,0,1,0
23,13,4,693.1835839881122,29114.54242429554,2581.8911514743504,0.32436633307201806,7,1,1,1
5,10,11,50.0,38410.701990475776,1385.794849051265,0.18775076994939233,9,1,0,1
0,24,6,50.0,12731.272220984698,890.8357992259436,0.3020055658729435,6,1,1,1
21,4,0,901.3472643852308,228656.65988884727,3544.021633438817,0.0028765316006621015,1,0,0,0
23,15,4,858.2828693249829,39326.99578964622,1403.9565879430172,0.12459168350898411,6,1,3,1
22,3,0,1260.6155523301084,110425.3856587423,8929.22536729284,0.02569041958418128,2,0,0,0
12,1,0,388.6907837684836,254734.08834021713,5556.563012376435,0.007915255047483787,0,0,0,0
2,22,6,442.0650019215131,3430.4115877526856,2096.4516007135826,0.15660429024316042,4,1,1,1
1,19,2,50.0,68129.91707535414,648.2786584945899,0.1,10,1,2,1
3,24,7,690.1561460525286,26675.297222610294,1542.9311271537272,0.457795823585746,6,1,0,1
23,16,2,179.7347053480742,37149.97803780752,1383.2430685833617,0.21197743543415276,4,1,1,1
3,8,9,342.1554119336105,19403.537546750813,2165.471714210952,0.2864766914884375,4,0,1,1
0,7,9,514.3291087049282,50279.922078784664,1780.1709556132173,0.2913945090509147,10,1,2,1
1,13,10,530.0684205250478,39244.67447127686,902.6237281878988,0.2194655579874136,2,1,0,1
22,3,0,1123.349633737033,373819.25158806075,5640.936503558858,0.035689449551832564,1,0,0,0
18,5,0,475.83328665690203,226554.45091951705,6703.534403383705,0.03787870715003657,0,0,1,0
4,14,5,629.0587721007257,33369.29246308548,2498.903016970182,0.3344766737185859,6,1,2,1
18,1,1,1110.595576393724,495091.4171273827,3940.5650690657076,0.00502907401368268,0,0,0,0
12,4,1,898.0232535280991,420412.77404634544,9506.38911702396,0.015613198913872209,0,0,0,0
18,4,0,1445.9323870710757,379039.16101860034,3000.0,0.03310841780533012,3,0,0,0
2,17,4,50.0,15233.786624622622,991.4236829641982,0.4924614311502426,9,0,2,1
3,13,9,585.9974039778997,26285.685932578584,906.3138789546207,0.1816302088895309,6,1,2,1
22,1,0,943.2616868938771,429464.99243206915,7348.463585006917,0.006950432184658547,3,0,0,0
3,21,5,148.27947345548992,26779.566140472987,2445.4089409855096,0.11919905042911641,3,1,1,1
17,4,0,1532.6170660290134,213647.78669852868,7017.04796985851,0.013333010128565134,2,1,0,0
5,13,4,194.24848526014378,36893.97033332029,597.5279912091625,0.5552578207837351,6,1,3,1
5,8,2,571.8165038997249,21708.009793589095,376.68449734744604,0.2782658122108503,5,1,1,1
11,4,1,300.0,361163.5785498339,4384.868370545733,0.0069099861126287986,1,1,0,0
1,10,9,367.1327067716961,53484.5244344142,1542.9550973646608,0.1806210632425363,5,1,2,1
17,2,0,916.867488706426,311389.9918903184,3000.0,0.028628960522352916,1,0,0,0
23,6,2,591.7241033107566,8885.76958426175,1668.7288990232205,0.28924239156229964,4,0,2,1
18,2,0,514.1432238130603,213492.30773658823,7831.706116628166,0.02321036867864653,3,0,1,0
0,7,8,332.51201013424276,51720.03212581277,2735.293357653807,0.11389344984161945,2,0,3,1
15,1,0,838.117477765808,395972.9660277267,7721.559660891413,0.018190175220566075,2,0,0,0
23,14,10,410.4346553849355,19885.556779022474,2512.258340980575,0.14667005097912075,9,1,0,1
4,15,2,571.3987117389704,13601.930889238716,464.879556526098,0.1,2,1,1,1
18,5,0,300.0,395329.12543025194,4655.717453220432,0.02284113295350185,0,0,0,0
22,5,0,1404.3066354375653,352981.00656836387,4511.77206978771,0.03171559010470227,2,0,1,0
2,15,6,373.20094572730625,12807.543155905107,636.3764432495667,0.367132330844423,10,1,2,1
18,1,0,1458.3648061676809,270019.880235068,6529.878789804484,0.03789621311862193,2,0,0,0
4,16,11,849.6590418258995,23938.251161977787,1672.4827407080993,0.1,8,1,3,1
20,2,0,1319.4786649285065,186934.34894542524,4662.6892777133025,0.04135153887995252,2,0,0,0
5,13,6,614.9451367135136,23871.541105292796,1918.8367525250544,0.3171218552183603,2,1,2,1
17,2,0,1221.1844359658448,274675.40528257977,4821.936699202614,0.02846471633927418,2,0,0,0
3,22,7,320.798676072053,13349.901811043143,1488.604584277693,0.15199802519889988,5,1,3,1
2,22,6,398.33564283217356,41394.382323533544,1109.8918070646087,0.3034638475995442,5,1,1,1
11,1,0,1720.3625814188745,378477.40305269085,8282.656525793782,0.003125309387869611,0,0,0,0
15,1,0,1164.5329562023485,153736.60471009754,5437.542512055796,0.023490704507698707,0,0,1,0
20,2,0,548.3626845477388,330674.1309376095,6277.614757477479,0.03842910963016902,0,0,0,0
5,19,4,352.8647724952004,13607.367782084522,1739.835127036403,0.1,9,1,1,1
5,9,6,176.21217540135987,15935.164279691424,2387.562761038301,0.3750117845100108,8,1,3,1
3,19,7,586.2244678276165,14010.893068353245,1539.583592303227,0.16364234012477166,11,0,1,1
14,2,0,908.393711007579,277242.06806481566,7287.289251990449,0.037711553055604495,3,0,0,0
15,4,0,829.077098427744,143403.120365317,7563.686626487143,0.016989004785304806,2,0,0,0
14,3,0,1601.7351774566814,370670.8470202309,5322.681624421265,0.006197182736209473,2,0,0,0
19,1,0,864.8626815909776,375049.6032525735,5614.625091571099,0.001,0,1,0,0
17,4,0,1488.5486711155036,241160.26527642575,3937.8353623783037,0.030065646379964867,3,0,1,0
5,15,8,556.2940455127911,51875.063452746996,2465.6861357738144,0.2779492354590808,5,1,2,1
13,4,0,1055.693434721463,288289.5943910772,7359.500384885805,0.007439089284750835,1,0,1,0
3,24,2,772.3327062136934,48542.06919002406,1589.537336281839,0.4144378903821518,8,1,0,1
18,4,0,1345.5885360224393,298048.45605959353,6516.781222000935,0.0190510869530891,0,0,1,0
23,14,4,254.06998219514165,17725.974655928883,2026.9618279333024,0.16685704636094953,3,1,3,1
14,4,0,438.74271761052876,358052.814891784,7413.172617512932,0.026362920305645316,1,0,0,0
2,14,11,366.57686624697703,23616.9635237321,2592.669465100235,0.20972226731571952,7,1,1,1
4,22,9,673.3550769738426,24176.15255354336,1040.7157874205534,0.223473164410852,2,1,0,1
5,21,2,655.9173235419298,22365.70645434466,2178.584276514464,0.41685294802159256,3,1,0,1
0,7,7,417.8250553597955,33000.566387590814,1492.458990272414,0.30592542347522705,5,1,2,1
23,16,7,316.9907230594768,43699.912898852315,1548.4221555527517,0.2777350754043924,10,1,2,1
1,6,4,378.9877352317132,50522.66491000503,2577.420319903017,0.24288581749140453,8,1,2,1
2,21,6,260.13508731082584,16577.576513340835,1779.483577092688,0.2259662596371525,2,1,2,1
20,5,0,479.69021648472824,268268.76671140024,8179.8755764036105,0.022635359332565202,3,1,1,0
20,4,0,300.0,100000.0,6363.5046156442495,0.024129060904704278,0,0,0,0
1,16,11,628.4861173967512,29068.606805363303,1936.0084177885904,0.35009468962712065,3,1,1,1
15,2,0,1029.4696534232762,262167.7552008906,3220.8928417658794,0.017650526688013552,2,1,0,0
5,19,7,782.5132121753081,1000.0,1860.2841401667565,0.28592484844472515,7,0,2,1
2,24,8,193.94904680451924,28494.83419042363,1076.4947276084515,0.3377826823198069,3,1,1,1
11,4,0,1357.6372420112878,344361.68006413884,6298.727392302658,0.001,3,0,1,0
3,20,5,169.79026319371192,4756.891992366105,2830.4981769101823,0.4382444104473277,7,0,1,1
2,6,6,362.2167936067476,17630.94291308493,1612.170636399283,0.15615473810827396,4,1,0,1
0,19,5,279.0015791965721,12481.569421141216,2126.629523529497,0.1,5,1,3,1
17,4,0,938.4605054083363,261742.25459539914,5955.789413785227,0.017685761642283932,3,0,1,0
1,12,9,477.9723920673833,27185.003799694503,1371.7088650017909,0.1,5,1,2,1
17,3,0,1879.2052646013951,417113.0446414723,4316.77684422407,0.008058491916937992,2,0,0,0
12,1,0,1995.122625904834,155566.97665772826,7072.72240527071,0.011284936409199593,0,0,0,0
4,11,11,400.7771606419786,34805.581060958175,2732.0031911089595,0.23630187353634913,3,1,0,1
2,15,6,446.80608331671675,52576.594073465494,1730.3043647796492,0.3959304737393864,7,1,3,1
13,1,0,1272.7106499179026,302544.0682075031,6934.73054297028,0.013538531731138483,1,0,0,0
12,2,0,1237.347544321266,427043.3355664773,5090.896297172639,0.01037089598568032,0,0,1,0
13,3,0,767.4368608154896,258817.14026752982,5201.6938889379,0.016423741063186743,2,0,1,0
10,1,0,1103.5390030953388,353659.9433427345,3674.128953619127,0.01602925318536797,1,0,0,0
12,4,0,1538.9345301416975,270995.83123305364,3758.7319295926122,0.018441853603851262,1,0,0,0
4,22,3,278.6065799204786,31077.08467818692,1304.5958101160386,0.10058062869050025,8,1,2,1
20,3,0,1057.8033348343195,337103.1215986017,10000.0,0.018100456760431646,2,0,0,0
12,3,0,966.5220388952305,215590.99390048755,7742.568603771117,0.02075663356512338,1,0,0,0
12,1,0,1557.6386703814826,202810.16895594881,6720.204292145545,0.014779593516131874,2,0,1,0
10,4,0,1474.4567696967065,394314.22558888816,8857.389232946414,0.030664993147096083,2,0,0,0
5,13,10,598.0787214367336,34861.1630598977,2623.0644933864246,0.3434958807796562,9,0,1,1
14,3,0,997.9562338353962,226503.26513232803,6157.456434072403,0.0093305064588255,0,0,0,0
2,16,10,375.0750782177039,29597.814928969437,200.0,0.32143325459481015,10,1,2,1
2,15,8,917.1184781624187,42761.424645605235,1295.9813602878532,0.1,7,1,2,1
11,5,0,625.0050817971315,303492.9133754779,3863.833120785226,0.010636094317143076,1,0,0,0
23,8,9,621.3333177400553,1000.0,2684.4889776946475,0.23344472922062173,2,1,3,1
23,8,4,276.2711670315351,24237.296483832208,2030.087640334249,0.3068163044988554,6,1,1,1
16,3,0,2240.7081885283205,353263.1134377063,4745.966950567312,0.012832555901903162,0,0,0,0
3,11,2,416.7111314831745,31181.931809975536,1241.968910631597,0.2921283275576701,3,1,3,1
16,2,0,1020.6034520851599,307667.1205614718,3870.0928649359757,0.023276460389529827,2,0,0,0
11,2,0,1540.915875781125,293978.6120385275,5988.0912448503095,0.028084922744288518,0,1,0,0
2,6,6,112.0886537050913,28595.559078162598,1295.6299294926216,0.49863209957185745,7,0,3,1
16,3,0,1527.907227790195,345060.78354157193,9676.677005258447,0.028711815285904906,2,0,0,0
3,7,8,431.0881677013563,1000.0,685.722654672832,0.22300862619234094,5,1,0,1
0,21,8,50.0,54029.603070141326,479.39271700104507,0.33261101519654174,8,1,0,1
16,3,0,563.4007383890631,376249.29335478065,3957.46386483241,0.029969043313968595,3,0,1,0
17,3,0,1597.836371534289,231579.14251759084,6976.948302063629,0.026791273336702233,3,0,0,0
4,10,10,186.744702558574,26539.956432233346,1497.3177179161744,0.19579784438691722,3,1,1,1
0,12,3,387.52437567014846,4698.450309586922,1140.0838687892692,0.5465404196405172,4,1,3,1
17,3,0,1769.4829240083095,314320.77077729965,5128.26842797192,0.011257623626626965,0,0,0,0
23,18,10,318.7406984491596,43489.115135523214,1319.6876487702255,0.250130495463615,2,0,2,1
23,8,3,413.998316347046,36926.129464204714,754.3581576250615,0.3073688616578377,9,1,2,1
2,17,10,397.23340044564276,15983.92998064207,1917.9294711568527,0.6138358988109063,3,1,1,1
15,5,0,1302.40989796075,258695.15111651746,4626.15316908129,0.01987201330128916,2,0,0,0
17,4,0,1742.2647583559713,360404.7659378556,7248.373171608175,0.001,0,0,1,0
5,15,11,599.4811739564727,27461.87958581336,1035.4147781896602,0.1,11,1,0,1
18,3,0,1701.5096071992373,344813.87274067075,3415.481816063838,0.0420059446095343,2,0,0,0
18,4,0,1810.8053044903968,445882.75466785004,6468.570292204312,0.01215808090217458,3,0,0,0
16,4,0,1283.1127394904868,264076.3449652297,3701.4418785943517,0.01480874000279506,2,0,0,0
13,3,1,1428.94677663106,345686.3256368462,7026.434695143255,0.02013604073320854,1,0,0,0
4,24,10,291.5286711610558,21588.753646758618,793.1901913032418,0.5819548441794458,3,1,3,1
4,13,7,399.66583591228016,15688.281220121224,1724.7532885128257,0.2231024387169738,11,1,0,1
13,2,0,992.4679276320459,100000.0,5267.616722702731,0.04457093375147715,2,0,0,0
14,5,0,1482.845183584804,341114.5697529602,3422.4559696230767,0.024340274938306063,1,0,0,0
20,3,0,1597.4204109250627,145761.93915537366,7124.285645781498,0.02532043697597346,0,0,0,0
22,4,0,1746.7237866881128,334751.5798226909,5214.186764587686,0.006432109716237222,1,0,0,0
4,9,11,491.50508716545374,36335.62142512874,1902.4100910537848,0.196094712664387,11,0,1,1
17,3,0,1227.4512799731021,323101.541457624,7114.860574942509,0.02337499013269029,3,1,0,0
2,23,3,813.6658046492855,32038.074287759948,1767.7615801398529,0.44968256936967443,7,1,1,1
23,13,2,290.7353281765511,25858.322197349175,1410.7071180939474,0.18624433682649227,9,1,1,1
10,3,0,810.0678070608137,104467.98041710086,7623.334725920002,0.01835654044103549,3,0,0,0
2,9,6,626.2397235951646,57283.27877386572,1606.3447603073323,0.1218555216145249,9,1,1,1
3,17,2,123.63008628997198,46057.334986459115,1342.5881368398852,0.2748239585383429,7,0,1,1
13,2,0,686.28567262822,384490.59226217086,4335.433146712787,0.001,1,0,1,0
13,3,0,437.8334127936496,391771.0524560253,3010.505754760812,0.017368672933222917,2,0,1,0
23,15,8,481.2235451588691,56406.846076084206,1156.2884963890908,0.4644991245989841,6,1,0,1
1,16,2,451.82497633758254,35993.32753337649,1457.2602902695826,0.1,6,1,0,1
17,1,0,1311.5912407662595,340517.25445973955,4749.181130534704,0.03232453907977818,2,0,0,0
14,3,0,1367.4277304917794,292903.05301539536,7670.544815817295,0.0267104604659568,1,0,0,0
12,4,0,1507.472854754688,141557.88718228924,7413.733567483097,0.021974419762338604,2,0,1,0
11,4,0,1471.3273092536645,357208.5682554423,6094.1252263682845,0.03694478783777687,0,0,0,0
22,2,0,1219.415655929054,249808.64968613375,7112.514782419016,0.034250279116694315,2,0,0,0
2,10,5,573.1916150708357,28876.495110775315,2575.46460229011,0.1,8,1,1,1
2,22,9,738.500933077584,30972.782818178817,1695.580391215038,0.21104564151746297,7,0,2,1
12,5,0,732.795230462518,258730.98403191217,3869.833234700124,0.00402412030633708,1,0,0,0
15,2,0,936.7293249561426,339110.72442409,5072.752290780003,0.017203478927924926,3,1,0,0
2,11,11,373.74575352328264,32321.941507579824,665.162753295954,0.39300063042125355,5,1,3,1
3,14,11,419.2152752456393,21091.870885638906,243.9745510182097,0.23744084858065187,6,1,1,1
3,11,5,94.5430109789325,49446.310625146914,3000.0,0.23367273287802323,4,1,1,1
3,13,10,50.0,37999.372820111654,1010.0701624984005,0.3460603547073853,10,1,1,1
10,1,0,1523.4163033288771,393068.86339120375,5787.358152374363,0.04305244373452159,2,0,0,0
12,4,0,451.31395211038387,426789.8795170886,6267.045016510722,0.0019356032976447883,2,0,1,0
4,10,4,569.6144366758878,13984.267967866075,2059.8795720482512,0.22846600400307016,11,1,1,1
14,5,0,1367.4858235503177,536130.1022787858,7416.876398828569,0.01910279810899551,0,0,1,0
0,22,9,187.48978883772475,60730.743105912465,1415.168763850541,0.1,6,1,0,1
1,21,5,211.93905129997083,20366.04744726311,905.2133561109788,0.11413570104969106,9,1,0,1
0,15,9,475.20948902543716,32484.527200022414,1522.8174303456717,0.1,2,1,0,1
19,3,0,694.861900092654,238841.94296534045,3000.0,0.015889413952416748,2,0,0,0
3,7,7,251.88433444676696,1000.0,1648.5740809451086,0.12029415346647038,8,1,2,1
4,6,3,241.591168010944,64179.32628969447,1001.241120854191,0.16558025898044898,10,1,0,1
17,5,0,1882.5519123129634,159005.3598110427,6906.640999503064,0.0410750693823832,3,0,0,0
4,15,3,460.45287839806133,1618.8098655810536,1384.7228461127295,0.4269939398317216,10,1,2,1
2,24,11,701.6679474504349,18684.2921054112,1219.3385327238975,0.17198646982695037,2,1,1,1
23,19,6,571.2875009813557,16299.310897170562,2202.520517743556,0.27128696421029225,7,1,1,1
17,2,0,1109.6906909136792,395280.0107605397,6381.720615305068,0.021480521375853986,0,0,0,0
2,13,11,438.26080019048925,42524.66839584154,1969.8560833213262,0.1,6,1,1,1
19,4,0,788.7672960627315,351325.2289694246,3650.004701413328,0.026020393299459314,2,0,1,0
2,22,6,210.26403043947138,49940.737143028746,819.8896709353337,0.1254794150806695,3,0,0,1
11,3,0,2000.0610049971638,309411.54134992306,5404.1016342670755,0.015131492163134379,1,1,0,0
21,1,0,1209.233022280962,219814.39054565487,7693.837784375655,0.013154390900232796,3,0,0,0
21,4,0,932.2047339991277,170096.43637344387,3000.0,0.03800228538130293,0,0,0,0
15,2,0,827.0012054684166,242929.25472761824,4715.463017378274,0.015402171882354106,0,0,0,0
13,4,0,528.2293522461149,406424.1295173527,9200.258198880932,0.027141974053763826,3,0,0,0
4,16,8,643.6572896555142,31941.507007801596,2040.028804977199,0.17564042335812602,11,1,2,1
23,9,2,328.31839174141686,24281.67408360987,1768.6994815833489,0.4899817055264636,11,1,1,1
10,4,0,1642.9177029542443,410798.2511053644,9101.882598693917,0.0330263435554576,2,0,0,0
3,12,7,50.0,45767.342490137125,608.9732824680816,0.19356193488458306,6,1,1,1
2,14,8,79.84212564127546,6770.3069918676265,1214.4464773840473,0.1,9,1,1,1
2,8,7,134.4199031219186,40496.61568989762,1248.9415264323184,0.43662052957154784,7,1,3,1
16,5,0,1804.5412591910144,220653.85303688422,7580.9414636698475,0.011177394008960605,0,0,0,0
1,15,6,66.2297519474032,26161.082920431574,1327.4335527002086,0.1,11,1,2,1
0,19,10,447.7650766745368,25443.820184897333,439.3509088190626,0.1510666301458432,8,1,1,1
20,1,0,1200.3429336983859,401983.38123847556,6877.971539927233,0.001,0,0,0,0
15,5,0,1765.5098909971707,273568.77083237504,6862.419113669943,0.020899864397269256,2,0,0,0
19,2,0,1108.8381811092504,271492.4257094251,8825.835147583704,0.003910482706735458,1,1,1,0
15,2,0,1886.5433995197816,283061.82765414234,7060.4140282101625,0.03231375524729384,1,1,0,0
14,2,0,440.015632733223,100000.0,4601.536048524471,0.029422684386745113,2,0,0,0
17,5,0,1325.9950141682002,173100.69408924266,4069.145314260383,0.04204805026717397,0,0,0,0
3,16,9,553.1910977048473,11337.069065903768,1457.8964387044823,0.44533230403252155,5,1,3,1
5,16,9,634.1447896527028,53564.853273999775,650.3678228064612,0.19151034683960597,8,1,2,1
0,10,5,739.9063346114742,54469.25932806867,996.9950863182405,0.24763943950249162,11,1,2,1
4,12,5,516.4253553321654,39895.66892717436,1436.4416882464427,0.1,6,0,1,1
4,16,5,119.01864968715614,15987.341134227825,1759.8558712515246,0.5052826471187142,5,1,3,1
2,11,6,276.1588918359156,35008.38339095872,200.0,0.2694071620992401,10,1,2,1
1,18,7,369.828968588692,41191.779007928424,2716.988320762531,0.1483981798575133,2,1,1,1
20,2,0,747.0883481820415,307208.75041066215,5927.767848962164,0.017753851620634187,2,0,1,0
5,18,7,90.49361602797796,36119.10337703657,1949.3445749872355,0.1,6,1,0,1
16,5,0,1465.6211813222333,330015.3741526976,7354.1441776906595,0.018777522884516437,3,0,0,0
3,15,8,531.1915180385244,22169.98783748121,1277.0270471461754,0.1,6,1,1,1
0,6,6,404.2989549203503,44385.55909437167,1130.8151560123295,0.29978437738451585,7,1,2,1
21,1,0,656.057590211239,320726.8753130215,6665.396553406082,0.015691398392437217,1,0,0,0
12,3,0,1134.5416644739885,123901.97801576278,3230.661213928452,0.006218700700446287,0,0,0,0
21,3,1,920.9077936014467,234572.06240367529,6798.178689864574,0.016673118203559482,1,0,0,0
14,5,0,1509.0993350818835,301768.327004314,3000.0,0.04397103598867367,2,0,0,0
0,19,8,508.1207157733994,13877.320898038332,200.0,0.1,6,1,2,1
19,2,0,756.8299095220551,292354.0449160524,5429.152958089568,0.02618990329253825,1,0,0,0
14,5,0,1061.7829034330039,438478.750736829,5761.124234725863,0.025890860749745982,1,0,0,0
13,3,0,866.5726193989844,213663.5238231374,9125.231649341558,0.023517710071554027,2,0,0,0
1,17,7,635.3955660752006,30931.38896706222,352.4513876838405,0.394098139599402,9,1,0,1
3,6,2,171.2804865791973,38648.10094746737,986.1091249085109,0.26266597803503194,8,1,3,1
13,1,0,1140.7564082112467,354516.9461222244,3280.760905456668,0.02222219113398452,3,0,0,0
1,20,8,462.46276184592386,24101.98492089501,2782.7076486003816,0.22880665199103645,11,1,3,1
1,22,11,596.639071745363,58193.47271062891,2283.5510753391404,0.5554421241977128,7,1,1,1
1,17,9,405.8473855830701,29233.8790456899,541.0844711377472,0.17394431449373238,6,1,0,1
0,22,2,235.68872826003616,31613.21279135252,927.7934714316297,0.23015680194257754,2,1,0,1
3,23,8,472.90319704836554,43309.21479743802,351.8025218872058,0.1,9,0,0,1
18,5,0,1353.7470866067224,249256.48871633026,7222.466836610632,0.015179874013693596,3,0,1,0
2,23,4,126.24985966295992,20698.7880711452,1398.1075084541378,0.6559255122164807,11,1,1,1
0,14,5,328.7394904039961,57315.51259903257,1215.831170721533,0.1,3,1,1,1
5,15,7,667.7650985786072,26685.026780721764,2182.7345874906982,0.2251772736351113,7,1,0,1
2,20,3,308.9513776708651,15248.860994955745,961.2366760357696,0.33311319333240275,6,1,0,1
3,9,11,482.77156392850867,24026.872066124844,1258.405491988196,0.1,9,0,0,1
4,10,7,266.1428131408164,27279.305279280714,200.0,0.29395701668556645,9,1,0,1
1,14,8,443.7811428413355,43829.09743224482,1274.2102463922893,0.36612301095427624,3,1,3,1
5,6,9,441.1536937216107,7121.015867444043,373.6168421584921,0.19409237713876393,11,0,1,1
5,14,10,366.6264360502032,26593.38087329438,341.4728112197113,0.3406175718643136,2,1,2,1
3,18,7,365.3803394139665,20111.77640985697,1308.552199779821,0.3286413810670378,4,1,2,1
23,12,5,757.9691004132164,60224.541686887416,347.99408722012004,0.2850007431763999,10,1,3,1
14,1,0,778.2479219018335,343813.65721414576,4123.312720134967,0.008004172845735182,1,0,0,0
15,4,0,588.1230251993383,421300.8142942167,10000.0,0.012754783188454478,1,0,0,0
1,14,10,425.1789575433449,31404.1383312193,1325.7121503608423,0.2619657655973375,5,1,2,1
5,8,11,102.66716673746816,23730.314698924456,1056.4222762704396,0.1,9,1,2,1
18,5,0,1593.4942045582586,348989.5106409644,8908.552862870934,0.03029103052433046,0,0,1,0
3,8,4,383.4269615314298,1000.0,483.92759850217305,0.3232799106621237,4,0,3,1
16,2,0,1092.8955455817631,368442.27200437256,6263.912294792492,0.02812039023797824,1,0,0,0
2,9,5,584.9871982819268,44617.90522769877,2658.771056246829,0.2276632710849858,5,1,2,1
0,21,11,702.2878460081165,13858.570342954677,2052.7275947711787,0.16553304789816436,11,1,0,1
11,1,0,443.86327909317856,320014.5033040482,7765.181652158451,0.024535310332725425,3,0,0,0
20,3,0,1515.0918629734344,360865.63386341336,9103.405985995541,0.019242251059080392,2,0,0,0
1,13,8,416.19902122893376,9171.225593246447,2905.184300826314,0.1,7,1,2,1
0,7,9,456.73275425506984,11777.547201185098,737.5306803597781,0.1,5,1,0,1
0,15,4,522.1430343643574,46045.3885738656,571.7119354725362,0.27200812945097735,5,1,3,1
20,4,0,1524.7935410536068,333490.99364599405,7704.586900601345,0.024409926881381543,2,0,1,0
14,2,0,1478.7988411692595,240866.39831976287,3849.0485764732834,0.022996010935467225,2,0,0,0
5,7,5,915.7306345773898,3550.5660312404616,1943.3300677151124,0.23512378215157853,11,0,0,1
4,17,10,251.3254539617709,60692.09086718533,2524.835334348634,0.24268275879967074,3,1,1,1
21,3,0,2055.0446517516893,283976.9216534481,6353.381068460353,0.010620095281414476,2,0,0,0
23,23,3,518.7560612973815,12640.639610098897,1198.726330418819,0.33487826348382743,3,1,0,1
1,10,4,712.3767575584426,9933.061452783011,1586.091195177774,0.24063272970987157,7,1,3,1
5,18,3,651.2015984126547,17475.022356391215,2090.125367262628,0.1,5,1,0,1
5,13,8,650.3101949125705,16632.464652207946,1983.8211050606044,0.24646219498447164,7,1,0,1
12,3,0,1563.7798452759741,267433.6778684,4595.125197914942,0.031121456854365445,1,0,0,0
10,2,0,1594.4809723446103,283594.67672439304,5299.407775911997,0.019267118416640187,1,0,0,0
22,1,0,1310.2652790537034,167720.32477608082,5074.803334320812,0.024567383268018647,1,0,1,0
10,4,0,998.7214446330522,252047.2960016674,7351.315742173247,0.018759574744926236,1,1,0,0
20,5,0,1241.2966634796342,410853.15772530145,5662.33560364096,0.029874944315118807,2,0,1,0
1,19,7,563.3261713897059,32623.164364340682,200.0,0.24495767672407168,8,1,0,1
16,2,0,563.0051177420321,290225.77592065005,5163.768650800958,0.005621619218409441,2,0,0,0
3,13,7,756.822383248382,21219.459535692968,1172.2006022312735,0.28938789351467603,5,1,2,1
13,1,0,1637.8603263641091,376108.66056087316,3000.0,0.031426622829157425,0,0,1,0
21,1,0,969.2042933631335,324749.5903918027,3000.0,0.009908911786344773,3,0,0,0
4,7,11,51.918551159493575,38268.506976731594,1882.4781484914383,0.15976865241031923,5,1,3,1
17,3,0,1577.206363427095,144644.27770521582,6011.860996195691,0.027458785015464383,1,0,0,0
5,22,3,280.89095269958153,26073.367761997353,2398.2267646628475,0.19756682719634128,8,1,1,1
23,17,2,313.793310002145,44686.78634738615,2339.7416529653565,0.3507671302273669,9,1,2,1
22,3,0,1362.9588710577482,409378.5263527443,4393.375243354969,0.011187201186649938,0,0,0,0
2,24,2,370.42638196677893,2372.394508964142,2685.4289228387706,0.4185651051109376,11,1,2,1
14,3,0,1573.5048300999676,397666.64952266193,7508.919446660607,0.009778169185633208,0,0,0,0
5,12,5,339.55498294068053,23840.120006695433,2210.091311282061,0.1166019806635262,4,1,1,1
5,18,7,414.36706068915095,46543.06551901376,1171.5722494674328,0.40526811852195976,11,1,2,1
3,19,3,341.5772334814154,54228.75681782991,1275.4103397650351,0.1,8,1,3,1
1,24,10,448.88197573966977,32437.74932710935,2686.442331486077,0.3148590004957414,11,1,2,1
23,16,2,281.58463613344986,39722.335031216106,1593.527170030015,0.5280152768994217,8,1,2,1
21,3,0,1783.4630091750648,320751.96377161215,3867.943666570978,0.022815747161325988,0,0,1,0
17,3,0,1356.780972640339,226114.2498690806,6174.115108427849,0.012679600684423907,3,0,1,0
20,4,0,894.6305468575079,397845.97999849345,7240.677153488202,0.025500466343170658,2,0,0,0
17,3,0,1254.4783451221992,187759.08381984898,8915.19695694249,0.006931109387173539,0,0,0,0
17,2,0,1082.4019165585726,170243.1870459474,6083.97425040217,0.015152676218070243,3,0,0,0
10,2,0,1111.9785970513221,298312.4994275647,6418.9924954565595,0.008573871848013307,1,0,0,0
3,14,6,343.46924691011435,4492.33356968368,586.0914076442087,0.19902228726296692,10,1,3,1
21,5,0,970.9491989217953,345468.8951953637,10000.0,0.018912596369760636,2,0,0,0
18,1,0,1325.1253266974795,364257.4289154662,5531.379338206013,0.014341390791523065,3,0,0,0
0,11,8,541.7902804031273,49945.41901272282,1125.5696088878708,0.16396285284153647,7,1,1,1
18,3,0,826.6245944508028,376982.41312706063,8113.659218397428,0.01141332706551335,3,0,0,0
14,2,0,1607.2952844394547,413472.1035485864,8567.996666830253,0.03528483796549806,0,0,1,0
13,1,0,1154.605843665348,441129.6865959639,5056.041124405256,0.012997711634560385,1,0,0,0
4,20,3,207.73277240818342,35719.487697659046,785.6218118060661,0.13203229532689265,8,1,2,1
18,1,0,1389.653920473239,420064.19492392585,4333.2152441157705,0.03290970749252515,1,0,0,0
10,1,0,484.5358969469303,350499.1964909626,7895.592557665806,0.001,2,0,0,0
2,15,3,294.30165665982105,57539.895024900376,1117.8211262768327,0.3270391614927875,10,1,1,1
11,2,0,872.7072065990641,150647.62349160702,7519.392248879234,0.016050070464172006,0,0,1,0
13,4,0,1039.1646293008596,293991.443262022,3228.426687189619,0.0169354167317065,3,0,0,0
10,3,0,1243.7307931849798,264811.7825859548,3734.7381773801635,0.01537469209874302,2,0,0,0
23,12,11,427.5002776197786,39187.10181691403,1261.7164642710804,0.34342620255872697,6,1,2,1
23,13,6,192.59732459980987,27578.05958759728,200.0,0.3647346473331357,8,1,0,1
5,23,8,121.4923878311896,25070.365061483186,1540.2470926096628,0.10535471507261968,9,1,1,1
4,13,7,342.37480766552176,37200.5921455494,200.0,0.1,5,1,2,1
1,10,2,50.0,29295.721720628815,1223.4369256743742,0.18902395063352243,10,1,1,1
1,10,11,258.8204085317867,21789.124943768336,2350.608731440846,0.1,5,1,3,1
22,5,0,607.2928604105668,271520.95457172336,6151.629535314649,0.02754973324470794,1,0,0,0
1,6,6,426.0471404022098,24093.29850836276,529.4946637970487,0.1346594580596759,11,1,2,1
0,24,9,50.0,33110.14409325995,1468.0053591739686,0.16271312178695801,7,0,1,1
3,7,10,127.87737173556451,27407.153006617868,1500.0394642665606,0.37783234927743486,9,1,3,1
5,19,5,316.9240322323776,48588.35258630519,2834.2189282290483,0.13251632165027205,4,1,1,1
21,5,0,1203.549383540965,545838.6662827665,6187.491040670482,0.010714311881996922,3,0,1,0
23,24,7,369.96967492589204,33465.67404838388,817.3595688550537,0.2565474434407971,2,1,2,1
16,4,0,300.0,277568.15351094573,3000.0,0.019003109043716396,3,0,0,0
4,24,8,382.69261269081784,26580.192095001647,360.4386982236647,0.44259947233780894,10,1,2,1
0,11,3,437.34155443434054,22326.82807887199,1051.9816561385132,0.20546949661290825,5,1,1,1
14,5,0,1068.7299492635389,354380.8906463246,4543.670199723404,0.017334309886286543,3,0,0,0
20,2,0,517.4956720121442,278690.9598066339,6338.777966330832,0.01991232716360448,1,0,0,0
22,5,0,1161.2672399839305,235104.5214363018,3129.8197443044314,0.02120588260168229,0,0,0,0
18,5,0,1135.3142735277581,372941.87242115336,5781.871608324165,0.019383278996531306,3,1,0,0
0,12,5,688.4951647503697,5416.469640792813,1654.98599396985,0.3253749083762318,8,1,1,1
21,4,0,1494.096577715849,529367.7076382115,8089.194894756938,0.012302214678637274,1,0,0,0
22,3,0,1090.446354730232,237242.83195769408,8759.603106375826,0.019845672803150242,3,0,0,0
5,22,8,577.1750056590299,43840.631566335105,2451.5656877684814,0.19500550975877823,4,1,2,1
16,2,0,1134.8363374856071,259338.10549354658,3729.1489188493506,0.02649896805025657,0,0,0,0
3,22,9,359.5849188018608,44852.540923430424,1457.6095330461567,0.1,7,0,0,1
3,19,2,350.54894657009623,51025.01684797474,1561.243729785036,0.4430444504396426,9,1,0,1
13,2,0,1679.8360595973625,335215.97632362356,4851.371492174809,0.020339421826659165,2,0,0,0
4,6,6,219.38547225266367,15448.475156807079,200.0,0.13924261478198632,4,1,0,1
3,21,4,363.3506224572078,28072.467738250893,1595.3098865774245,0.3036441684041257,4,1,1,1
1,19,4,600.3070855068057,17439.88024071807,1940.242554321543,0.318236976780234,9,1,2,1
4,20,5,469.191870316791,29184.017834172977,1578.8493050576049,0.16984952388337288,6,1,0,1
18,3,0,1180.373788613062,333996.3790756913,9893.127841019323,0.011378968161495388,3,0,0,0
12,5,0,1263.9384198851178,351314.720389949,5874.059899445328,0.0053654034181944005,2,0,0,0
5,12,11,478.10369853048746,1000.0,2682.0556687162584,0.33788100867340587,4,0,3,1
13,3,0,1163.9101608399365,226102.33154062272,3000.0,0.014010980643555822,2,0,0,0
12,5,0,1857.066607142539,245768.09143151325,3000.0,0.03521450157169277,2,0,1,0
2,23,6,967.4891688094847,29275.471719784575,1449.8276769452343,0.5515778107038599,8,1,0,1
2,24,9,614.7083012977253,33303.68639365115,1120.8495509500435,0.3439523183429009,7,1,3,1
3,9,2,405.1282013579353,55363.3621852195,542.1837465400258,0.22850122190278913,4,0,2,1
3,15,6,519.1915125884819,13570.601003984364,200.0,0.1788895078363105,7,1,0,1
1,18,10,569.749197471085,10857.623407911819,2136.960058142891,0.2589644409235508,7,0,2,1
23,9,6,198.86168762139872,13829.382709551535,1295.007230656896,0.5773596099168796,9,1,1,1
23,21,10,641.3204147396432,36647.104504351264,200.0,0.1,3,0,2,1
10,4,0,847.9640050715414,314250.3898672013,4501.6202771222115,0.021586220337120862,2,0,0,0
4,6,9,434.30079887983067,20309.049688894534,2512.4615711848382,0.14645863076153415,7,1,2,1
5,19,3,169.10980207559905,34979.07351571541,3000.0,0.257412308295081,2,1,0,1
5,8,8,296.4629301507972,24115.290846250555,966.6792108407644,0.5391810090720546,6,1,3,1
12,1,0,1393.6511680156918,100000.0,3000.0,0.012216525903588753,0,0,0,0
13,5,0,1168.8608873822704,406811.3288502888,8862.62522580274,0.01891445378374071,1,0,1,0
3,20,8,202.45868268980075,29708.512303327694,1775.0059594015243,0.11321419763424456,3,1,1,1
22,3,0,839.4943097680473,322387.5678468902,5416.173356122481,0.02015333520450951,0,0,1,0
2,22,4,478.382334156199,26146.79548345346,200.0,0.28847511078927335,2,1,0,1
11,4,0,1008.4406672760736,171554.91377173795,5785.729583440526,0.026894901967413225,3,0,0,0
3,17,2,176.4613169672946,35870.44741773115,761.0673544645924,0.44831691432893706,11,1,1,1
3,11,2,569.4985966284817,54697.256682494306,200.0,0.32430130943412305,4,1,0,1
2,7,11,282.67054981671686,7602.538942408359,1203.0376147922136,0.28470523453768465,5,1,0,1
0,6,6,644.3225306836897,28734.73119674729,1496.4107149266354,0.1,9,1,0,1
10,2,0,1128.4501580607778,300319.28483930527,3000.0,0.025799093945979686,2,0,0,0
18,1,0,1106.957638804297,219464.24033499195,5656.0606569812235,0.01815654595874529,3,0,0,0
3,22,11,511.24045252074774,22717.122541640576,468.58347604437745,0.37056341219274924,5,1,2,1
3,20,10,285.80842264095406,29643.86982535104,2497.8088659764458,0.1520401831547566,10,0,3,1
23,15,6,858.5808660378282,32887.058009994915,2383.153815457623,0.16011963048923689,8,1,1,1
10,1,0,1599.9294084249707,118225.46125014775,6992.4077980614875,0.012371619349745053,2,0,0,0
15,2,0,1382.0832992406588,200118.62890153722,3681.239098768113,0.010549931708283033,3,0,0,0
3,6,8,530.0991673370994,38083.34257784244,1664.91571223296,0.1,9,1,2,1
12,4,0,1309.51677011448,345631.3057958691,5864.019551390332,0.042513179737518336,0,0,0,0
22,1,0,1339.6392009622018,271846.1389842619,6673.151568031582,0.022966593265160526,2,0,0,0
11,4,0,1301.9938929910948,428429.37430602947,3000.0,0.019259523258141367,2,0,0,0
12,5,0,685.9108852583163,207675.82956290804,4959.440679486248,0.040529484394599774,0,0,0,0
0,24,4,509.4474946319382,30655.52786974572,862.9882626490337,0.1,5,1,1,1
3,13,8,295.29861969749487,38591.9397219404,1124.9195709922471,0.1,8,1,2,1
23,22,3,604.9636984270535,51864.781195266056,2121.552093104665,0.29016642621182276,11,1,1,1
23,12,11,275.2954605790753,13586.372232634694,200.0,0.34891369844705517,11,1,1,1
15,5,0,839.5380194644181,178026.4393673652,7053.89243806864,0.011496776351818816,0,0,0,0
1,24,3,518.933976610443,35458.50569992543,874.3490637823649,0.1,6,1,3,1
19,1,0,622.3114718973036,426700.4998622063,4784.8049713912915,0.02364530937948964,0,0,0,0
5,12,9,260.6808222809308,42588.47144957625,200.0,0.4158606704815453,9,0,1,1
23,17,10,645.6194047670334,20758.680546835403,1971.4054522292479,0.4591550472749688,11,1,3,1
14,4,0,1405.950094531784,295418.89556819195,4478.188439960347,0.02937939372482274,3,0,0,0
16,4,0,1511.9091241612507,331129.86174303916,7090.75117355736,0.02717656290329648,1,0,0,0
4,14,10,620.5627206053348,5537.32781720307,1715.393373789588,0.21322963506097556,5,1,1,1
3,11,6,506.22650083983115,32562.90043483363,1379.2676968257379,0.19136960885590992,9,1,1,1
5,16,2,698.8982463464563,23717.265263258545,3000.0,0.28728586610068185,5,1,3,1
21,4,0,1312.5496535741008,380593.712448685,5096.182936185596,0.017041098784060082,1,0,0,0
21,4,0,1128.3585785469397,263274.7453732355,7602.98837525907,0.020426839166976494,1,0,0,0
0,16,5,235.40920116467,26995.442682856672,2889.578735181374,0.1,6,1,3,1
23,8,10,443.0211757427023,33135.897841313934,2517.776616775637,0.25461220863567163,10,1,2,1
3,13,3,655.181424082893,18683.204942246186,1225.6456268572008,0.21496878089736832,7,1,2,1
2,17,2,420.9025693509606,23989.799843651934,1749.789428806101,0.2790538194908167,3,1,3,1
23,14,10,367.59162268819796,41693.58923057175,1158.0927547962624,0.1,2,1,3,1
20,1,0,1634.664331140393,471070.6652833669,7130.416466149911,0.02757516547962807,1,0,0,0
14,3,0,2063.896925067255,257289.6983697873,9053.293929585969,0.01835528820780368,3,0,0,0
2,19,3,473.1297089399521,30485.739344931342,1236.3306232675686,0.27395459016488644,11,0,3,1
2,14,10,489.7181581416926,36547.44290578579,739.8944837714919,0.1,8,1,2,1
23,9,11,549.7400353282997,48807.58230009578,573.9945378401984,0.2967013156038309,9,1,1,1
15,2,0,2258.738409195492,195675.6590825616,8635.109741131748,0.007072435801563515,1,0,1,0
21,5,0,1544.8445516134939,378125.7190996257,8666.68785497356,0.03189044054228801,3,0,0,0
3,10,8,114.98600046866648,48652.80242732636,1291.984478035177,0.21790147349471448,9,0,0,1
10,3,0,1771.1449528341182,345199.01009445183,5015.58441806391,0.013353114269594239,2,0,0,0
21,3,0,994.1428767595148,112008.82946279997,5370.117680434579,0.019816381829043526,0,0,1,0
10,4,0,300.0,308867.7316725155,3326.0374390483225,0.03414686018023137,1,1,0,0
23,9,11,363.92999828621373,33804.66398336181,1506.4974273199102,0.38826680649769607,8,1,3,1
16,2,0,578.6231261002374,270812.9478820032,7226.8314044967465,0.006895009840675441,3,0,0,0
16,1,0,1456.068284353058,361758.990470135,4338.388190302534,0.027770029625172804,3,1,1,0
21,4,0,1635.5538483860241,474465.5061908689,6865.29606925797,0.015682573426964965,2,0,0,0
19,5,0,1312.7820792741998,437600.64863638545,4146.521924399285,0.013227133032469075,0,0,0,0
23,9,3,177.29866329726843,52157.52666145837,2078.5241154202695,0.495386930131822,7,1,0,1
1,21,8,108.56964601304242,13214.889395213679,2583.7589211560357,0.5691590009741021,7,1,3,1
3,10,11,354.16877377961487,37427.13677954833,1797.8235742938655,0.1837746379956163,10,1,3,1
23,16,4,617.3606876022075,42376.89880269673,1722.2168656278277,0.2711049077334536,9,0,2,1
19,4,0,375.80922842660004,185172.3165605423,4836.955442562592,0.01946143158815483,2,0,0,0
0,8,6,406.68885610465077,37949.86154117317,204.23906954153222,0.545323274777587,5,0,1,1
17,3,0,1487.240315549608,458288.0045323622,5108.288402333692,0.02547750589298914,1,0,0,0
21,1,0,1263.7964097673735,277662.9662213127,5632.663191689564,0.01795766513935139,1,0,0,0
22,5,0,1098.040153804462,281980.8810336099,3286.3516988935257,0.025988933435717097,2,0,0,0
12,1,0,1258.0481331710414,289665.0222916473,7395.566780091148,0.02540136945607047,0,0,0,0
13,4,0,1447.571045438095,199362.9736985995,3000.0,0.013477145444794152,0,0,0,0
16,2,0,628.8773883662507,356027.0477118585,5205.667652287516,0.004678519679505581,0,1,0,0
15,4,0,1266.6362318796428,202484.40537969442,7353.8922487712025,0.008004458956925696,0,0,0,0
4,13,6,546.2108826717803,57241.01824564705,1918.4520979295435,0.38754260482929803,3,1,1,1
14,2,0,1077.8812097112366,193881.23027591698,5200.036679983445,0.01116651395342054,0,0,0,0
5,12,2,382.20112672675265,34895.013355176416,1008.357315433147,0.41618017445924693,4,1,1,1
4,21,10,411.7522770473399,26749.940355558905,864.6860792933239,0.1,11,1,2,1
4,18,11,671.5878626917573,54608.58044380671,1250.734204261316,0.11129476095974475,10,1,1,1
20,2,0,982.5664239625069,254559.34876085116,5054.258675993306,0.007338306354932753,3,0,0,0
0,14,6,156.31767969513186,35363.28935884995,1458.90952484869,0.1,6,1,2,1
23,20,11,50.0,32194.99648313693,1753.9433296755712,0.3926303974438947,9,1,3,1
10,2,0,921.7917139574216,316977.1399834272,5431.481890859063,0.01826537710765648,1,0,1,0
16,4,0,792.141865701984,425677.05974733346,3835.560520645356,0.013121768928861764,0,0,0,0
20,1,0,732.7652191568607,345312.31087104854,3000.0,0.020641406050705278,3,0,0,0
15,5,0,909.3855144137822,677748.9976128121,5151.209536380978,0.013146248678825079,3,0,1,0
17,2,1,1224.777613991275,177698.55385652184,3728.8198405567523,0.024397855131384424,0,1,0,0
3,10,2,470.9427843690366,1000.0,3000.0,0.1,7,1,2,1
13,1,0,1435.2653237648087,331021.8525254813,9000.856059469286,0.015180550803004832,0,0,0,0
12,2,0,1616.717647608638,361605.4235537103,6274.2775727551725,0.027462271622912312,3,0,0,0
19,3,0,1585.0472216068858,250812.02842192826,7029.788216131851,0.04520783372894506,2,0,0,0
22,4,0,1254.1439944368867,307308.21309274493,7143.9707237429875,0.029711543798519112,3,0,0,0
17,1,0,1527.3621599397743,100000.0,4696.362569767333,0.03123806760805098,2,0,0,0
17,5,0,1118.9281299715303,414200.1638082349,5664.31672697423,0.032918482164414495,3,0,0,0
0,22,5,115.13444452859278,9217.761445379321,1282.1544065357505,0.33773596263521144,2,1,1,1
5,22,8,867.714396327993,33605.674281965476,2693.5551069115154,0.1,5,1,3,1
13,2,0,794.335493898013,154050.51039736532,10000.0,0.01430560411213002,1,0,1,0
23,12,10,528.034072816659,20937.82797934221,2419.3947072372944,0.25106987722330687,7,1,0,1
4,24,5,399.35197469477134,13518.297027005447,1780.775347127719,0.1,2,1,1,1
23,20,9,601.5536335157124,17115.002534166983,1387.5682011790554,0.1,8,1,3,1
20,2,0,549.6431890502015,261524.39967892884,4287.983028107617,0.02275093252999772,2,0,0,0
5,16,2,288.3447886577166,16209.587096335632,2076.7260795345774,0.48888298399177277,4,1,1,1
14,5,0,1355.4993214361905,276630.1186473821,5190.977665361773,0.001,0,0,0,0
17,4,0,1253.4532772754935,251448.81487005635,10000.0,0.03339613411192594,2,0,1,0
20,2,0,1311.0902625338042,296107.7045819907,4403.478142268526,0.016448903459486793,2,0,0,0
10,2,0,1715.132315470023,456055.29599169537,8620.76460323888,0.0153637216002421,0,0,0,0
21,1,0,1029.85541189379,312814.042301201,5713.958897011297,0.026444252117298707,3,0,0,0
0,19,10,402.17053964847923,41728.30623694681,1366.4460289969331,0.23948657975614443,2,1,3,1
12,3,0,1535.4165910237043,368195.3881309822,5295.909289256632,0.026836197510505335,2,0,0,0
3,7,8,439.9880015077718,24558.8677812187,1054.5604567981002,0.25688229520614075,5,1,0,1
15,1,0,1095.3345663076898,321065.5690031512,9823.515602619795,0.029646379134149317,2,0,0,0
15,2,0,910.1740969835262,290019.32888460695,3000.0,0.03745477743719638,2,0,1,0
21,1,0,1460.0926037798183,370737.3517114745,5537.03786085781,0.02367117044422369,0,0,0,0
4,19,6,869.8959175855978,31224.122352104856,1360.0683876746468,0.4298027999014966,3,1,1,1
3,23,3,486.2377206060429,22510.65425979648,1083.9172355097123,0.1952204808267497,4,1,2,1
0,17,8,462.4866893954257,46751.93842258471,902.0706194847482,0.13012223629179348,9,1,3,1
13,2,0,1733.4678964591817,435905.4156247898,5285.644931903728,0.03623411052479093,1,0,0,0
23,9,7,419.7723284744908,29495.816724508302,1060.7408505415092,0.12998098718128107,3,0,0,1
14,5,0,1254.7767133872414,220450.0595399856,8370.455388171813,0.02089943873248842,2,1,0,0
5,15,5,524.2601735485714,40639.51527524099,784.3450176343,0.255320897033422,6,1,0,1
16,1,0,855.8014902418148,234545.80189219164,6111.778559079998,0.014555245451865408,3,0,1,0
11,1,0,709.85982536708,196176.92695080786,5547.023559941643,0.02031619245304269,1,0,0,0
10,3,0,1258.5116175245414,312306.23665262846,6435.319588929181,0.03156359120559627,3,0,0,0
2,19,7,442.57505576018434,32780.61480031775,1558.229629773584,0.5267014794066534,6,1,1,1
5,19,9,763.9792715916933,5713.326384808417,1531.583256029455,0.24212048489767593,5,1,3,1
3,20,5,537.2655718827043,49328.92309361603,1097.117232303893,0.5384168032120404,7,1,2,1
11,4,0,1273.4378897229224,447132.4336715961,7054.428968030229,0.024193818095572656,0,0,0,0
2,23,9,652.8830972958459,20441.388396923227,988.0990407739392,0.16583302606646988,11,1,2,1
2,16,4,431.54803286875966,39452.670082682445,1441.3188562125672,0.1,3,1,0,1
1,9,3,580.2720216704698,7251.978129119965,335.54125216594184,0.21278835799132403,3,1,1,1
19,2,0,1754.9001023867131,408728.13456209045,5715.839495421757,0.02760604507659037,3,0,1,0
12,4,0,745.8326179188537,386632.0364823763,3051.508692303068,0.004269755725235361,3,1,0,0
15,4,0,1553.6497284125599,237732.70226831222,3535.917466478337,0.021050072148921357,3,0,0,0
21,1,1,792.9068239642158,278445.8121529776,6990.360881697238,0.020121212230921167,3,0,1,0
12,3,0,871.8837624377227,380328.0035971742,3213.707831906446,0.026312579199072178,1,0,1,0
14,4,0,1249.2203146235117,341655.3761629047,3000.0,0.027801063150990825,2,0,0,0
23,17,11,193.78932401730222,27640.167983052273,658.965314931954,0.20990599643494387,11,1,1,1
0,19,7,628.8188990330727,13255.37921066986,1236.281172611112,0.117065613787208,8,1,3,1
14,4,0,998.2720124083077,100000.0,3770.9987933349685,0.011024827905501945,2,0,0,0
16,1,0,368.4121740129932,392567.6635610763,3000.0,0.0292185037042883,3,0,0,0
15,3,0,1171.249388165734,415182.256221938,5111.60539371446,0.02034459065423622,1,0,0,0
4,17,6,748.3146426059698,25946.92864090935,1919.0838071920907,0.23144888686168574,7,0,3,1
2,24,4,50.0,8227.867702920386,1593.3876425261235,0.49367706537297074,11,0,0,1
13,3,0,1353.0163281980272,387533.02341145853,6363.104222087705,0.02782840029811655,2,0,0,0
11,2,0,1562.569834960417,122025.94888371395,6903.760483029766,0.02428844548412527,0,1,0,0
13,2,0,1915.8795958385533,259377.56706265104,3000.0,0.03218865450585227,2,0,0,0
23,22,3,458.36020480631043,14390.289062646623,1121.428550915287,0.481632002328139,7,1,1,1
3,7,3,319.19864474020045,18661.505422835464,1672.8379139723174,0.1,2,1,1,1
20,4,0,1183.6049868621544,329944.60040547594,7501.344460866759,0.012302777691281144,2,0,0,0
10,4,0,847.8735299968127,356228.89179004106,8617.61044890033,0.010796366068833505,1,0,0,0
12,3,0,1131.7151994973913,302486.3632753244,3000.0,0.015047858110991779,0,0,0,0
3,6,11,342.50899169228126,34051.340930490005,1030.2044195225603,0.17259721491934302,4,1,3,1
14,3,0,2111.9381931898056,155997.74421498194,3000.0,0.022096542658287054,0,0,0,0
4,22,2,569.0157741990283,5539.813450544098,1959.349387158335,0.30937392588450296,11,1,1,1
12,5,1,1217.0789097833776,302866.6540368653,3000.0,0.023710673316695435,3,0,0,0
14,1,0,921.209592942575,376743.9127001189,6857.274205522519,0.010072506990123242,3,0,0,0
14,5,0,1531.3065427155998,293242.9072211352,5383.924184717967,0.011399194463865406,1,0,1,0
10,2,0,1412.74160818952,216395.05989010888,5665.391156332041,0.029310547722853582,3,0,0,0
0,14,3,354.3314800185387,18257.69042643239,1228.854349383916,0.22046715886676893,2,1,2,1
4,16,10,201.99658872325693,12321.48226859021,735.3594743350301,0.14945997350717388,11,1,1,1
20,2,0,2038.276131984146,348583.44244121923,6609.167346160312,0.021063034496734058,2,0,0,0
4,11,6,251.27987436336787,19884.57517993251,792.9504660292242,0.2588871972991145,8,1,2,1
15,2,0,840.2530880650976,304130.14178648643,6445.80290751081,0.009473207160969168,3,0,1,0
23,11,9,50.0,38757.747505173305,200.0,0.3885971956145686,6,1,2,1
16,3,1,1422.98240018907,434695.42192380485,10000.0,0.03510129325879391,3,0,0,0
0,19,9,476.0506381428884,37032.709256949354,2510.9479739935973,0.1,2,1,2,1
18,1,0,1486.523940226406,221287.64496797338,8407.577313329919,0.03384838975697313,3,0,0,0
19,5,0,1159.662072648616,290913.2319142601,6260.879117311004,0.011066867680135801,2,0,0,0
14,1,0,1476.0233359234664,303486.2176111455,6659.261656390579,0.006663536433978006,0,0,0,0
19,2,0,1522.3308841699095,100000.0,4616.939181823364,0.0391650320671833,1,0,0,0
5,20,8,50.0,30088.35422922354,398.043295089572,0.1,3,1,2,1
1,20,7,307.66344215790656,24061.021581951154,513.351488197412,0.1,3,1,2,1
13,5,0,1339.0072143621076,208543.50800073822,3748.4785201598716,0.011946171497026226,1,0,0,0
14,1,0,968.2888108215227,234776.2666927515,3860.046090752216,0.011218200154164713,3,0,0,0
22,3,0,1997.480827259502,232184.095695298,4503.741059704303,0.03273805355280959,1,1,0,0
2,11,5,504.6503775884841,5612.016639460999,848.1964309442154,0.1723375356437195,8,0,0,1
10,4,0,1147.5572361502,251212.23993176216,5738.220987393772,0.02050568013208293,0,0,0,0
18,3,0,1193.0879455754816,100000.0,5714.905524277184,0.026484564959587703,1,0,0,0
14,3,0,773.2929781261355,199163.68384503192,5965.365035442978,0.0278398377343332,0,0,1,0
4,22,5,380.69626358141926,21268.05904378629,613.9394133217631,0.3915116471684936,2,1,1,1
1,10,3,209.12297184715118,14124.544720897455,285.9312577551468,0.36616086004085846,11,1,1,1
21,3,0,1045.3463209142767,261362.17595628023,8059.200772379756,0.007397419542863156,2,0,1,0
10,4,0,1494.87252267943,543202.6975180125,6145.683209271333,0.025862408439925322,3,0,0,0
0,9,6,697.5882743605014,50793.30884451319,1904.9580167051975,0.21996352609624603,8,1,3,1
23,14,5,392.8900396697127,26681.60233997991,1133.6970238627268,0.12602236695165325,2,1,1,1
13,2,0,513.1439587729836,326389.2518496581,4267.683266947857,0.020113474769757996,0,0,1,0
4,17,2,274.4945605423844,11574.30104844043,1243.6137137132532,0.2434730860998738,6,1,0,1
11,3,0,1047.366580540632,391306.6469436057,7396.435101607499,0.015394943533647981,3,0,0,0
21,4,0,1077.844552318363,317597.8089005615,3000.0,0.010758685380798666,3,0,0,0
4,10,5,188.87212044358836,53804.438275505294,1262.2851269514997,0.2965312469697164,7,1,0,1
16,1,0,747.2454485869607,239961.8609487664,3556.429977070654,0.027659729081545615,0,0,0,0
3,6,3,357.36790589073695,50153.945276938895,1217.2389654639248,0.1857191773505411,5,1,3,1
5,21,11,314.8288077536308,21550.557820034956,2882.1100519149004,0.11582637784837468,2,1,2,1
21,3,0,692.8845742953383,155658.5563741449,4642.314911268904,0.01278559402493552,3,0,0,0
5,15,5,286.9587444913799,26434.9684413079,2538.629611200272,0.1,7,1,3,1
21,3,0,1804.9463189485077,376158.28521273774,5308.5526530199395,0.01590330933676911,0,0,0,0
3,12,11,378.99603287729883,34130.26614814851,1405.250656589045,0.16617045143295273,11,1,0,1
0,9,6,236.96255101327878,28431.76700759043,210.6527284312292,0.1,2,1,2,1
3,16,8,641.568278774459,13986.788945049053,2353.878796693846,0.2726498665220453,11,1,2,1
18,4,0,376.08737231596444,338541.0176932048,7452.95543050129,0.026131525036237016,1,0,0,0
21,4,0,530.3091403632122,291400.5684354687,3125.69242037758,0.03091475748811779,1,0,1,0
1,18,2,357.91253197333936,40848.61099934968,2328.419811793632,0.19565742548104528,3,1,0,1
13,3,0,677.38694333512,180708.95207334188,4950.274123741975,0.014538440465244785,2,0,0,0
16,5,0,1039.16949622406,287237.3821349515,5903.051644579054,0.014416539917094531,1,0,1,0
2,6,2,608.7135386068688,39746.50214912678,939.6508980623103,0.5885702618616862,6,1,0,1
1,18,11,792.8813073181077,6442.979373074744,200.0,0.43150458640804473,9,1,1,1
12,3,0,758.0521652857965,237401.92474697786,6619.043499130791,0.016955624232447255,0,0,1,0
21,4,0,369.74289284415374,238531.22074625772,5425.891397764164,0.020080845978463675,3,0,0,0
12,2,0,555.1545873898242,415980.3362660916,3974.5454731742157,0.025068765781250394,0,0,0,0
0,16,8,528.0384840128077,20962.764400155116,2161.184566838904,0.16573893786686533,9,1,3,1
0,6,5,311.0190668288887,24541.042956911668,2348.398870978117,0.35073725184594645,7,1,0,1
2,22,9,279.9865990134265,43349.1395359026,1638.415821664902,0.1,10,0,2,1
10,4,0,850.8385298694009,135008.46079722463,4774.12399453103,0.030649885920318594,3,1,0,0
20,2,0,1258.4845423590343,426928.06778651266,6667.8649740609735,0.0038050764768280745,0,0,0,0
19,3,0,1016.1782740023524,342810.73934516346,3000.0,0.022759522085342973,1,1,0,0
2,16,4,247.10634268512413,48382.032809113734,1512.841181982797,0.1,9,1,1,1
19,4,0,1248.5042649396737,134282.36396984322,6417.7552849006815,0.017241723020960706,2,1,0,0
14,5,0,745.909857644623,422997.7460464452,3000.0,0.005828145822052233,3,0,0,0
23,19,11,448.8738905093395,11706.421853129745,2124.601882393706,0.43524201642878796,3,1,0,1
21,1,0,2024.820461202744,480635.71593725565,4655.770097524917,0.021133105783032267,0,0,0,0
3,9,8,497.0937008841368,1000.0,868.3019842090006,0.28677664385061535,10,1,3,1
14,3,0,1102.547977712828,330452.97493301233,8255.586914367579,0.012977377421923581,3,0,0,0
23,17,7,568.1635866406493,29946.290903722158,2227.6750233789476,0.36149683173642133,3,1,0,1
1,15,3,297.0196892529916,37017.280454969,1937.63861987484,0.26293009048422533,11,1,2,1
13,5,0,1157.7167676097247,311094.47982453345,4419.19903454361,0.011198509733466075,1,1,0,0
0,12,9,344.78430506657014,9415.618736067114,200.0,0.2025001997255474,11,0,3,1
0,16,9,76.52100988709316,32549.5132793235,730.4112177104387,0.25751774088935503,2,1,0,1
3,20,3,279.4036205757442,23116.976316274384,473.9311321872592,0.3011851437212637,4,1,1,1
23,6,4,501.41696289825734,51233.479982753895,2117.158772148076,0.38977484447995436,5,0,2,1
22,5,0,844.2518935100593,242316.1756330491,8097.299788947079,0.033782808137465814,0,0,0,0
16,5,0,531.9287230335094,308089.4424981715,5720.509171065008,0.020983584841370747,3,0,0,0
2,24,2,252.5314114662649,65234.145979856614,2526.5681658748317,0.37706588476262093,4,1,0,1
3,13,2,476.983878430922,72672.27072960298,587.2182120164515,0.1,6,1,0,1
23,16,9,385.6843915464775,48828.26674194718,2378.5583697612738,0.23774513718957366,11,1,0,1
3,16,6,753.4877740657096,56173.386823247594,2469.8898350513746,0.17842978109655838,9,1,3,1
19,3,1,417.8979363633712,261040.56294663524,3934.9019293912183,0.0028246231249911234,3,1,0,0
0,7,8,486.8567368948429,37325.41074562092,1501.3582303495275,0.1,4,1,3,1
5,18,11,208.50364616588686,28437.233696849504,200.0,0.14095062735827624,9,1,2,1
19,1,0,1755.917031904731,245292.61434784025,5495.722101777486,0.022442576674754303,1,0,0,0
14,2,0,1116.3278262131867,241985.47347844404,7216.323858864476,0.02392907833334636,1,0,1,0
20,3,0,1407.091163476032,306290.97305947845,5479.226801774957,0.039071034133448854,3,0,0,0
13,3,0,933.6596309265383,325092.1497770598,6542.667604290588,0.024320734604707794,1,0,0,0
10,4,0,753.0179964423244,373036.45292521454,3000.0,0.001,0,0,0,0
4,20,7,320.9335258966038,34449.34474584294,200.0,0.12745700621516404,5,1,1,1
20,2,0,1768.6783533139396,406896.0580984669,3000.0,0.027951657775365582,0,0,1,0
0,19,7,702.0807643982087,42269.70346526726,225.3935958851639,0.18548059575948847,7,1,3,1
4,24,2,680.2483445997793,66148.28577820087,2156.3314731746327,0.1,5,0,3,1
15,3,0,1218.7768661799034,392952.89063494676,4950.184605187289,0.027143781072870857,1,0,0,0
10,3,0,1531.6860173553066,270445.5198740986,8849.787353277665,0.03035518803460984,2,0,0,0
13,4,0,1490.5088903508597,258097.4415159704,6462.552671523085,0.017964298205820156,0,0,0,0
2,22,4,50.0,37559.568807280535,1665.6648163982622,0.1,10,1,1,1
19,1,0,1292.239207557564,166722.9225070228,4772.848161218106,0.003904948723420131,3,0,0,0
1,24,8,629.8300046269485,18908.549683087393,1424.4892874840323,0.23475534499815226,11,1,0,1
23,8,6,50.0,39026.02787194168,1257.3915391056773,0.21345218410369446,11,1,1,1
23,13,8,512.4539544013861,42302.01877547486,1811.5645257220708,0.40023120194185186,5,1,1,1
2,12,2,58.372408312668426,40538.2321874515,1001.9640087620571,0.15812201283511812,3,1,1,1
3,19,2,242.46242657650768,44541.31789058352,1783.6993428386336,0.34571251108216466,9,1,0,1
5,24,9,395.72705413531,28945.0668812813,1532.4688901668794,0.393542069435144,10,1,3,1
1,6,6,714.4399182901793,9342.354251333123,200.0,0.16042070692940277,7,1,2,1
15,3,0,1517.3809955337738,244007.41624867579,5315.292052293484,0.016685475473407287,2,0,0,0
4,11,4,264.43154802753145,43066.52955948488,1780.1463192982885,0.11235499614666603,4,1,0,1
21,1,0,300.0,403317.3760743492,4971.962171617756,0.018399445767235987,2,0,0,0
0,18,2,320.96654251239033,70765.55120964587,1944.121719662123,0.1,10,1,2,1
11,2,0,1403.8664836000094,408029.27581214416,5117.238982953209,0.02763135841650728,0,0,1,0
18,1,0,1685.03383278942,442306.16090087517,7605.931367615022,0.026666030957228817,1,0,0,0
0,20,10,260.6835877503822,20045.175224678125,643.8655876924821,0.3408863726384396,10,1,2,1
20,3,0,1382.7824728688463,217501.7858328364,5523.78751501867,0.02202645317098305,1,0,1,0
1,19,10,344.87740733703873,28599.38155608288,1170.626593768709,0.13449390381213894,6,1,0,1
2,18,8,451.0094805626106,38219.838302860975,2250.51330798799,0.4710415645756182,8,0,2,1
4,15,5,477.79296794289434,1738.1617773059006,503.46850407769,0.358300310503152,4,1,0,1
3,14,7,129.10074546071297,50603.6695891572,1433.7175995561347,0.35453226279759686,2,1,1,1
0,14,8,581.1506048834791,47159.64447141101,1461.789306107429,0.1956892597170777,6,1,1,1
19,4,0,753.2078765637887,324465.8829664408,6687.498569945508,0.028500937026620363,2,1,0,0
10,3,0,1154.4079240071885,248987.49506362222,4178.7676045908665,0.004446830002070171,3,0,0,0
19,4,0,1060.5609133860685,269194.63269293134,6862.52274228007,0.014467358193679735,2,0,1,0
20,1,0,1424.2722640360203,295534.86988713767,8016.275198819137,0.005314177835111121,0,0,0,0
21,5,0,2308.7158437966555,375882.92682758265,7285.018122445114,0.015791940009577156,0,0,0,0
21,2,0,1434.9573545670219,439371.55644181266,3603.7953624111515,0.027649923456034085,1,0,0,0
18,5,0,1398.4084254084994,155304.14784541866,8002.22393947236,0.03222121059160711,3,0,1,0
23,14,9,409.840009587013,30025.317446871224,2054.198432662064,0.1,2,1,0,1
0,10,8,494.3321980249983,29166.97362872508,1918.8599386510073,0.10030335564475884,4,1,2,1
23,17,6,295.91133886706643,19783.1112807349,2426.4999746702106,0.2130437617196424,7,1,0,1
3,10,11,294.6917600461372,33518.25006495256,1023.5846041673201,0.32907158531583963,7,1,2,1
5,22,11,531.4392698469567,43697.66440083547,1720.1619870957693,0.1,10,1,2,1
4,15,11,569.7637525829576,25243.778041045556,2545.907075965989,0.20142878788858615,6,1,2,1
10,3,0,1734.9575979654728,274699.26523988904,8923.271376428154,0.001,0,0,0,0
17,3,1,1184.2640176290556,331207.9553784244,6016.972681423175,0.036076920267216914,2,1,1,0
22,5,0,1339.1816530427159,310861.1358041821,5646.883893567469,0.0084462345050703,3,0,0,0
13,1,0,1508.1066113932416,363369.851536251,8213.549250520533,0.018214276632100193,1,0,0,0
3,19,5,352.5352423447049,29905.084097347957,728.0024758104781,0.18125373826192714,5,1,2,1
12,2,0,1743.9981082249788,420865.8108376434,8731.21353250137,0.024562458722321344,1,1,1,0
2,8,9,702.664677064245,25384.95741816618,574.202702216216,0.5996132826651726,3,1,3,1
1,22,4,375.3327264844679,10600.393982505171,343.8271050824353,0.328460984259135,10,1,3,1
14,4,0,1293.8551983765337,383179.39252957323,6618.93075311736,0.03435078653954559,1,1,1,0
23,10,8,50.0,51394.214619707636,1501.9526536815376,0.1,4,1,2,1
3,8,2,233.9980041617599,5959.053738671733,1892.4591366560423,0.3004513433682857,10,1,0,1
20,4,0,911.5709608017135,235304.69458819795,3623.1455820823753,0.023977573929764396,1,0,0,0
3,19,8,322.7326302822676,23173.84766726729,2017.3523889292521,0.2877069427296468,2,1,1,1
17,1,0,568.6838495398358,213757.82802645536,6032.524069378229,0.014652149561032207,0,1,0,0
13,5,0,1114.9875896625235,273552.62159030896,3000.0,0.04159414371309312,0,0,1,0
13,4,0,834.9839930317708,333403.5128956491,8796.061930069722,0.00953626718006173,2,0,0,0
16,5,0,1331.6114183309867,209926.15633812896,3000.0,0.013230856398485298,3,0,1,0
5,20,8,107.21231556103083,25041.830250144674,1035.5631630373443,0.33515249986085316,11,1,0,1
2,24,2,454.8498266211683,30722.37863163039,2058.5764880810093,0.137486585913572,9,1,1,1
17,2,0,1065.7776427394788,337518.23124510853,5167.4794729007,0.025402821640258873,0,0,1,0
5,8,7,547.3198466700475,29487.603555571175,2614.525228565758,0.18926694026609286,11,1,0,1
10,5,1,529.9676798152942,151770.817667593,3869.6638685366097,0.008902005881430584,3,0,0,0
2,6,2,560.3693383425269,45703.6210237883,282.3944949212878,0.42831472527675585,8,1,1,1
19,4,0,1895.2587033304558,573968.2135421516,5016.879887698848,0.001,2,0,0,0
1,10,8,261.9132301500557,46210.25778584669,2555.3911404834953,0.1804862526847653,6,1,3,1
21,4,0,1297.7741391916072,480364.8596287526,10000.0,0.028044124855023868,0,0,0,0
2,22,5,378.52693983922546,37588.19327280324,2730.448536111917,0.321025394307546,3,1,1,1
20,1,1,1534.6139522321646,418677.19039853394,7143.567780497845,0.030155002672566503,3,0,0,0
5,7,2,414.2287869477258,29546.409720476415,283.1154904336652,0.2589688480199486,6,1,2,1
22,5,0,763.0887343875268,100000.0,5471.73400497826,0.009338625978691562,0,0,0,0
14,4,0,1215.3942113363707,234199.41489778637,6234.583735928503,0.03144773062144286,0,0,0,0
21,1,0,1064.6371111772737,100000.0,7732.7582469507115,0.03416508297550699,3,1,0,0
21,2,0,751.7297729816016,449502.4519636157,8818.175667099818,0.010867422248156918,3,1,0,0
21,4,0,1316.110006983681,299657.8848865017,5277.046936922578,0.030668369556419182,1,0,0,0
2,6,2,275.7045062811061,28616.18729809228,1465.4025199729415,0.4757321931948108,8,0,2,1
10,3,0,966.958191773545,383325.5632598753,6893.033533422637,0.030884929532441006,1,0,1,0
4,14,6,438.315496202238,24815.574266438474,1094.6264452125697,0.13971264504983352,5,1,2,1
17,1,0,1528.8168015715771,319282.15503619326,10000.0,0.020079520533740527,3,0,0,0
15,4,0,1141.2172898251217,313987.82237730117,8435.47920728875,0.01723401920402571,2,0,0,0
15,3,0,1159.2390512898287,512399.0440317852,8916.150790082123,0.020919552866296494,1,0,0,0
2,17,9,188.84988223160448,46647.12051541219,1394.2102007027738,0.3614479092318668,3,1,3,1
12,5,0,1366.6857397035665,290302.9482331358,6776.052396018149,0.0014973030490274195,0,1,0,0
1,12,4,93.60629715895482,7342.831230314183,2026.47725987301,0.3734917269311685,5,1,0,1
19,4,0,1468.911078764272,296117.3711343904,7518.827548443631,0.01093237937082875,0,0,0,0
22,1,0,1423.8992110359611,178951.74100580916,3884.17877276109,0.011487406864921617,3,0,1,0
20,1,0,1543.7561991279406,359651.3814771938,4942.072025703217,0.02646039367353429,1,0,0,0
3,23,9,641.2948828824258,36799.290289904995,649.8941275787147,0.1,7,0,0,1
17,2,0,1353.4209614828499,333178.803170961,7122.9439557435135,0.013833290885979635,2,0,0,0
15,2,0,764.9289221074968,332557.95308747585,6339.5755437993885,0.03163281309075022,0,1,0,0
20,5,0,1177.7015287504546,324406.5710493137,3000.0,0.023096630599655818,1,0,0,0
15,3,0,805.7648717313775,292658.5772607531,4689.49742077902,0.02762466785194135,0,1,0,0
16,2,0,1841.876251952413,268667.74079958687,7262.866850414387,0.037923222516014835,3,0,1,0
3,20,6,147.0374808098405,17534.82359864351,1128.4958890890566,0.2737649496043152,8,1,1,1
19,5,0,1294.5947784586326,399746.31423862255,8606.045260208482,0.003251320571073083,0,1,1,0
15,1,0,1189.6647421135467,184318.7904347019,4828.373389514992,0.024147802888381985,3,0,0,0
12,5,0,699.9645299624307,305489.5598514712,7064.572508827867,0.02448122251790225,1,0,1,0
14,3,0,839.1000498142928,371013.00294384756,4049.6905019277224,0.03267783927918089,3,0,0,0
0,21,8,300.64138135790796,31840.325188205312,1164.7392605980365,0.1,11,0,2,1
5,21,3,362.46115833984356,50826.35246141596,1365.8834674899417,0.5673949629149861,10,0,1,1
13,1,0,912.7204957976953,284465.8445883991,4705.224685826833,0.012858862333359184,2,1,0,0
14,2,0,1313.3913902306033,219870.6749366377,7919.59692414683,0.01030929841807864,2,0,0,0
20,1,0,1690.6639337242118,228033.48308244272,8497.174958433006,0.035568988099865834,3,0,1,0
21,5,0,1992.6405610605402,350661.56599231006,5000.904928901584,0.017447140603426354,2,0,0,0
11,1,0,993.8014755886877,204608.3858004079,5069.436432498356,0.01660571111332947,2,0,0,0
15,4,0,851.5016752741958,265524.798232131,8517.26668100635,0.04715897453045435,0,0,0,0
2,7,6,445.1974555579904,45839.80265353193,786.168487717302,0.2206277547390419,11,1,2,1
3,10,11,251.8186135482702,29644.384536530946,730.8705562368806,0.1925588951735595,3,1,0,1
1,16,3,261.381664524704,1749.6488956806097,817.7506474351349,0.4061707982703987,9,0,2,1
19,2,0,680.5426420044467,328703.08590264554,6574.335888281389,0.02016025554057826,3,1,0,0
13,1,0,1920.739210254356,363929.4087722098,4239.994211983201,0.011071116730907677,1,0,0,0
0,9,10,50.0,33932.44012092607,2100.0157585737625,0.21040134669292046,8,1,1,1
11,1,0,750.238601703891,245647.82470549172,5766.419817534041,0.005538972719814414,2,0,1,0
10,5,0,745.9750617930849,389133.9646844798,4512.673803300807,0.02202383501987924,2,0,0,0
1,23,5,772.442815498195,34427.775760850374,2188.100994183849,0.40283791817560843,9,1,3,1
3,13,5,499.60580741352373,27141.17940273944,200.0,0.30096612902786113,9,1,2,1
20,1,0,943.2012022186659,220325.97766918808,4391.375471102229,0.017719682837095987,2,0,0,0
16,4,0,1881.6442083467216,429342.6818020839,5491.219938715601,0.008623720086595546,0,0,0,0
16,2,0,531.1257963695472,247786.85800528026,7055.495818782989,0.020426244044222726,2,0,0,0
10,2,0,1748.9479323745206,198532.23747102698,6339.7588502688495,0.01054444065074235,3,0,0,0
2,8,5,450.9527286194706,20977.773560138266,1397.867346731438,0.2704426555066773,5,1,0,1
1,21,11,641.0126006596054,42855.113816911646,1533.4771505989988,0.1,6,1,0,1
22,3,0,1018.1910371926334,367446.5424491098,6164.40867262741,0.020417913686260024,1,0,0,0
20,1,0,1186.9485992362572,121989.6762877082,7637.9557158692005,0.03192519980039921,3,0,0,0
13,5,0,571.927160105057,290087.5208612144,7005.502461329034,0.03508135748772155,0,0,0,0
22,4,0,1351.3242238563435,150675.7013249492,6832.478348029611,0.024045487888261458,3,0,0,0
10,5,0,1012.8810144095464,406590.9787151624,5238.957508825023,0.02316347705846509,1,1,0,0
1,14,9,568.1410153432456,51267.9051391964,1375.952206840962,0.1,5,1,0,1
3,18,5,552.5863549381214,57494.810777559134,1300.4871825647783,0.22961628828503308,3,1,3,1
15,5,0,1453.4587856285552,169340.63935436905,6613.3212802379785,0.014265068437271405,3,0,0,0
14,3,0,1438.3197901665328,355264.4714466308,7778.802059688873,0.05,0,0,0,0
11,5,0,988.6412911918495,219413.90447465755,6657.305224815638,0.015271735791567086,0,0,0,0
21,2,0,1716.7543607458306,213038.9663256014,5766.913188080639,0.015011945442028728,3,1,0,0
20,5,0,300.0,305167.0188900434,5986.531708475257,0.010281716934041774,0,1,0,0
3,8,10,368.20900446914095,41655.49971616756,2392.6075825909074,0.36739588884930546,3,1,2,1
23,9,6,470.8697000756539,25387.466653888056,200.0,0.25796932218163066,4,1,2,1
11,2,0,1567.771646335381,309505.7077990521,5797.606056756775,0.03407496631207381,1,0,0,0
10,1,0,805.7007701991879,311837.5885332387,5792.199735259702,0.022155073496476458,3,0,0,0
18,1,0,1113.7608994640639,154747.45536877192,6415.599565515353,0.025958372940409202,2,0,0,0
15,3,0,839.5439795192519,328715.95094961784,8065.034946401562,0.02023553677511291,2,0,0,0
2,15,9,50.0,53790.542440883466,2444.1295778546482,0.5299254690312747,4,1,2,1
1,17,6,128.34696299951884,25330.13171550952,2172.8884863622197,0.3421240707169223,5,1,0,1
11,1,1,1090.3934744723613,283320.6047620456,6364.545218448423,0.029904537454467833,1,0,0,0
10,4,0,463.16689695648427,244825.73542484635,7254.411794329632,0.017826503634671004,2,0,0,0
23,6,9,354.3768916054031,30254.906674687933,1940.3872589353527,0.26515918803941474,6,1,1,1
22,1,0,916.810821197439,166194.70994650817,7432.910758632073,0.007319853698683175,1,0,0,0
15,1,0,1395.9299819385992,421542.98136860563,7543.738625484686,0.02922905209019399,1,0,0,0
1,16,10,395.20077060021043,27381.990501839366,1307.6992948619775,0.3432527851460003,4,1,2,1
12,4,0,1384.8297023590067,146608.06444637655,5535.568734710518,0.02301297078306563,0,1,0,0
22,2,0,1492.7856549577268,180107.3928536303,8370.629353197477,0.025923247282052156,1,0,0,0
18,2,0,1386.881477131105,376671.2116132221,5098.9011588238545,0.03656199105651475,2,0,0,0
18,1,0,1010.2803336721704,189630.5229845713,5014.65632272265,0.02140773599581667,3,0,0,0
2,12,10,248.676055706706,42548.916689587175,1883.6428114069868,0.5338602562322878,8,1,3,1
10,3,0,1237.0432004905979,503188.14020301675,3000.0,0.034048045519355224,1,0,1,0
21,3,0,1143.927522555657,230831.03409175825,4258.234558266011,0.02508458836148387,0,0,0,0
13,2,0,1333.1263737304253,446341.7447976724,6545.544282009078,0.03539634667781238,0,0,0,0
23,23,6,50.0,17246.84443190937,2051.032495565275,0.20609723693700763,2,1,2,1
11,4,0,393.52754815977914,409717.7550382296,6173.517771658492,0.025701970555231893,2,0,1,0
16,5,0,1463.053476403076,236591.76521139962,5439.8853576310685,0.01598672787515995,3,0,1,0
20,4,0,1459.761006328985,239998.04183460388,6823.62344745596,0.001,0,0,0,0
23,11,8,330.8809884823297,1000.0,1259.0536527592903,0.3865076943552418,9,1,0,1
1,15,11,450.9549641633643,28735.85733895145,428.3172036733147,0.1411127154732699,5,1,1,1
15,2,0,1192.0448824591444,284786.4113206425,6430.389780341789,0.020831853524697793,3,0,0,0
23,21,11,280.6654545588052,6038.946682090864,200.0,0.24269741843447212,10,1,2,1
21,3,1,1941.773373344731,100000.0,4220.687032907718,0.0228607583562911,0,0,0,0
20,1,0,1311.6358740229366,263770.9896022047,9362.517519566349,0.026130497709655632,2,1,0,0
4,7,10,217.36871001250057,36925.69212318709,1699.1739595655688,0.16533912761140057,5,1,0,1
18,5,0,1417.922736507776,211870.6266309992,4103.772063099613,0.021490872933885,0,0,1,0
17,5,0,1357.9687068832104,278815.3944461236,4297.696613072807,0.026964543838660964,1,0,0,0
3,11,2,270.8460107072091,10407.512713660402,1355.737389561066,0.1,7,1,3,1
12,2,0,1148.4902980863021,254369.6607503764,7064.607553676771,0.001,2,0,0,0
18,5,0,1176.3095325316908,289014.6362194901,6081.905819352437,0.022677137098277744,1,0,0,0
22,2,0,1626.95193660252,325847.06853722216,4670.853572366685,0.02686460459030022,2,0,0,0
21,5,0,1207.3960235788625,337650.5680977427,9271.369972723347,0.006998791127099701,3,0,0,0
22,3,0,652.4237773187223,420004.555317061,9144.67975274904,0.025331609240494386,1,0,0,0
1,14,7,515.0258310871853,34294.59277138917,1143.3481217699366,0.12231808951307616,6,1,2,1
11,3,0,1756.305268813392,358278.585403212,9269.722333232845,0.03489580084758466,2,0,0,0
5,19,6,488.7193610125863,30213.232138578263,1507.2434003497026,0.2845597872994713,3,1,0,1
10,2,0,1633.5282567325032,313882.4757141339,7302.374237805448,0.022057146516356898,0,0,0,0
12,3,0,796.8579205274223,326874.47194320086,7318.05725298516,0.014919547461876277,3,0,0,0
1,7,5,260.62878295747646,38492.86549432279,1525.442658316305,0.1486427544215443,8,0,3,1
0,14,8,489.8192650077241,31493.227734966847,2320.916501229072,0.47901656157694067,4,1,2,1
1,13,8,608.6289409040726,62635.79566740106,200.0,0.4333607565111496,6,0,3,1
23,6,9,375.5187673001285,22316.597143319836,1002.3728243459811,0.5178211099853639,8,0,2,1
21,4,0,529.617611653661,360153.6018513604,4661.246783567468,0.001,1,0,0,0
13,1,0,1281.0926752958758,100000.0,4516.894792077039,0.01989507650131013,1,0,0,0
20,4,0,1491.9328451362567,129351.08723200031,5205.117810764772,0.012992771605249136,1,0,1,0
20,5,0,1071.4515592591233,248186.42307449714,6360.058573275433,0.02199328855694813,0,0,0,0
1,20,7,422.76985904979233,30188.90905789792,278.8730960577741,0.5982147816069667,6,1,1,1
14,1,0,612.6949252151812,261790.54061654222,6684.550282921153,0.028066701574598944,2,0,0,0
5,17,7,68.05830360293015,49589.93182094752,1337.8963695584603,0.13552717624230812,5,1,2,1
0,7,2,50.0,40900.01290230621,1750.0324144302408,0.393872436378072,2,1,0,1
11,4,0,1472.7132727338517,415652.8085980094,10000.0,0.016280610599325313,1,0,0,0
3,9,3,619.664380140071,36760.40326807192,818.6510907244582,0.20000924892217065,3,1,0,1
13,2,0,966.4788932320073,478315.8451583628,6535.360891678627,0.05,3,0,0,0
5,8,9,273.5721623578429,36067.0845864102,200.0,0.18606808187865223,8,1,1,1
18,2,0,887.6741611668351,155638.1442732901,7637.247366980968,0.013412223075977617,2,0,1,0
0,20,9,235.83100827106333,4821.782071576279,1181.0660555026325,0.1,2,1,0,1
5,16,9,955.7535449523161,8103.943421511678,1219.1638990388867,0.25657678441175347,2,0,1,1
2,17,7,235.25831294815262,36817.18917885871,2415.7846704701014,0.3836422994241212,9,1,2,1
4,17,6,371.8276044938778,11791.438318288623,1348.8272268521878,0.3160123434811032,3,1,2,1
3,15,2,641.5157610586267,32338.89492173591,2738.103200243463,0.40955739958580256,10,0,0,1
5,21,2,167.02245673049626,18738.099740297606,2261.2400780933285,0.21976188370832242,9,1,3,1
1,18,5,134.34060599132482,39441.31526790063,2143.380926215163,0.41554665953020953,11,1,3,1
10,5,0,1574.269751700296,219282.25487874966,7646.342021117099,0.027308048278259476,0,0,0,0
0,19,6,442.6191098175777,25417.720380076516,988.1859174945973,0.1,7,1,1,1
10,3,0,1147.8855002864334,357483.075004864,3000.0,0.008391415980035675,0,0,0,0
10,4,0,763.3883563855362,301234.9689985716,7280.549897026804,0.01743678599500609,1,0,0,0
5,11,3,561.822275787567,9246.970915917966,554.6563000053425,0.23485321696536152,7,0,2,1
16,5,0,1599.7138560938033,189482.69189809446,6144.256516951562,0.024990954079243434,2,0,0,0
2,7,3,232.19456123252925,50048.78700470757,1946.1115322734577,0.3794274361892216,4,1,1,1
23,22,10,328.45424998777344,28594.2566248955,2284.6791326783596,0.1,4,1,3,1
17,4,0,859.6086282988185,265899.77818554506,3969.5651217742475,0.015425631218015294,3,0,1,0
3,18,6,359.8715633467323,24014.693025860783,1319.374975543575,0.28240748757839906,7,1,2,1
10,5,0,1192.3285499331432,272549.05923772306,5343.296156188146,0.015098343497959927,1,0,1,0
16,5,0,787.8769397706617,100000.0,5075.881058443386,0.001,0,0,0,0
21,4,0,467.95740451296365,334699.425912561,6579.738587085128,0.019699984787797446,3,0,0,0
5,13,4,520.1328697244508,24927.76967524305,1672.158844025972,0.2388194090092773,7,1,3,1
19,4,0,1494.1349813010029,378134.34393694473,10000.0,0.02542396384639893,3,0,1,0
12,1,0,1554.60352083021,187536.55603723932,8790.72214356659,0.02045426786961778,3,0,1,0
11,2,0,980.1848805688203,285870.1104194431,5392.931986564503,0.044538970952253204,0,1,0,0
10,4,1,1587.27046115017,386358.93559200986,6559.7913379637375,0.028344374565283117,0,0,1,0
1,15,6,474.3988564379605,19855.90166245157,625.2832656931607,0.15932519493773326,3,1,0,1
19,1,0,1241.1982399046722,283390.22369828983,8934.446299426072,0.019931195998979717,1,0,0,0
21,2,0,1381.8010288342512,224148.2203617203,3000.0,0.019315231234875094,1,1,1,0
5,24,4,379.4809187574495,40525.03826043301,2503.155109349178,0.1742355854293305,6,1,1,1
23,14,9,191.74554292372883,32345.192176625307,522.4972315396288,0.4327134242272809,6,1,2,1
0,17,11,225.38431033280335,39108.242545704685,200.0,0.442552252494989,4,1,1,1
14,5,0,1185.8816331245278,119981.61462959548,8478.510658927,0.0114313338026737,3,0,0,0
5,19,11,373.67767859358446,32563.517082588223,258.66439477809786,0.1726877683934782,2,1,0,1
1,22,4,357.43755948573033,46138.94605251021,1476.0756331518994,0.2599830084603769,5,1,2,1
1,6,4,232.2982139468393,19792.79154405863,2324.7694283625274,0.36845003752748673,4,1,2,1
3,19,3,466.1716173813608,40507.88099307301,1752.525507817546,0.19552738367655614,10,1,0,1
20,2,0,1996.01180540767,204985.50931435332,5913.4287902407805,0.020824570298975845,0,0,1,0
13,1,0,1480.6821587158206,286183.18537201005,6059.113721506054,0.03238426322710763,1,0,0,0
11,5,0,568.3273295315697,300171.9435056697,6822.228282627957,0.014933621574291154,3,0,0,0
20,2,0,906.3363310516218,129362.48337984816,6406.306661211318,0.024010237996660598,3,0,0,0
4,20,4,195.85972232160464,21019.778862633175,1204.0612061734646,0.35624387379075634,10,1,3,1
2,6,3,446.9781351838703,25776.884494867663,1078.9954066319603,0.15649890436447125,5,1,1,1
17,4,0,1825.5968619387104,235068.19948835837,4708.17888233496,0.006118651464799245,3,0,0,0
15,1,0,1197.305537554359,171048.32806990918,8150.865434604753,0.00933428444200489,3,0,0,0
19,1,0,1085.1480575080516,224054.26800163364,3399.0191921995624,0.023119924286908955,2,0,1,0
22,2,0,1369.167664090901,255366.72028479015,4406.82742482816,0.001,1,0,0,0
10,4,0,1824.015439543342,473414.8024184437,6805.292836953264,0.016483755499364313,2,0,0,0
1,17,9,359.2362314488537,39436.41753676714,2059.976461983242,0.39797422503986446,5,1,0,1
0,23,3,650.9155995260971,1000.0,200.0,0.31607153031855817,3,1,1,1
23,8,9,688.5998366669824,34668.54272416561,1201.4209771603062,0.14892832088077418,7,1,1,1
3,7,2,783.6023361781823,37133.17907851254,622.0298028328926,0.25985033189008366,2,1,2,1
4,9,9,373.3879685420742,15345.02094402707,1845.8178237402717,0.17633456058797156,7,1,0,1
2,20,7,383.4990170752651,11356.500703493937,1649.9983057891416,0.2757825822273853,6,1,0,1
20,1,0,894.1001199177108,242284.51624438388,8697.315275185956,0.023662045382369722,3,0,0,0
0,21,7,394.55738314210976,19709.789238275436,2915.480022710847,0.1825509821073914,8,0,0,1
17,1,1,1302.5598236975354,388523.83057401894,6111.551030220173,0.011315865304047467,2,0,1,0
17,1,0,889.7202601799061,422931.0691907974,3321.0760421644673,0.036050972287208105,0,0,0,0
2,13,2,125.67081007244542,17319.935502202286,2293.51574004173,0.2802681318601191,6,1,0,1
2,12,3,308.98970015773034,8620.033637858545,200.0,0.41770061790209884,6,1,2,1
17,1,0,1069.1451813446909,191623.35631625116,4226.982520258442,0.004921460668028984,1,0,0,0
11,1,0,1545.6232214456716,283981.6433764991,5526.3338222317,0.022117246057242607,3,0,0,0
15,5,0,1042.3425602588418,402465.5190284435,5566.187010411077,0.029060892421785063,2,0,0,0
15,5,0,1902.8285366124665,228786.2988288707,6608.165292065406,0.00971275768755027,3,0,0,0
20,5,0,1728.0971869010668,396753.1852603959,5678.044586270456,0.007839040950258001,1,0,0,0
0,20,4,555.867618580344,12949.976032635448,1441.5105828030885,0.2837491939933855,4,0,2,1
0,17,7,642.3056272487001,47828.26578758976,1372.2610205293327,0.40920063723690003,2,1,2,1
13,5,0,1846.1967775560324,304638.3557916543,5542.731167074222,0.012536768590295368,2,0,1,0
0,21,11,170.42643826353924,4540.03844789711,1814.6115588337505,0.296587435980007,7,1,0,1
16,5,0,1208.0062200443697,306770.78100159526,6990.281296935301,0.031547963279335345,2,0,0,0
18,2,0,1362.386199673208,131627.23066886657,7244.711596417746,0.021740227716243513,2,0,0,0
12,5,0,532.7939425329175,407218.58374302683,9180.963252145717,0.025597528756020168,1,0,1,0
23,22,11,797.4630714458617,27404.375841358426,1304.6254367891604,0.2290714914845321,3,1,1,1
0,17,8,292.9515713337145,1000.0,2221.92870441974,0.43426879681940134,4,1,1,1
21,4,0,1452.217683473381,321479.9014979304,8071.3195612533855,0.016119573821504064,1,0,0,0
5,18,6,796.2163558550038,35846.1077425656,466.4459787943438,0.40009052386421157,7,1,2,1
3,23,11,378.448493918515,19112.61936187275,2377.798397144774,0.48487146598382,4,0,0,1
21,5,0,906.1864726607874,122121.82700848166,4639.970463562234,0.003639914208487388,1,1,0,0
23,24,6,443.48246351175953,15639.592070739973,307.4278948045337,0.30345620448874405,4,1,3,1
5,22,5,525.6013927008372,14550.522617868155,865.2475426629943,0.3296541880908864,9,1,3,1
3,24,10,609.9305233183715,17861.399288646913,1172.8999936564917,0.2826766178292541,8,1,2,1
4,12,11,341.5056621474726,25472.534596949412,2767.608429142212,0.2534866454852993,3,1,3,1
0,24,9,555.2420780216416,24157.109212282965,409.2845165305034,0.15337908105839249,3,1,1,1
10,1,0,1498.8564928106412,247275.69722643873,10000.0,0.012854285411575907,0,0,1,0
3,13,8,441.37873443920137,25063.557887538405,825.9319929818857,0.5733182397164227,5,1,1,1
23,10,2,410.98668609870583,17849.63992398351,2390.029159629395,0.1960776200006282,10,1,1,1
23,10,6,257.8530710876452,12864.143106031574,806.2634974717454,0.1,4,1,3,1
21,1,0,756.2097820641026,387315.56045083783,6289.439149356917,0.020331810412103964,2,0,0,0
14,5,0,1061.8338303744667,267559.7080051885,8195.12450085334,0.019069107212646114,0,0,1,0
5,17,10,652.7478965499681,49999.71977556462,1276.3329417718533,0.1,2,1,2,1
23,15,11,493.946580693134,25069.896242092855,935.1581849794914,0.43644892776183986,3,1,3,1
22,4,0,1676.7995662129133,272893.899189738,6389.892450722403,0.019152479495406945,3,0,0,0
2,12,9,799.3623434331851,30533.912777478425,671.5158839949323,0.38168007353444294,8,0,0,1
15,2,0,1466.2268791501208,440157.81389994454,6633.359319579967,0.034071139586739796,2,0,0,0
3,7,10,379.11535164705697,35148.89036975667,1683.6690026764027,0.40767972994324436,9,1,0,1
22,2,0,1285.8114277989005,326366.9344682701,7834.33467147673,0.013137496229364033,1,0,0,0
20,1,0,950.449651256706,297069.4483328622,10000.0,0.006610455428457528,1,0,1,0
22,5,0,1592.486353629353,295424.0030838095,7407.055693453006,0.01046922211700469,2,0,0,0
23,21,10,357.23409432438876,29722.808986152948,200.0,0.3786054497529121,7,1,0,1
3,13,8,50.0,43755.16527047141,1620.680968151231,0.18330003034996767,10,0,3,1
5,16,11,679.9102129534565,24617.82169212795,2129.54362735379,0.28133640112555164,10,1,1,1
12,3,0,1019.6910506826506,388747.75606097595,4540.2880361232565,0.00894848767363962,2,0,1,0
17,4,0,1084.380849575539,432199.20032027364,3439.8541853062834,0.006858424491579125,0,0,0,0
21,2,0,1205.7281608819435,286744.26803599147,3886.371638369219,0.00824574274265237,3,1,0,0
17,5,0,1205.8444721201531,197954.14507911314,4547.286170619716,0.010750769796213505,3,1,1,0
16,4,0,824.1662045621006,308494.80783666286,3976.7583361738707,0.015424110947404989,0,0,0,0
23,7,7,276.15095619612237,10035.347499349158,1917.397208979764,0.41014574722517605,8,0,3,1
18,2,0,1458.5907144793407,131075.90770172997,3673.042142345802,0.016914264432802428,3,0,0,0
13,5,0,761.3390217595936,370273.66716094257,3708.9535609924046,0.009268645733268735,2,0,0,0
17,4,0,1692.9636388986723,386122.34150998446,5821.9399499339925,0.03029783421978085,1,0,0,0
11,2,0,1008.1434378425487,394572.9112650233,5756.844964495356,0.022093701139065048,1,0,0,0
13,4,0,992.9509022316656,235117.86364482046,8827.146068849848,0.001,1,0,0,0
10,2,0,1161.0059096091766,297131.8341362687,3113.6434617328573,0.001,0,0,0,0
3,7,5,181.72883760718176,8073.07373332934,2107.4397554453717,0.1,7,1,2,1
12,4,0,1254.8533605276866,482715.67575793073,4774.405927077676,0.01050075356203746,2,0,0,0
0,12,11,690.724915732618,33025.545339963675,1621.3690041725279,0.17401392574289098,10,1,3,1
5,14,2,286.19186004141045,53641.7104784949,873.9465124547846,0.32232569099130043,10,1,1,1
14,5,0,1078.6242451452033,274687.8423714187,7771.050408601946,0.014839106992716355,2,0,0,0
12,1,0,2067.504467168571,299409.7757679449,7375.183713298403,0.001,2,0,0,0
18,5,0,1401.3736431387642,381089.3025754504,6221.343219261518,0.0235683364758586,0,0,0,0
21,1,0,1213.4949179731204,265551.3235045921,4432.841389276764,0.02403928169202898,2,0,0,0
13,2,0,1842.5041522906693,412823.34261578775,10000.0,0.033660535989380756,2,0,0,0
4,11,10,372.9186851171604,18112.02848139232,2629.7488672475797,0.22055092105374988,7,1,2,1
13,3,0,1556.8839491239942,216895.21516889014,7277.159118334175,0.02083553585244016,1,0,0,0
4,20,11,175.77594918760929,25337.722837120164,440.1980633693322,0.20386605106429068,5,1,2,1
23,12,2,358.98163377029067,43447.27085233293,1237.9100754538404,0.24722905053874483,10,1,3,1
5,18,10,398.819684019923,29509.58601322266,2066.0294103663423,0.1,7,1,2,1
23,22,5,289.23860942872415,44498.07559408271,1790.067243254455,0.12396408117764904,3,1,3,1
21,5,0,1202.3347328136163,289601.6701312903,4535.765988883047,0.024674444299575125,3,0,0,0
2,7,5,582.3465658155305,23142.03094981613,1827.0967004850365,0.27300586020712286,5,1,1,1
13,3,0,1109.3288891615848,177740.26520114084,5797.612965464766,0.027989078487927695,3,0,0,0
21,1,0,1395.0861704794727,293338.8643994495,5868.6541512073,0.030570422611960593,1,0,0,0
3,18,8,682.0192604730166,1000.0,2052.2118719102086,0.5657059312563586,6,1,2,1
15,5,0,1403.2717156209312,304102.17562434636,10000.0,0.007846352219684787,2,0,0,0
20,1,0,1580.86408940965,244509.31300113339,7994.632162367734,0.015018391172241935,1,0,0,0
3,17,11,277.53084820589334,45590.77640237588,2372.9160506754097,0.24288362859754842,11,1,2,1
5,15,10,50.0,41540.19342854156,1465.465452320145,0.3329345257249704,5,1,0,1
10,3,0,822.6153685222605,139959.560147004,3000.0,0.008962743661089415,0,0,0,0
16,2,0,921.6254390197141,238605.11405997584,8946.317514628927,0.0173618471700435,3,0,0,0
12,3,0,1758.804221994609,372752.0193858971,7614.5004042802375,0.017709831725617797,3,0,1,0
19,2,0,1662.93291826942,220674.60853194486,6271.788728373743,0.020684196807881066,1,1,0,0
2,24,3,50.0,22178.85082788166,1807.7266093758494,0.1679091029158081,4,1,1,1
15,3,0,958.7085313478494,312463.93439478485,6925.685158139541,0.014896765373006923,3,0,0,0
2,11,10,170.07585053781435,25505.2698876386,2436.696524948221,0.2697801894809623,6,1,3,1
3,20,2,240.7242581957388,20690.41168732248,318.56977632787516,0.4449928763040078,4,1,0,1
3,8,6,500.02361181213905,8968.710629158806,2524.077492196672,0.5459288045585371,5,1,1,1
0,9,6,568.6578295412102,36059.87271846191,507.07712842178717,0.219347933854959,8,1,1,1
18,4,0,1381.5956257518178,186105.17933000322,5304.405279291239,0.01330771610302453,3,0,0,0
21,4,1,1260.927917281823,265579.69209766114,5370.426293428811,0.01065258794758198,1,0,0,0
19,1,0,1620.6324181705975,348402.34770849877,6627.43370805066,0.023172938680902908,0,0,0,0
1,16,11,160.213728764745,38252.843216032226,1451.0750817144842,0.3687019946545439,10,1,1,1
15,5,0,2003.4676032956668,326154.2290425814,8398.167479410435,0.001,0,0,0,0
3,20,4,550.5205469295269,15365.597834254368,1901.0723560392616,0.12054806220635098,11,1,1,1
17,5,1,499.21458611776734,333238.9489055459,4451.487789874465,0.02108187878547891,3,1,0,0
2,6,6,624.3816197458918,28779.677176541732,1436.3248597206577,0.3738960348539474,9,1,0,1
0,13,3,434.15920536899085,11577.868192909278,200.0,0.20684471244261982,6,1,1,1
23,12,9,417.1518372523229,32482.759904627565,1222.8295034974074,0.29141991054264893,2,1,2,1
20,1,0,802.9756338428633,334677.09029008995,4854.717128526628,0.033364115250398854,0,1,0,0
4,17,4,583.7501693401747,28218.554757394308,1154.9903496756965,0.40470544134010283,4,1,2,1
11,1,0,1674.5372942730842,484920.46824691235,9215.87186719405,0.02389393926760036,2,0,0,0
1,9,11,708.6449570566049,19900.872688853637,3000.0,0.28073217819789387,4,1,1,1
11,1,0,771.4322433151679,281432.0407815716,4484.473799154249,0.01979628542097083,2,0,0,0
22,5,0,1615.342073961029,217219.11205419,6214.48669679209,0.006770450577195233,2,0,0,0
16,2,0,649.5331934328262,231134.11290261702,6244.950322096808,0.005469053954381343,2,0,0,0
4,15,10,82.49812107433246,24306.7108705993,1162.2542181442586,0.1,2,1,3,1
14,4,1,1073.7839748414567,393762.97471804806,4092.389506882693,0.01265994733261101,2,0,0,0
11,3,0,1491.7687753401344,301799.546185486,8499.630575719602,0.02740899796676248,2,0,1,0
11,5,0,1048.1136719141246,142427.57370017853,6231.7534851065675,0.03984415118237388,0,1,0,0
1,16,8,484.47117217248245,1000.0,1221.8879525718794,0.1,8,1,2,1
15,3,0,1600.561164092026,263590.00898402964,5214.497124092955,0.011299478804910217,2,0,0,0
5,20,6,188.76691875571376,22625.210186501172,1162.6001510801345,0.32251262353142696,4,1,1,1
23,9,6,167.08604343381742,47686.3655091636,1324.6319903621654,0.1672955055255408,10,1,1,1
11,5,0,1035.4310121375809,355940.8234205415,4416.4444469639875,0.01717096138397753,1,0,0,0
1,19,4,410.7393932822924,42493.46470347261,1927.3887070558362,0.22908260746469591,8,1,0,1
5,9,11,415.78721316722874,26473.94257041077,937.566494243678,0.1,11,1,2,1
14,1,0,1599.151126317702,296258.9351826137,7490.990675153649,0.022593309713468845,0,0,0,0
19,5,0,1059.5806970111114,432132.48613799736,6950.23590667681,0.023775869213752042,3,0,0,0
13,3,0,1155.0896525399326,434944.6682538017,3000.0,0.019062108116116513,3,0,1,0
1,14,6,869.2845810736487,29028.70873456564,830.2171417152227,0.2528781379012936,6,1,1,1
16,2,0,1463.8889877551082,370205.0483860016,6586.745689138463,0.04130407244626394,1,0,1,0
17,1,0,1784.410248935639,287593.93220637104,6079.981294928215,0.016621761196447104,0,1,0,0
5,10,5,174.9737075284669,24277.487859946625,3000.0,0.21503129585406627,7,1,1,1
21,5,0,912.6307041260625,240754.11242165763,5163.259447860592,0.025611077487342974,3,0,1,0
18,4,0,1822.4417750108332,282315.41357083176,5536.227189165977,0.015413217452950937,0,1,1,0
23,17,6,488.96710555303326,1000.0,2266.6913816754227,0.21722057500250236,3,1,3,1
0,20,5,315.67063602657106,23808.750304320405,2570.389825259337,0.43692423514789713,11,1,2,1
13,4,0,1300.5686429618586,367656.9928389583,6829.829711432406,0.016015366538660893,3,0,0,0
1,23,3,178.12714904575307,31388.190938094544,2101.1249667902784,0.3953166421466384,5,1,1,1
4,10,10,50.0,31871.77322071573,2573.1850043040763,0.1144879464027119,11,1,0,1
0,19,4,457.02487850453986,28369.275446604348,2248.769840793911,0.3285084048758811,5,1,1,1
0,16,7,325.3054982242323,47998.63965097345,1096.1978976284709,0.22195945696578345,8,1,1,1
0,23,2,125.8440089673374,31781.616223398643,1330.2335279121444,0.1,8,0,2,1
5,7,2,518.7785910050394,23962.195526308307,2395.345180572426,0.18957908487794206,5,1,0,1
2,22,7,428.49765740314376,5019.72266526645,632.0866135917425,0.1,8,1,1,1
4,11,4,515.9674606766127,23608.298995273253,1403.526133674541,0.3361211405412591,11,0,2,1
11,4,0,920.7111070646015,409229.0702024733,6504.377316584867,0.020910043955427508,2,1,1,0
4,9,6,386.5716693667839,13111.96242783979,1697.7080355089777,0.2740906508653698,10,1,0,1
21,2,0,919.7892037555869,190422.60668900522,8992.396709654995,0.03038932878516737,2,0,0,0
1,9,11,533.8854226929551,20035.80720805568,442.8887932717312,0.1,3,1,3,1
18,3,0,1596.3540486417392,263315.96822595276,4479.529566393604,0.00687350744709792,1,0,0,0
2,12,2,530.5922716397376,34985.69769305379,774.2505770165418,0.5017319990354857,8,0,3,1
22,2,0,1188.7929510664,189536.90075815114,9598.257017047712,0.014696511819674941,1,0,0,0
20,2,0,795.965416456183,272335.9090694575,6009.431921834583,0.015112469362272316,1,0,0,0
3,11,11,539.5756029790621,45814.66285354309,1505.1644771116767,0.29644766576359977,9,1,2,1
23,16,3,455.2545172283454,44965.0726855862,1046.9129204143526,0.2078441963226156,7,1,1,1
2,24,9,549.170632085746,10972.384648130956,1056.2812495157582,0.17189665014866257,7,1,1,1
0,8,9,327.75710166863007,45539.378797448124,1091.7751447471628,0.46474701298426435,6,1,2,1
14,4,0,706.6064360319494,352734.82352810755,10000.0,0.047364447661344185,1,0,0,0
20,3,0,720.9611448882508,335441.22617108625,3702.2138638796205,0.0063095866069569715,1,0,0,0
22,1,0,1156.6515853524638,325391.57193348045,6409.405048475837,0.025609277657437177,0,0,1,0
20,1,0,1227.5990244649938,372182.0231228055,4846.38197160221,0.0022825467607732845,1,0,0,0
22,4,0,1361.308910964348,496934.03368195926,6001.269705768031,0.01586972834277341,0,0,0,0
18,5,0,1483.6548582045348,234817.63213354227,6627.951500968281,0.010739279723095222,3,0,0,0
23,10,8,619.5977762594972,42221.47169700694,1791.6131158969517,0.1,5,1,0,1
10,5,0,1959.7535043871785,331388.3772123974,3114.402597701877,0.007676179965173098,0,0,0,0
14,4,0,836.2499009883679,321656.93061708857,3631.604406726804,0.020115255761018563,1,0,0,0
4,19,6,307.97398274867976,30025.92535371716,1406.3166701321825,0.4809685914426145,8,1,3,1
2,9,7,558.5443276126707,31403.121158197242,1646.9245309442285,0.4561214171638628,2,1,2,1
11,1,0,1191.0362206407194,267902.48306008085,6590.089134497299,0.018859476188519846,2,0,0,0
23,21,4,279.2778618849359,49014.9080470822,388.17922560878014,0.630506512560799,3,1,2,1
11,1,0,1444.648000445084,245696.35050703568,5468.425326200348,0.016578028657787416,0,0,1,0
2,14,8,50.0,1000.0,1303.330938541841,0.1,8,1,3,1
20,1,0,809.5323926125848,250018.9657977594,6432.789748495897,0.024977039582181344,2,0,0,0
13,3,0,1333.788282023394,398347.6440562562,6818.970915767196,0.019994957901262645,1,0,1,0
14,4,0,1257.6727966035717,438349.0164437522,7109.301878426316,0.015070668427189335,2,0,0,0
18,3,0,1667.4386371181956,242208.44740275724,7008.622982952891,0.028719985271084443,1,0,0,0
23,14,7,551.055182209348,23529.647523388798,1206.1146333186684,0.21927507891669745,8,1,2,1
13,5,0,1296.1790020560045,309899.80576247966,5915.912464071379,0.029349095836332436,2,0,0,0
0,8,2,634.1536391196998,21589.616562498326,1850.881398910239,0.1,4,1,3,1
3,11,10,308.6295698998243,30355.075041223605,2123.3491073595183,0.38081840989691823,8,1,2,1
4,15,7,750.5878282206436,25527.618162734885,2411.3881831535928,0.33733268644193815,7,1,2,1
4,23,9,50.0,34657.86227780761,561.0319219721481,0.34896235521398494,6,1,1,1
10,4,0,857.5612013515195,232550.7770541634,3688.7477549690084,0.012437085657302355,3,0,0,0
2,9,10,226.83056353786907,48827.96878386801,631.5688363865996,0.3672029781856947,3,1,3,1
11,4,0,1262.058807472988,202357.34083084602,9308.568508930466,0.02488069922184174,0,0,1,0
3,11,8,498.90648797226635,23576.849317673645,1103.182957993834,0.18558365520621162,6,1,2,1
18,4,0,1359.6754867525838,263303.8405471832,6394.862283136473,0.03374055354326009,3,0,0,0
17,5,0,1415.0680472807587,312620.0505577297,7313.0787642720525,0.016126131252502455,3,0,1,0
14,2,0,809.0466999061455,320396.5600911245,5050.59098199037,0.00846179113356402,0,0,0,0
22,3,0,603.4293049375897,367475.7997570054,8446.531211694619,0.01334814566777466,0,1,1,0
2,12,4,581.5453318226146,39305.88212423226,969.8312267735303,0.19161359709683465,7,1,0,1
13,5,0,811.7328930468905,295193.51562261855,6390.451300327964,0.03218857166012379,3,0,1,0
5,9,3,268.09456985742645,65784.89552932877,1357.9835993625516,0.13458339684545195,2,0,2,1
22,5,0,968.3753594643101,121493.05408535342,8579.849701867268,0.01422262865765796,3,0,0,0
10,3,0,1091.1622410063333,400779.3571139647,6631.479127141588,0.021914641022280693,0,0,0,0
4,19,11,697.7703150265049,7173.444639856025,758.5252309396908,0.4668731911186264,3,1,1,1
2,20,8,50.0,19897.62654212954,1870.479445326729,0.37319594615707086,10,1,0,1
23,20,8,297.685375115254,47232.97069596668,2282.584632430294,0.6509583153513949,7,1,0,1
0,17,3,379.28593186536165,61785.630292529764,1729.413387338054,0.4652022085643268,2,1,2,1
1,23,8,622.1783782465013,39734.2299416582,200.0,0.15345546852676004,2,1,1,1
16,3,0,940.0584824872847,225385.62964616297,3000.0,0.038036548118535074,3,0,0,0
16,3,0,1227.012425592196,354904.1811347732,5036.278970025709,0.022062456376274374,3,0,0,0
11,5,1,1072.6072804518078,253695.3739974948,7264.442736971,0.005705402996749313,0,0,0,0
4,18,3,318.2575386298092,35061.028062537785,468.9809143967043,0.23514489161015892,2,1,1,1
11,3,0,1584.1400609427874,629671.7537444138,6570.91898536276,0.020446050855282342,3,0,1,0
1,20,9,594.3561333953271,20584.029746310225,1424.4572543223483,0.22536658614074845,4,1,2,1
13,2,0,1194.2497547521416,354633.8855555781,7829.901317078498,0.010650200499763212,0,0,1,0
12,2,0,855.959871468774,181020.93539842352,9107.830830911013,0.012017252246968155,2,0,1,0
18,5,0,1183.5808837440932,492768.8056490815,5766.701506221886,0.01420691858901836,1,0,0,0
18,4,1,1184.840135112574,338858.5289032603,7056.288816454024,0.024907053801601204,2,0,0,0
10,2,0,993.824283425617,217913.2732590205,8683.130963961801,0.024218232861742496,2,0,1,0
5,8,6,411.5903067634777,36410.5744461688,1480.0630906345675,0.30632719539060627,9,0,3,1
12,4,0,711.3321591027142,299891.9442745004,5623.924970320795,0.02923347441766203,3,0,0,0
23,18,10,589.3477319752377,21973.347190001325,200.0,0.1621746851930051,7,1,2,1
13,1,0,700.3317521412438,389459.4866961507,4859.261370361723,0.045201079088221685,0,0,0,0
16,5,0,300.0,220404.52197975433,6982.371453569711,0.01305163583781354,0,0,0,0
20,5,0,1074.9790763912183,117009.61388366047,7464.374584927645,0.013818477317181704,3,0,0,0
18,2,0,1168.4912682332401,265138.9921157036,6012.232134016887,0.01592792361482814,3,0,0,0
10,1,0,1394.3673357836465,249403.59090212022,9358.399329874168,0.028743035593304357,3,0,0,0
1,11,2,251.70370341254608,38962.84245604766,852.9664861915502,0.1,9,1,2,1
22,5,0,1940.916381628354,414264.8986848745,7103.157733463711,0.0018041786054229132,0,0,0,0
12,4,0,1209.9879453527858,432382.46127209085,4816.294626203691,0.012686537767916041,1,0,0,0
10,5,0,1092.360272529413,269426.3068369236,7001.5867024540785,0.017940394375108342,1,0,0,0
1,21,2,666.3887563946657,28343.03207386699,200.0,0.2567590761982576,9,1,2,1
10,5,0,1435.1215416037887,357600.34500128403,9917.833248164688,0.03855635684112075,1,0,0,0
4,9,7,428.20929880283063,29758.049758313213,2075.4494147376167,0.12749250669918977,10,1,1,1
5,21,8,707.0260014921832,17426.492829601186,1359.4434946900958,0.266398686442973,8,1,0,1
13,4,0,1334.8039203595963,323179.67095246294,7330.331287884756,0.031214870325811224,2,0,0,0
10,4,0,522.3381352701679,296755.7338106413,4350.443947252011,0.021031481782214263,0,0,1,0
19,3,0,890.8666159854804,272455.15346351906,10000.0,0.035345252348652684,0,0,0,0
14,1,0,1398.0551480183892,380095.3569301155,6893.359256101344,0.01574444928191644,0,0,0,0
11,3,0,1743.8873824579223,215651.45037229222,6187.317754429917,0.013934644993370434,1,0,0,0
23,17,6,375.1924094845662,32223.1067976296,2019.7041748371248,0.3400758347151465,7,1,1,1
0,14,5,531.3958481856791,29218.01132247311,442.5622713778132,0.2252845183624397,2,1,1,1
12,3,0,1267.5965725657325,232460.35130261368,6399.379817306906,0.00986523686632458,3,0,0,0
0,21,10,590.9463243453164,18892.313009150897,2280.3659370011865,0.5092907505755412,11,0,2,1
2,20,3,401.78420308628057,33779.704325936356,2105.586454254433,0.21726518515555926,9,1,2,1
19,4,0,1573.1012383621041,259517.03589216687,6675.243061007723,0.010246467117325613,1,0,1,0
2,24,5,383.11522960676234,27418.314936322422,1089.8538086931592,0.20549807369761425,7,0,2,1
14,3,0,1506.8587605742969,353310.36100347486,4131.068660329507,0.023685481057512982,3,0,0,0
17,2,0,1069.078387490248,282180.45782893006,3959.701238086527,0.03728275832628554,0,1,1,0
13,1,0,1122.5590415970403,271705.5024635641,3000.0,0.02934970358025097,1,0,0,0
2,21,7,277.45244381344855,32961.061947499606,1836.050510707295,0.21767072709359245,9,1,2,1
12,5,0,1193.811662093182,187130.36663931241,9700.166689754471,0.03186278271231893,2,0,0,0
13,2,0,1407.7955496592049,249487.92146204048,3211.053287453365,0.027125870083839217,3,0,0,0
20,2,0,1451.3320182967186,199466.50941402483,7990.235795173272,0.007424513975743079,0,1,0,0
0,24,2,253.39222574192078,23421.292689728456,496.5058347357017,0.1,3,1,0,1
20,3,1,1132.7676062380735,202725.08956532157,6679.015536745588,0.014235491976787803,2,0,0,0
22,3,1,567.6626169830323,405892.80641174014,6520.417987917588,0.010599234380640277,1,0,0,0
10,3,0,532.1892202820923,331129.16502664343,6765.454368311366,0.017414247929291794,2,0,0,0
23,12,2,359.09461190103366,16362.45679532587,1035.93621690039,0.22890410534130892,6,1,1,1
19,3,0,1534.9828809434048,395982.3952742369,8266.370828145016,0.02646641656733081,1,0,0,0
2,23,2,594.8423383114396,21724.816703692723,287.61027962593744,0.12057289194229501,9,1,0,1
14,4,0,914.9781384060522,269318.72039096575,3443.736240108811,0.018829211895897233,2,0,0,0
21,3,0,1448.0496203827745,221766.25289335806,9041.869457171442,0.043499744861867244,0,1,0,0
17,2,0,718.3541068417945,491169.89388605335,7732.528723255446,0.01705857430424724,2,0,0,0
5,13,5,262.71684773669216,41676.697698206575,798.59081162326,0.45568358020303795,11,1,1,1
11,5,0,695.9309277383229,431936.877582296,6148.512837372652,0.03707769823815844,1,0,0,0
2,20,11,365.9537608589432,17967.192134775607,200.0,0.22641153072168468,9,1,2,1
23,8,9,267.95820184074387,22062.47224331819,862.4050640051022,0.3244989517244278,3,0,3,1
22,4,0,1609.10422265649,368506.9370932439,5697.734843802022,0.02956625299706782,0,0,0,0
19,4,0,1282.8384721369448,402617.59668603714,4904.917207109789,0.002265081461613812,1,0,1,0
1,23,8,529.8465083281894,21642.360243531213,1106.4388849579937,0.1874170567982006,8,1,1,1
4,16,8,627.0720794010945,28444.107649076675,2292.7878629323473,0.3257611669140883,9,1,2,1
23,21,11,719.3893728724645,19671.207328349934,3000.0,0.3827943277686693,4,1,2,1
21,5,0,1082.4182431143136,417640.1536413686,7995.888726878595,0.02666382855877558,1,0,1,0
15,2,0,440.2755316619065,524735.6908849594,4437.430692158341,0.007616306577600712,0,0,0,0
16,2,0,1124.4273713327223,315981.7622727149,7454.814269988385,0.031146804812048054,3,0,1,0
20,1,1,954.5605713047968,449433.66208944866,3904.5074299012463,0.021894188655181345,1,0,1,0
4,15,8,445.68521764657146,50152.23355193883,380.99400682960936,0.1,6,1,1,1
4,17,6,248.3147841954289,32751.02287595872,1028.36379341441,0.10961011302735912,6,1,0,1
4,7,5,499.8025272043992,32541.090469775812,1725.7792906683253,0.1,10,1,2,1
13,2,0,1192.5446977622644,307429.89627747145,7410.871493481716,0.02874667497277103,2,0,0,0
20,4,0,1210.6412485014255,189393.15470382886,4908.907654812852,0.001,0,0,0,0
22,1,0,1132.5235860071493,339049.68604816444,7427.6707861182385,0.008461091654801824,0,1,0,0
21,4,0,940.6159956230329,469868.81537835917,6491.456783639393,0.015111157653072145,1,0,0,0
17,4,0,1763.5643029931703,259870.95640286678,5259.4488552351295,0.022398578675525284,1,0,0,0
19,5,0,895.2053415516673,331020.8136245163,5786.117943917273,0.02689924505962813,3,0,0,0
14,5,0,964.9553266359353,142083.83865775543,7764.137994646364,0.023886630123291928,0,0,0,0
13,3,0,1763.9618621075679,342306.34411246504,6753.240093692725,0.03244837649313243,1,0,0,0
3,18,7,422.26582598639106,13233.042016506733,1896.8034097543173,0.1063339524244632,7,1,0,1
4,18,9,236.66650235538575,14930.846367253489,735.6027392738547,0.3306691726624231,5,1,1,1
17,3,1,1566.1814084309458,356824.371113879,9172.089713578785,0.021099909365707863,2,0,0,0
2,10,10,319.8632198306166,37295.04168196022,1673.752885837157,0.370379668478792,2,1,2,1
18,1,0,1095.335565583017,212166.7200886265,5157.874500837981,0.037325889435597566,0,0,0,0
0,16,10,539.5992676771738,53691.781447385045,1037.6349997290163,0.1,3,1,0,1
20,2,0,2109.696060484545,396310.90120434586,3576.2915025629973,0.026542407547832082,3,0,0,0
10,2,0,777.3674257691064,408037.0683178166,8033.383725700982,0.021047099512200646,2,0,0,0
1,8,8,419.50007128789287,39357.91464869525,2939.3196214430363,0.26700665032737675,4,1,1,1
16,3,0,1559.914740305207,342341.58554251783,3221.796040161715,0.02380225629928759,3,1,0,0
3,9,9,484.04923922668087,27211.36081149955,1692.6505484433073,0.11535665804065506,11,1,1,1
10,4,0,1558.5597362017531,253390.95957648903,3799.809318063873,0.014013828422741431,1,0,1,0
3,9,7,284.2801066981648,36213.82709486681,3000.0,0.2717872446972157,5,1,2,1
4,22,3,784.9274937047967,57336.1080034197,2141.954395205381,0.26544106723868394,9,1,3,1
19,5,0,1259.3801134604216,100000.0,6674.030757202746,0.0014228904856828095,2,0,1,0
14,4,0,473.3359585923582,159465.95528950705,4052.6196411163164,0.001,0,0,0,0
3,20,4,302.6727329585979,25846.303819629044,3000.0,0.1,4,1,3,1
2,10,4,692.6769132573097,33508.204645846134,200.0,0.3041190724852751,2,1,0,1
1,14,10,237.28337176629006,17133.47313153868,1126.326064274357,0.3166130152790797,7,1,2,1
5,6,5,353.67354379505673,37777.66663073599,1207.3900681263983,0.1207757822255835,2,1,1,1
4,7,11,256.9055225960206,36632.57613196455,3000.0,0.1,4,1,3,1
12,2,0,1600.4972032373034,102971.1383947836,5256.639322657042,0.019814764596976966,2,0,1,0
16,1,0,1187.127773948394,431777.6697725925,3000.0,0.026377324449490917,2,0,0,0
12,5,0,958.5250912812011,315354.85542601714,4285.520088832867,0.013489197275376737,0,0,0,0
0,18,4,540.4577445876712,26159.237981721726,1016.4819266777492,0.5862042660794964,10,1,0,1
16,4,0,1388.633621851608,217014.32318624912,4404.278862276542,0.001,3,0,0,0
0,14,4,515.7110833225119,57572.44304617392,1486.46792304939,0.4823241939037396,8,1,2,1
14,2,0,1007.9193098619852,517526.6878879883,4798.414937513599,0.028735254743531207,0,0,1,0
0,7,10,192.1011785484249,51239.26837095371,1706.556049781656,0.16031222073277424,8,1,1,1
22,2,0,556.0909198658445,234261.8342131544,9152.25191482131,0.014484225554441673,2,0,1,0
12,1,0,994.7262476304545,100000.0,7499.572688216985,0.028378382834844933,2,1,0,0
22,4,0,770.5294017730998,283637.4551226913,5252.475700064463,0.00890301998151017,3,1,0,0
23,11,3,283.63795553319244,27566.966155304915,1817.8158459923657,0.24929953082631465,11,1,1,1
23,21,2,390.09632718245996,46827.42992635486,1717.8052062898626,0.3371902931761442,2,0,0,1
19,4,0,1264.8846018969932,447350.38550299197,3674.2265797545347,0.012812335868084434,1,0,1,0
15,2,0,624.7702594039172,341793.46606235084,5296.0905414885465,0.031417970996144184,1,0,1,0
15,3,0,1406.1830791699344,348441.0881202213,5731.439466178148,0.014676692123194116,2,0,1,0
14,4,0,589.4884024660039,308713.60855498083,3000.0,0.025947388705931083,2,0,0,0
17,4,0,1747.064205460465,377653.06072377873,5746.266439924227,0.022084215270222075,2,0,0,0
5,14,4,243.70021685489505,36374.05239058557,200.0,0.1,11,1,2,1
17,4,0,1262.2616788398927,134831.65115090038,4310.757069797921,0.015431590827677966,1,0,1,0
17,5,0,1631.4380464447495,191482.09478678848,7627.771297425738,0.031111624742366194,2,0,0,0
10,4,0,1229.6742446088663,474629.22006600915,8810.247176150544,0.010405832211128022,3,0,0,0
4,13,5,367.63332008418286,44843.72057775913,200.0,0.39192466110903645,4,0,3,1
2,20,8,106.86738678484528,23317.31984833717,2040.3822450408309,0.1292061719431406,6,1,2,1
15,5,1,1357.5235351965057,175717.39416701748,9309.716869975662,0.030493145146258352,0,1,0,0
22,2,0,785.5312898930672,193911.65784377145,6195.712307438296,0.039689817107991646,3,0,0,0
23,20,7,716.1241416033465,34441.48840685169,1782.3149442808617,0.4163115139371868,3,0,2,1
23,24,7,360.8653340762935,57500.874829495326,1171.079108405711,0.14165884476620255,3,1,1,1
13,4,0,954.7262667166908,403364.71776787366,10000.0,0.026816618422576786,3,0,0,0
2,7,5,145.29152473692469,22918.894413097478,568.0289323130388,0.336550879791469,8,1,3,1
1,12,3,409.51272456110377,24174.649934647176,1847.4005559147818,0.23796586061099995,5,0,2,1
17,5,0,1105.1424362255298,312125.47500986943,4857.710652585119,0.02248657922762082,3,0,0,0
18,5,0,1419.3791394737705,345025.7691189742,5409.255048924344,0.02411452825201015,0,0,1,0
19,2,0,1556.8191213709092,431706.7913076972,5925.548198971772,0.01459842332771125,2,0,0,0
13,5,1,1378.8653652342882,285295.5439560108,7778.28605513474,0.030767944919656516,2,0,0,0
11,5,0,1275.8589588047953,307219.95282497123,4350.386417116348,0.027523113686385284,1,0,0,0
1,14,10,686.3164111674508,16538.533113480054,1222.4537033925162,0.27907842865885235,3,0,2,1
1,14,6,436.83309717617453,37803.71968728571,2150.9222972187545,0.14672961309821106,5,1,2,1
0,23,9,658.6734878404543,14750.37533296144,1693.2940243726975,0.1,9,1,3,1
4,18,2,645.1059182565734,9683.788619024577,2006.115993548481,0.1,4,1,0,1
23,17,8,320.8499191553274,23125.51622996005,484.9971337429198,0.44189380445226784,11,1,0,1
4,21,7,355.5626920358504,25364.571441417273,1052.861373282642,0.3364626341764786,9,1,0,1
1,6,11,358.38907749413244,48008.85923518367,1104.5818696257636,0.4697591596918038,5,1,1,1
5,9,11,514.0713628780998,23752.561417908037,2973.1734678311086,0.379995228154228,2,1,0,1
15,5,0,1533.321221336119,415481.5119513598,5566.453707530697,0.028238537065610424,0,0,1,0
1,17,8,494.4526545894181,34313.822985113715,1783.0900835822,0.1,9,1,2,1
15,1,0,916.818827745639,488811.087881252,8445.452020170527,0.014523453977127527,0,0,0,0
4,24,9,178.39290167347156,39819.23270917028,1516.427451588391,0.18323150892836068,4,1,0,1
18,5,0,990.2873561366819,242460.91206628538,6041.787214299131,0.018379595409377017,2,0,0,0
13,4,0,1129.7715163263827,200519.3906390214,3032.8555036015764,0.03542370972438884,1,0,0,0
19,2,0,1166.574978722855,283758.89139817725,3979.405750829633,0.027738725049127298,2,0,0,0
13,5,0,1673.0067670681253,346930.7792419895,8383.502251115997,0.006167405144769201,1,0,0,0
23,14,11,50.0,48948.93379232865,2449.3778077347934,0.2193321394364045,5,1,2,1
1,13,5,283.2654997259653,36382.21450016695,1111.5482100651966,0.408160523203445,4,1,2,1
2,11,9,247.13909887132255,40370.45410465549,2268.7443204789593,0.24159119953234548,6,1,2,1
23,18,7,401.79239509299225,36336.353392576406,594.049425641341,0.3952784348905879,11,1,3,1
10,2,0,377.2454946313701,344972.8475506111,6849.209016891992,0.025304674904525988,3,0,0,0
5,22,7,455.26641877180094,23968.69547951145,839.5471915457795,0.3223900141308837,11,1,1,1
23,12,3,389.1526330436939,21738.82471682774,896.2706357028346,0.5071789066835284,8,0,2,1
5,20,10,185.74984682158973,23921.752768799157,1554.8012426943224,0.1,10,1,2,1
1,22,11,489.21542575035136,37601.24273350171,1636.2130768544594,0.13714896764867301,2,1,2,1
14,5,0,780.0357551924777,331081.2736049955,3335.5189091103557,0.01774712925668067,0,1,0,0
2,22,10,336.7838375490851,39629.69976380664,1688.6841248151086,0.1,6,1,3,1
10,4,0,1285.9201502868555,171846.65525264817,6359.860623622678,0.01754996994841916,3,0,0,0
0,10,10,524.6481148421535,70180.24279700863,2235.989706925622,0.1145296213565028,9,1,0,1
11,3,0,1774.8679421216448,254876.32544330892,6784.2358311083735,0.004319032818611641,2,0,1,0
11,3,0,676.8177000146492,431687.98384684825,4214.4635142764155,0.024267569903650955,1,0,0,0
2,9,2,50.0,22618.878649684688,1503.0968210718881,0.2838784655069101,3,1,1,1
0,22,9,488.92094830344865,43399.31970017947,1636.1680905145079,0.25148018867804495,6,0,2,1
4,22,5,575.6275386735917,32814.110662061816,1532.0073194489755,0.4309442099527311,8,1,3,1
3,17,6,390.1588981905644,6817.579414450876,1193.267490835724,0.2970143936692585,3,0,0,1
5,13,7,1000.0,32983.563567158184,1490.1712574472049,0.27443808480416015,3,1,1,1
22,3,0,649.8962076075242,295895.2148298127,5563.4380277036025,0.010826404849131596,1,0,0,0
11,3,0,1353.095847483381,254547.1027609259,3396.503756177182,0.032540354493151416,2,0,1,0
18,1,0,943.7085549493421,373734.7760058071,5413.261769406015,0.02079359467650286,3,0,0,0
20,1,0,1171.22976282059,137652.15252438097,4567.848196015566,0.021684845716652575,3,0,1,0
18,2,0,974.2186264543537,401478.505965752,6087.255942198715,0.028260229229617403,3,0,0,0
10,3,0,1547.6510148872776,324472.7918160017,7057.6676674995215,0.017953735196518442,1,0,0,0
4,7,6,372.9844998780915,42515.86597898473,2466.191712883605,0.17203316014883513,2,1,1,1
2,20,5,362.6890642117033,58212.41020684944,731.8262466251986,0.42240338431927915,2,1,3,1
21,4,0,797.484898464822,274957.06677896786,4785.881030330509,0.025994445248268955,1,0,0,0
2,20,2,268.74732150921216,5901.82730502139,1923.0059785989163,0.3443111267948696,4,1,3,1
5,22,4,670.7086106619622,63476.56045241674,675.4839027020475,0.22373417229148243,9,1,1,1
11,4,0,1432.207418238282,231365.5713351024,10000.0,0.018649054004166873,3,0,0,0
2,12,7,363.3544700262811,28180.04237582682,2877.180172092394,0.43183214669417935,9,1,3,1
12,4,0,1207.7469309949254,338205.06775533303,5478.427625255212,0.014739273266996759,3,0,1,0
5,23,8,340.1746743005559,29060.393825901156,1400.5697819997138,0.3096592254957028,2,1,3,1
17,2,0,1785.497649996338,234845.34230237844,6177.254925536801,0.00491367522483847,2,0,0,0
21,4,0,741.4589564619675,452918.61234707007,3000.0,0.014652320898251997,3,0,0,0
2,21,11,421.1053548994522,57196.51927017445,582.0579944763633,0.3688277482460614,8,1,3,1
23,11,9,85.12391128119293,33700.47995055382,635.2900290655617,0.1,2,1,3,1
19,2,0,1681.7868833014593,468232.22129520023,7084.895693442591,0.011153513798677371,3,0,0,0
5,21,3,50.0,40229.786923934604,570.2123491141107,0.34366820798456077,6,1,0,1
3,19,3,216.33882035229965,45670.02876382565,1098.5628648717493,0.4327543705794895,3,1,0,1
21,3,0,1516.2976028959338,413893.5820977949,6518.824921475514,0.006994526713429858,2,0,0,0
0,7,4,617.275298708398,34814.66451247353,456.7520456359671,0.28387598344708254,8,1,1,1
10,5,0,827.1892745419195,185292.98543087463,4094.2790063882935,0.023752312633109434,3,0,1,0
0,22,2,412.46756274265095,18539.244751110455,200.0,0.1,9,1,1,1
1,9,4,436.28215477136735,18190.729161397903,1351.651347155972,0.12229074240415205,9,1,2,1
19,3,0,1418.163509533251,187402.23365276316,3767.130636344418,0.016578768303540357,3,0,1,0
0,8,7,227.66968557315562,48270.800071241945,1965.9014661404458,0.23567779743810063,5,1,2,1
21,5,0,750.2893185903358,333299.00797781174,7045.786418858113,0.013974833968882036,0,0,0,0
0,10,4,107.62003196311781,33946.20968685086,1619.6563329480898,0.35148129235280223,8,1,1,1
14,3,0,1697.4182404391227,259848.68670970944,3932.7822861131067,0.03334032682664853,3,0,0,0
21,1,0,672.5331087885365,621594.7243111664,7584.827070569887,0.023845611014167465,1,0,0,0
5,15,4,349.5126092443303,23229.901449676876,2437.1730450471673,0.47589373351422126,6,0,1,1
12,4,0,547.2517667468073,245471.29294905876,7354.3879970663775,0.031157209628287268,2,0,0,0
3,23,2,425.25444495779226,27308.48391682996,1571.30537784793,0.15048132944513615,5,0,2,1
12,4,0,759.7111201346033,239730.83130096024,5243.146010840495,0.012484896831452036,1,0,1,0
14,3,0,1613.1573936366688,509754.3915047065,4656.26547601425,0.031238664956919265,2,0,1,0
19,4,0,1830.9483480352142,311762.3984074843,4585.638921880093,0.02325159425693806,3,0,0,0
4,12,4,50.0,44771.00595693657,2192.414229301431,0.2458688866105378,2,1,0,1
15,3,0,1200.5869485768442,198591.16668173907,5817.232885340201,0.026660064141059328,3,0,0,0
10,5,0,924.0849821083578,122956.60974637754,5458.841142080971,0.02658177698509115,0,0,0,0
22,4,0,1767.5470359208848,189030.10296529668,4081.6491408133315,0.026730937241992832,2,0,0,0
12,2,0,528.0377013980419,431609.13602427416,8668.25893615442,0.0289295593717394,0,0,0,0
22,1,0,1687.7972090266517,293642.57227947324,3961.4317699802605,0.033872052684128066,1,1,0,0
13,1,0,1241.9460132314452,349348.2318971885,10000.0,0.012578371527287555,2,0,0,0
3,9,9,325.73483732211093,16412.937495732975,2742.969491776541,0.5677491044668652,10,1,3,1
10,2,0,1430.2034911026738,148036.5813482375,7507.120050123465,0.020745761520361273,0,0,0,0
0,15,11,202.28512989655266,33413.43399173203,2612.0620804229347,0.487431231557029,9,1,2,1
20,5,0,1506.172291694038,196331.26862001704,8577.424389606786,0.027890312063302197,3,0,1,0
3,6,9,145.8754062062715,19483.479271808374,3000.0,0.21380781549041822,11,1,1,1
10,2,0,1291.0155815584965,198052.21683423265,4609.664689367029,0.021416109156877222,2,0,0,0
15,4,0,1365.7448336715154,100000.0,6835.631297011903,0.020450692148531954,1,0,0,0
19,5,0,747.4956026439843,445451.8235601324,8491.868916620728,0.022906091694614043,0,0,0,0
2,23,5,628.0041070177223,28191.07622785562,1354.576404303205,0.3992532026924998,3,1,2,1
10,2,0,1336.5906956188314,385690.70581843297,7864.057788093776,0.012712979141951852,0,0,0,0
14,3,0,1370.65227601688,118406.80039801772,4355.799622303969,0.03775441909678015,1,0,0,0
1,13,9,197.8221673450661,5676.335285801539,2069.7005852363004,0.1267991208175916,10,1,2,1
0,9,9,750.1214591366413,35001.85670466197,829.6987554655202,0.4934767724487211,8,0,0,1
4,22,3,596.4795245838773,21188.718367959424,200.0,0.12674487757157124,4,1,1,1
11,2,0,787.014009612759,408251.0392762244,6877.683301784058,0.025457724270702097,3,0,0,0
12,2,0,820.3838835137735,296521.99301310576,7871.760145755145,0.008922941012229213,2,0,0,0
0,6,6,483.61837256737624,34106.233166743055,2303.56579907415,0.14360700192624848,11,1,2,1
22,3,0,890.9165359476076,365147.7246707511,3679.2494987769223,0.006845628979378833,1,0,0,0
1,23,11,523.2478062863911,46153.93102807965,2022.1480037581669,0.11805674063690211,3,1,2,1
3,8,3,566.5121231697684,19245.35437484104,1171.5359965005227,0.12251187474020503,5,1,3,1
0,8,9,445.3006356021207,13759.537166624392,3000.0,0.45383003303600766,4,1,0,1
4,23,6,806.8398619938921,49009.065399325395,1475.442664716192,0.32391959068986576,2,1,3,1
2,6,8,515.6459812949656,9119.244680018426,2325.1640346253243,0.19379164321808437,2,1,0,1
13,1,0,1653.8744079710245,389033.53149820695,6275.39125574796,0.02938744251021189,3,1,0,0
12,2,0,1110.537571754832,377967.5014371967,7863.554531050255,0.001,1,0,0,0
22,2,0,830.176068718333,351561.4300785429,4076.6167699483003,0.01656402615071627,3,1,0,0
5,9,2,528.4891033830597,66925.37769055142,2022.8832630276693,0.1,8,1,3,1
4,12,6,379.82873203900465,51393.87206478753,1476.971162441211,0.1799303536361503,9,0,2,1
23,20,6,50.0,29745.53147986768,2700.5122798802836,0.1395237567716046,4,1,2,1
5,23,10,70.13163831835305,27593.30864064469,2447.478721712305,0.24628818028029992,7,0,1,1
3,22,7,462.785747421541,34648.240611028195,739.6005139770526,0.15485227962940595,9,1,1,1
22,3,0,1688.188449274689,258245.26927340147,8238.539347969594,0.02431185420035451,2,0,1,0
5,11,5,154.91618102837253,34502.79080268721,1972.164635171331,0.1,3,1,1,1
11,5,0,1436.127938282873,299509.85230695247,5522.750405563499,0.004429544681231452,0,0,0,0
22,3,0,1105.339237854675,375616.7799589821,6312.2350890423495,0.023097623524048434,2,0,0,0
4,10,8,469.03139117642087,23035.33271182675,1544.1111115197587,0.21584003653538775,3,1,1,1
22,2,0,1005.4363645331794,382541.41182487365,9639.345142611086,0.0326001773942137,3,1,0,0
14,3,0,1038.681767233163,367216.75822523487,8068.305995443743,0.020605683070467073,0,0,0,0
10,4,0,1551.0451258111962,317359.4816444725,6953.806851169769,0.03514787098680339,2,0,0,0
1,12,2,619.9992039526117,4064.3512415605,350.45409555221,0.6416158322868157,9,1,3,1
17,1,0,1089.4194985360652,415486.65470807685,6719.771133132137,0.024223278000230178,1,0,0,0
19,4,0,1534.487827620542,186331.23835538456,6721.197798525951,0.012322722861868033,2,0,0,0
17,3,0,1409.5807495752,395232.0402330819,5553.105448121263,0.03812472289720359,0,0,0,0
17,3,0,686.4584452565445,317949.33627912466,4016.906828381462,0.02688215567500451,1,0,0,0
4,19,5,622.9595583730253,14988.656293937223,2466.180014857494,0.2963775438912261,3,1,0,1
15,4,0,1500.4484763121925,264084.3812338687,8867.380463674908,0.013708251906316912,2,0,0,0
0,11,2,84.60600371318509,38013.45347888142,2113.9698503525424,0.4877013864033087,5,1,1,1
11,3,0,1306.941774970501,273910.7730513201,4715.029581382183,0.018700558250014543,1,1,1,0
17,3,0,1050.776262247196,281210.5776711361,3000.0,0.009124477295891623,0,0,0,0
3,14,6,535.6218711296942,1000.0,2088.2281876639654,0.14070154893022438,2,1,0,1
23,12,6,449.4483640340389,31542.631852017803,1395.6821838465025,0.1715135674429662,8,1,1,1
14,4,0,824.8521587353443,176408.36247633968,5848.06724187072,0.007268152542254882,0,0,0,0
4,19,9,693.6269634453222,43819.08729801349,582.06191233963,0.1609934889584832,9,1,2,1
4,13,7,157.77395016551395,11514.046342555572,1975.4836754311327,0.37249119885489856,11,1,1,1
19,2,0,1210.6028717501217,426450.8281227147,7650.018949531878,0.029569115709409653,1,0,0,0
0,22,8,142.0830811424795,54348.128273723836,1992.0989859153688,0.1,7,1,0,1
17,2,0,348.8617112265913,235586.1842146484,6631.144797720835,0.018366149819496753,1,0,0,0
5,12,6,694.8968835347212,23029.627395369098,2184.8858786348765,0.2297916000275113,11,1,3,1
13,4,0,793.6934132303356,329229.6012613999,8937.728681192411,0.020800579625110727,1,0,0,0
12,1,0,1488.10346353311,440468.83313273,3483.4069433122604,0.016622764019063242,3,0,0,0
2,23,7,113.63353672534896,32539.008204671067,200.0,0.16087108177923906,6,1,0,1
22,1,0,1314.9918700059284,167542.69254631177,7972.225082872927,0.020451219673835275,2,0,0,0
18,5,0,2207.485639717785,282826.39911049325,8191.978912490731,0.014964778127000505,3,0,1,0
4,11,5,693.131509416502,22340.02666163052,3000.0,0.37773452257207296,7,1,3,1
17,3,0,875.2481324533076,512915.58624099276,3000.0,0.013786137232035953,1,0,0,0
11,3,0,1622.0508686324717,299676.3129266351,7972.464147052666,0.012569693739882383,0,0,0,0
5,23,11,496.80166344017294,34731.355127039235,1681.4647549912847,0.19268036292483878,2,1,1,1
14,3,0,1894.6211411064332,322003.1004069393,9347.439534965293,0.02432427280835588,2,0,0,0
23,12,10,301.8619698147216,45047.62772827841,2562.008114940818,0.3580602024388,6,0,2,1
10,5,0,1436.662833574178,332556.04071093234,3000.0,0.02487908089857875,1,1,0,0
5,14,6,224.306122580205,13725.838428517165,676.639871202449,0.36819906012375053,5,1,1,1
2,13,11,554.8996560053508,51996.05549635183,2086.6281828633146,0.34551266210691006,5,1,1,1
18,1,0,1335.9619718662882,339054.6570426653,3905.6100162326184,0.026749363322737297,1,0,1,0
23,21,8,376.0430006956695,9610.465975242048,1907.2097491663276,0.1,9,1,1,1
11,2,0,1095.0075809012446,260067.36166202926,6541.6842229917975,0.02990604629863875,2,0,0,0
23,17,6,480.72235120249644,42628.80001656976,2200.1443059558806,0.17538094818008182,2,0,3,1
10,1,0,1009.2082442709049,410511.09038041916,8198.456690780697,0.024065939129388182,3,0,0,0
21,2,0,1286.3543832142389,213647.39369553275,8107.584314673732,0.01998850445660122,2,0,0,0
3,6,7,523.4948986769668,2338.027961952481,1609.0849791690734,0.3311633995443541,2,1,1,1
4,13,10,404.2025475966898,62258.48761011461,1774.1982234843626,0.3970862254319296,8,1,1,1
16,1,0,1237.770951885904,322130.4893976556,4420.461093569367,0.012949836242473232,1,1,1,0
4,8,9,408.9265401486658,20528.26112868538,748.973076040157,0.12268663622432555,10,1,2,1
23,20,7,393.59126371601087,40094.807307121024,1921.7952619927796,0.4361951075716233,2,0,1,1
20,5,0,1031.1483343708837,495815.22269127134,4868.265536050369,0.01907145682890895,1,0,0,0
16,4,0,878.8539039064285,405028.1993397764,5578.424950842858,0.022643098021301898,1,0,0,0
18,3,0,1412.0605052734413,318773.48152705334,5766.8131557885445,0.02857028736819229,0,0,0,0
15,2,0,563.1585321448692,214830.71755787515,3000.0,0.014162743416660848,1,0,0,0
16,4,0,1754.5104328323291,297766.6182281863,7101.105895830725,0.004257129693497348,0,0,0,0
5,10,7,314.7247926948314,47181.70120463193,1639.6668521010072,0.17745424372205515,3,1,1,1
14,3,0,433.5342474936218,508600.5185522139,4464.133706805905,0.004709943634028576,1,1,1,0
5,12,11,50.0,52548.86077289723,2480.567301616065,0.39383975142823757,5,1,0,1
5,10,11,102.77961778236386,35736.423113614816,959.1495333648786,0.30751276773894903,6,1,1,1
22,1,0,641.5226735816457,100000.0,9714.56837625555,0.029826502471123825,1,0,0,0
23,19,11,646.0882826364723,20483.898228219943,1310.6527606817224,0.23941817250224448,10,1,1,1
23,8,3,529.0881355821907,32830.352127212194,1722.615759366329,0.12679963782017276,10,0,2,1
13,5,0,1289.5360691132946,299914.44004299626,6736.807250060657,0.03502582750850834,1,0,0,0
5,8,7,340.4360544459904,60808.889778159806,505.3498699884136,0.40637798164031513,11,1,2,1
21,3,0,300.0,374325.210562305,5461.973342303584,0.022244867589402632,3,0,0,0
22,3,0,1410.9159675349308,454387.71610560024,7229.106744483432,0.002079417252171204,0,0,0,0
22,5,0,1066.3643171619076,173651.53949388932,7219.215454302775,0.028854932673920673,2,0,0,0
19,1,0,2045.8400711633349,217516.04792742676,8764.660160608762,0.008081522297812158,2,0,0,0
11,1,0,1193.492095636134,219624.18856699858,5461.2923666534125,0.022307110072766468,2,1,1,0
11,1,0,1503.2579556842709,178996.70325189337,7567.564081516841,0.02083941214033708,3,1,0,0
4,16,3,199.1326522073622,15764.506857169848,1957.6333669969717,0.3629137490274236,11,1,0,1
20,1,0,648.7246592667577,352127.73722162127,6387.6770743096795,0.001904927742456073,0,0,0,0
20,1,1,1033.6735160485382,424989.6502545986,6207.090281653803,0.012112740489019759,2,1,1,0
18,1,0,1619.3626528939885,156613.6347384861,5179.846322768179,0.014579051662845257,0,0,1,0
0,8,3,223.73695415249412,46477.97880485834,1747.2829029396526,0.42434716812701156,9,1,0,1
23,19,6,365.5486609288198,34398.73422394531,1655.794419649449,0.3117023182671625,2,1,2,1
10,4,0,1545.8691722374274,220773.20140362866,9837.796169106678,0.02315959047844571,3,0,0,0
16,3,0,1297.880170584683,492403.3499800493,5227.846037939589,0.017685361674810468,2,0,0,0
19,5,0,1399.4120768622688,153133.4473340819,5916.327620571519,0.021111718107043313,3,0,0,0
2,22,10,557.9411790946289,19822.810296056596,440.08325717822663,0.290282102916486,7,1,3,1
4,11,4,319.87869045823436,33929.304609524304,1552.7385190381988,0.2642366478667796,3,1,1,1
19,2,0,1129.937418256176,310846.8144838761,3358.632897911177,0.005597158736092905,0,0,0,0
0,15,6,245.352939800721,32973.13975923104,1145.8500112563802,0.6876142454903562,8,1,0,1
3,15,9,226.77168138326576,33670.01857040149,2776.844866637126,0.22792589168953076,10,1,2,1
10,1,0,1651.5330987773787,227553.78317576263,5532.671604389255,0.022051293007354034,0,0,0,0
20,4,0,1457.6274171979828,396003.91808954254,3848.8766054775965,0.01864145102907308,3,0,0,0
0,8,3,565.8100484433137,29209.373484795633,1327.0614730512646,0.584330393643226,8,1,3,1
11,4,0,1689.1298822624412,176216.65298546595,3473.102950504322,0.009508227821768252,1,0,0,0
4,14,9,255.72751613571788,25394.247106630748,993.2629943953201,0.3595699899883514,2,1,0,1
4,23,6,787.4320651590792,24886.911018924642,1049.8788999987014,0.2458661462613262,3,1,0,1
0,7,9,370.21004916989244,28653.13006361391,200.0,0.3682018883498448,2,1,2,1
20,1,0,1090.780366993937,282925.49116653367,6342.19917460975,0.010312080657946428,1,0,0,0
23,24,7,252.1886025276919,18551.269082346866,1878.1585866905677,0.28269685232708,5,1,0,1
18,2,0,873.5831996045397,352977.2501615171,7110.6562944078105,0.016012613053586224,3,0,0,0
10,4,0,1374.5312779612877,362702.8665919219,4984.69665651533,0.02290784992124041,0,0,0,0
1,22,4,385.0180733848771,26569.88429515716,1460.6605652456624,0.1,9,1,2,1
2,15,7,75.84035140375136,28307.91636477173,2408.5924973230426,0.13730110578800397,6,1,0,1
22,1,0,1028.1673417633133,195934.04205828183,6914.114793414294,0.001,1,0,0,0
12,4,0,684.563316648963,221458.80066773435,4427.738727634785,0.02982117875346927,0,1,0,0
5,17,5,92.83816161486345,1000.0,1448.0519795641571,0.17279643479066148,10,1,3,1
4,21,6,531.5567512319192,66138.98996280946,3000.0,0.22959200493569637,4,1,1,1
3,10,5,554.9462694699807,28043.57296536387,1423.3556019753105,0.3463479667687779,11,0,2,1
16,3,0,795.1383846710885,290637.2214031391,5038.826608177538,0.012093329996803813,3,0,1,0
19,1,0,1459.1219887803295,351753.09627246583,7353.160840277482,0.023851094265085037,0,0,0,0
2,24,9,622.7883439802633,21760.068185910015,3000.0,0.31083207890489734,6,1,0,1
5,13,10,575.0652395030877,20144.70329997333,1358.4700856514296,0.25116356608682605,11,1,3,1
20,4,0,1336.4937486733709,253184.2325152422,5961.961380822253,0.008196952433627716,3,0,0,0
1,8,2,546.9270725214152,34441.306025842845,1407.2620204241168,0.28789722135926954,7,1,3,1
18,2,0,1221.3114842259479,271862.9464472757,8570.767713048579,0.025732563715787152,3,0,1,0
16,5,0,693.1593754392646,445057.5700819326,6476.395037901977,0.030701904616417475,2,0,0,0
23,8,3,509.6905909118899,53346.84730041066,3000.0,0.13952565522739177,8,1,2,1
13,4,0,1210.0456336104044,387973.8674219885,6026.257236355405,0.023834273686421468,0,0,0,0
16,1,0,798.9817470441911,135442.29410672572,3000.0,0.0220149451784469,1,0,1,0
20,1,0,1487.4833170304478,293312.56959551515,4710.20935232357,0.02211799200441493,1,0,1,0
16,4,1,1671.6200862157064,419377.3658263583,6080.780253557089,0.013122549363916427,3,0,0,0
23,18,5,523.7857570867146,17459.15996468714,1479.1103675741833,0.4481944142267604,9,1,2,1
0,18,6,289.63609450813516,23459.769402844624,583.7355957561538,0.20650358295353563,7,1,2,1
13,5,0,1381.969891226413,354024.0544084207,7247.902635753198,0.033133702511779946,1,0,1,0
3,18,4,315.9433534464807,41584.78274204411,2682.410738234903,0.5336922898643734,8,1,1,1
2,15,2,437.9122331105867,32876.28749247059,1312.9622311877222,0.1,11,1,0,1
18,1,1,814.890059493174,256238.197571346,5192.54533467608,0.019071054860828187,0,0,0,0
22,5,0,1914.234680990429,281427.286888285,5916.012297542798,0.007211948029472807,0,0,0,0
4,22,6,244.57650174691986,54279.331216286955,1046.8661303014262,0.5131495260758131,3,0,1,1
4,21,2,615.6642610662461,16504.88002542052,597.8247129425558,0.2565516777994083,2,0,1,1
4,24,10,536.0431290858667,30787.008749643734,1063.4336721566792,0.1402197979580707,8,0,2,1
13,1,0,1019.5895525538375,251430.45936288437,4087.102821529649,0.005549586294204149,2,0,0,0
4,19,6,50.0,40136.24123962281,1345.4185419962696,0.49486331557493224,2,1,2,1
4,14,10,563.6933861798955,38117.9755015666,1916.5069276601648,0.5274284630830874,9,1,0,1
23,16,9,380.3267954549157,57630.59340155557,626.8041694480763,0.29012697466777393,4,1,3,1
4,17,4,422.46766585282296,26936.282515964976,1828.1989206486282,0.18291167663751756,8,1,0,1
1,8,3,755.3848265794611,1000.0,1832.5270165946552,0.5547059871306277,6,1,3,1
1,11,9,360.1918180835139,25204.642765453696,1128.0894843467229,0.49431647320121164,10,1,1,1
16,2,0,300.0,520478.560912115,5411.75545974928,0.012906378426868328,0,0,0,0
5,17,7,257.5517430576629,30185.868003652577,2619.548471419401,0.24180988320352878,6,1,1,1
21,5,0,2144.7562812680853,369804.9258314823,8378.987469100319,0.024052852402309168,3,1,1,0
18,1,0,583.4087580342529,363536.4461171405,6750.808195952234,0.021677603184711774,1,0,0,0
14,3,0,1137.9805364593474,137797.36217124655,5814.025433951496,0.01212585217101145,1,0,0,0
17,3,0,803.1641279601513,464347.62709769234,6007.21470741526,0.02601275181129755,2,0,0,0
3,17,9,624.879519697073,29794.561605239924,1387.0128827908552,0.1,4,1,1,1
17,3,0,1633.376521339154,405869.5226424739,8741.023118568948,0.02774206089861576,2,0,1,0
15,5,0,1300.5325041833971,129714.9439044068,6737.159397573797,0.019711991803001185,3,0,0,0
15,3,0,1723.3896676800653,361624.3809698543,8146.329635195924,0.008333064608100033,3,0,0,0
13,1,0,1520.8627164651248,311675.48178384843,3299.5638061758264,0.021827307984109454,2,0,1,0
18,2,1,1421.8656389475304,385657.0113764047,6587.132267789127,0.008638429907533033,0,0,0,0
13,2,0,993.3291571864124,249207.86735469353,7770.581030847683,0.01789731816311372,1,0,0,0
23,12,8,368.3033224659151,28057.34558930794,2403.369846617976,0.2560154216272068,4,1,2,1
11,3,0,1766.0032257143446,326044.9925169518,3000.0,0.007781451713950224,2,0,0,0
21,4,0,1099.3682891892413,512131.5929734298,8924.95243278835,0.01138413352886799,1,0,0,0
23,24,6,362.5502270925161,12414.368874460415,2074.752699418426,0.1534788697183309,2,1,3,1
0,21,9,658.9587427090221,49105.168954667446,890.7037966967615,0.14121314078251662,8,1,2,1
14,4,0,1717.2948209398428,370896.82397369976,7133.270274030182,0.022676150584813634,0,0,1,0
14,5,0,1247.3838194956882,278559.33152512414,7143.871539202137,0.025752749333622718,2,0,0,0
3,20,3,574.9366461091273,46783.07465924442,946.1778120470499,0.4620823451923942,3,1,1,1
1,7,6,428.91717631005366,1000.0,1427.3247363804342,0.36450483682141327,5,1,0,1
4,15,8,695.585403349769,35457.11992732614,2302.1832457304467,0.1,11,1,0,1
11,5,0,1019.6024267494361,316591.81710960413,4844.870307142329,0.03084667749509014,0,0,0,0
5,9,2,310.73718247015677,31362.461428679828,1311.690126002826,0.1,3,1,2,1
3,11,11,446.1507394084772,24596.306244239684,2027.3546827336545,0.1,3,1,2,1
2,6,10,278.00054126477346,29074.173434988053,1326.7962995100136,0.24366273247513948,9,1,3,1
1,17,9,427.4864142872097,25486.88051782305,2307.809591252927,0.4317596974075304,9,1,1,1
0,20,6,215.62854241316361,20079.296501781573,266.5314779739442,0.38123575961593315,10,0,0,1
2,16,6,307.5909820467034,29642.77053292387,1030.672912579776,0.5304405764691107,2,1,1,1
11,1,0,1630.8649905763218,191419.25864934656,8258.843778857165,0.024038085256984917,0,1,0,0
19,1,0,751.341350820163,147925.24751911106,8632.382340632854,0.02548735831492293,3,0,0,0
21,1,0,1385.2897824000538,412107.63684490114,7921.007710153582,0.01591391786115984,1,0,0,0
3,7,5,535.2286707611654,32637.084500749792,483.923730278638,0.319615640151565,9,1,2,1
5,16,4,389.0374895787278,20117.719017241594,1353.1552944705413,0.1,7,0,1,1
5,20,4,227.1500578081589,39679.46396086458,830.8699413351861,0.45522575391141373,3,1,2,1
23,9,11,375.8826972860918,57070.02524000858,2822.3334429479505,0.24224132185548156,6,1,1,1
5,7,8,877.2087743973493,28590.560081169755,1354.0243910058512,0.363422999124092,5,1,2,1
2,23,3,269.90300025921215,22185.82738255073,2012.3078139009385,0.358478033193112,5,1,0,1
21,4,0,1116.096987698196,374313.3265424835,4875.700541801394,0.014440228737836095,3,0,0,0
2,19,9,365.10148585233435,1000.0,875.4108132966692,0.23667053283627015,10,1,3,1
13,3,0,1996.946265538378,292920.757481528,3000.0,0.031246654557934045,1,0,0,0
12,5,1,1081.3593567908513,299233.2197951932,4188.663328681966,0.04038305825759681,0,0,0,0
11,4,0,672.8805870322398,349232.3063912341,7144.358767449295,0.016582168617314548,2,0,0,0
2,8,4,520.4890901504676,64305.70394739637,2422.5136240841784,0.3777607936656614,10,1,0,1
4,6,9,283.8700448858188,48469.24808672581,2501.36029042977,0.3576847217155906,10,1,2,1
18,3,0,1038.4404356542345,209737.13745937805,6788.229948829218,0.022644577774446232,1,0,0,0
12,4,0,1505.2248062954218,321656.05471382925,3237.374331210799,0.016124822170914484,0,0,0,0
14,5,0,1564.5098559336222,439380.2351143269,6224.643737272223,0.026470066499113067,2,0,1,0
3,7,7,381.6347178733675,19040.866173780363,394.214281973223,0.3359013935191379,2,1,1,1
1,19,8,420.0232350253577,36495.150410966366,899.7144071084606,0.3465444599649312,4,1,3,1
1,6,2,50.0,29174.620519831875,2022.332068390322,0.38914936141887047,7,1,3,1
2,6,7,414.93376790750057,25067.635796309984,1395.2987438840905,0.27377789309743433,6,1,3,1
10,3,0,1479.1228542934618,162030.73520670994,3290.0544585731127,0.022988837770796588,0,0,0,0
4,8,11,515.6109581259495,33614.18974300567,935.7132919880406,0.2630630576381908,3,1,2,1
11,2,0,547.3058400889145,159343.5756720266,7741.724177859094,0.03247863997801573,0,0,0,0
5,21,8,504.73853935097503,54898.202455585415,200.0,0.29941079731290987,6,1,0,1
12,4,0,776.5775830622845,287632.78539819154,4028.9323168016163,0.020678522418095504,1,0,0,0
19,3,0,1902.2099920280348,433249.4359950694,8103.5033999187535,0.016546281823208664,1,1,0,0
12,3,0,1909.334022801731,247814.45421028457,6063.5444518726335,0.0237870195990776,0,0,0,0
1,22,10,50.0,57709.907058165314,1314.277072240032,0.257773985184802,9,1,1,1
19,3,0,1512.58696569898,160981.7514608717,5870.137543457388,0.02454068206073728,3,0,0,0
23,7,10,231.00421019780342,26008.612897323917,1420.8019111890262,0.4844164210387232,4,1,3,1
1,13,3,455.9607260913763,24432.73718649204,1473.9696043077004,0.3780989877912758,11,0,0,1
4,10,3,326.8992489207375,47421.18816099348,2737.3854540213524,0.31171343129912843,7,1,1,1
14,4,0,1173.8184086311314,263520.94183864957,3000.0,0.02348985033294006,3,0,0,0
23,19,11,456.46926161837393,26240.91745893529,1518.5371180635448,0.10567798078143342,4,1,2,1
21,2,1,1449.9814792256627,322728.8882845463,8778.069351096397,0.03317637276628187,0,0,0,0
20,1,0,473.8516841213019,211283.11510949966,4956.458148818356,0.014930360463042809,2,0,0,0
2,12,5,938.7395177420422,37651.50469873466,1940.6223466742301,0.3336526527251358,3,0,1,1
0,15,4,441.28904244282165,26926.990629580116,200.0,0.27148905284845415,8,1,0,1
3,24,7,386.94196280512296,12636.721188197604,2498.934725472961,0.14356814923270234,11,1,0,1
2,18,2,277.9575478790654,35651.69537090722,1981.61285365619,0.1,3,1,3,1
0,21,10,999.0695840034175,10361.84903845168,329.65820732350926,0.2789001397309984,4,1,1,1
12,5,0,1863.374362803796,331609.6755460627,8460.505963598413,0.034899263536002784,3,0,0,0
12,2,0,1440.2039188908748,321457.835371222,7585.0835725206625,0.019305487253593073,3,0,0,0
10,1,0,1185.2388637084932,297235.8702396452,6554.893165221588,0.022140379447212928,2,0,1,0
19,2,0,1124.8833487375446,100000.0,3000.0,0.014094990190361378,3,0,0,0
4,24,10,453.0264520648295,10424.10316461423,841.1929779482724,0.34336576618433295,10,0,3,1
5,6,4,723.2517149782652,50427.30129388394,501.4506614835319,0.21289828392330507,3,1,3,1
18,3,0,1187.007460023246,194686.14901004243,3000.0,0.00776084795161287,0,1,0,0
16,4,0,1108.8914895024145,270594.58360804676,3510.5737272464257,0.01616189537987201,3,0,0,0
18,5,0,1195.6395211602478,230745.504381106,8979.006727234462,0.022195261375028325,1,0,0,0
11,5,0,1307.5244788728169,305726.2114340345,3739.788891886635,0.018870802278253277,3,0,1,0
19,2,0,1168.4431112340017,120773.37942161402,8838.692464455027,0.025613686341043267,2,0,0,0
11,3,0,1352.2621685441109,262034.6410908429,4498.0646043935385,0.034124145312183315,1,0,0,0
10,3,0,1821.131728079537,397078.4554277143,4040.297522466838,0.026321447084375785,0,0,0,0
4,9,10,90.8573890364977,41300.313608020624,1055.1496319199382,0.43518337440468746,6,1,1,1
3,8,11,254.0296644418118,20405.922988856695,200.0,0.1,8,1,3,1
16,4,0,1444.9600643192055,256482.1227301217,4425.368755536813,0.00838441181701665,1,0,0,0
22,5,0,803.2909415682641,241321.11925289218,6249.52238267754,0.022756329678837332,2,0,0,0
23,6,5,701.9626733677976,30906.991845897195,1165.0792908453818,0.18255501130565627,7,1,1,1
17,4,0,1127.711083927288,393930.3383562338,7620.558240602622,0.03765269669394947,1,0,0,0
4,6,7,412.1045058224124,43926.682336325226,1242.7010035104665,0.308177059657594,2,1,3,1
14,5,0,1247.8391818299435,303273.24776570324,4488.593992880759,0.009285831200384717,0,0,0,0
12,2,0,667.3582725552019,370528.34899766557,6905.622786610142,0.013176772214316863,1,0,1,0
15,2,0,1655.9216865001943,347796.9977599235,3290.4229653255684,0.004179674224318447,1,0,0,0
1,9,2,251.6387375387483,9539.785069056314,1311.8856766097517,0.20050804394955396,3,1,1,1
23,24,7,156.29546421241903,27899.451713257873,200.0,0.2633810444454281,7,1,1,1
3,14,7,701.8213951523876,33939.050516187395,1879.619268795698,0.495789959595322,9,1,1,1
22,1,0,629.7263673710015,389429.0528046484,3695.375376156395,0.0277330587312418,2,0,0,0
18,4,0,568.5519406283577,220593.52696568728,7302.8996720264495,0.018086502516436946,1,0,0,0
10,5,0,1537.322669773182,250410.1843704025,5391.799772361703,0.023893470228067905,3,0,0,0
22,1,0,1495.9683040986201,276828.5033088588,6438.290677314695,0.019397267282220573,3,0,0,0
10,1,0,1909.193540838809,301415.94795185036,6103.14918190533,0.003935641435313671,2,0,0,0
17,4,0,889.9409422195671,245907.27714051312,9077.624425512065,0.0025412058870840012,1,0,1,0
16,4,0,810.0836489608638,253245.34521172033,3000.0,0.01009514200752344,1,1,1,0
16,1,0,428.5545078452958,286897.95759575005,5672.61847378184,0.019783951026065838,2,0,0,0
3,7,6,178.9926938362043,24813.481819358334,3000.0,0.13333775735036557,6,1,1,1
4,13,5,288.3398973330238,31434.161937613346,1226.5739076958102,0.25911493403978797,10,1,0,1
20,5,0,1016.4403648836488,349851.0804201181,6097.822196034941,0.021878917997411224,0,0,0,0
2,9,8,358.51295628823806,18901.384184618182,1222.2247168486667,0.19523558540476724,4,1,1,1
17,4,0,1233.4349461537909,298076.49108810746,7437.899154018712,0.012448291588436664,2,0,0,0
5,18,8,563.5991865497489,34740.22928414155,2180.8284129196004,0.1,10,0,0,1
3,22,11,487.61458871312595,32435.116672072807,2200.571340586877,0.13897162496754817,8,1,3,1
23,23,8,178.946866505697,33513.48065557634,2030.0735555650058,0.25644879338433657,8,1,2,1
12,4,0,1402.5517994778647,364614.02606020926,5921.941447500987,0.021257505600311557,2,0,0,0
4,9,10,416.4543972974324,35576.95055062003,2538.293391238968,0.24556975370865214,9,1,2,1
1,20,9,819.6702471740807,5052.05060819706,1465.954617358384,0.2849871281932797,11,1,0,1
16,2,0,1318.0451068308569,329881.4224908147,3565.505755148577,0.018743093797373815,0,0,0,0
3,18,9,515.5654409341386,9577.332736984186,1752.166817295586,0.1,2,1,0,1
13,4,0,409.1547282182179,216058.21893402823,3000.0,0.03361045597659923,3,0,0,0
17,2,0,869.8581372152375,548720.0767392342,4755.913051115893,0.01675067265648056,2,0,0,0
15,4,0,1017.5702909153479,389423.75132116675,5211.213795664838,0.008144448828617796,2,0,1,0
18,1,0,662.1243199000188,176814.12889280223,3492.445855636914,0.015653724779854,1,1,0,0
21,4,0,1375.0622515633002,174748.38077923277,3935.7158000863105,0.033380689892965484,3,1,0,0
3,22,9,302.5987000316509,38502.9863982745,390.69683680125877,0.22944363291982522,2,1,3,1
23,16,5,370.19993720792746,29735.879124814415,711.2606229313391,0.24117272518573812,2,1,1,1
13,2,0,1624.0615658983004,280465.90035414073,4716.014688097711,0.006861388398124968,0,0,0,0
2,17,7,498.8620603091275,15502.577662229807,2331.2291683486355,0.1,11,1,2,1
0,24,8,370.22659628369405,5317.115121015191,2370.1959013986225,0.2849882112125926,2,0,1,1
10,2,1,1750.2207653452829,281843.05458068877,5392.671451260058,0.011743670607477046,2,0,0,0
11,3,0,931.1273455306048,100000.0,7365.432161858284,0.008685212361249391,3,0,1,0
4,20,5,396.01063435100934,31017.78070217338,1633.6901915836672,0.5438439354113345,5,0,1,1
4,17,3,532.1594592660384,26724.253093988857,1416.9613402735497,0.4686236974636868,6,1,1,1
14,1,0,1671.0825417420074,336374.4644160269,3000.0,0.033365826377007836,1,0,1,0
5,15,8,311.2582701921496,29981.429034928962,2489.5778294290744,0.43578710919964153,8,1,3,1
23,9,10,183.62157630140206,50333.41413571547,1030.6154932615082,0.28246092218845553,9,1,1,1
12,3,0,1085.90346387705,651367.6313065459,3008.791644118565,0.017255402596089486,2,0,0,0
19,5,0,1541.1223602227099,348839.9562362445,4421.716360390152,0.029037409369574073,3,0,1,0
17,3,0,1584.0655587222427,325288.32771300833,3424.6123722691786,0.014770087263780301,3,0,1,0
3,22,7,540.1798671309195,38638.09403536737,2163.437602807817,0.3460860099338621,2,1,0,1
14,2,0,1604.1767531306145,149335.58777462464,8199.349618788432,0.02265008153032321,2,0,0,0
20,2,0,886.3594505993569,348470.1750224284,6971.6662938518075,0.015744699292718968,1,1,1,0
1,19,8,529.4768390594703,38914.140355035954,200.0,0.37081815250233785,10,1,0,1
5,20,4,658.8680178162443,24782.682033463145,1502.0419076999883,0.3045132854519401,7,1,2,1
1,9,8,236.92366239310257,5462.326049441064,703.1876477440181,0.1,11,1,1,1
22,1,1,1230.811208338349,268315.67808884376,5798.006717161138,0.020658861146708313,0,0,1,0
4,6,11,174.78691355366055,43477.060329183696,1526.6981627569041,0.1,3,0,1,1
5,12,7,531.9105091531967,24844.49833811339,846.5713860049977,0.24298624527834428,2,1,3,1
15,5,0,1531.4819950428036,365526.6888852867,4540.053209846572,0.014121140165730902,0,0,1,0
14,4,0,914.2592866863522,244176.30664158484,4527.755411219337,0.005786251893648136,1,1,0,0
2,11,8,50.0,19140.713956220836,1314.4044746023737,0.27451661502985936,3,1,2,1
14,4,0,1562.2583613215186,303760.9446303738,3620.80832433978,0.030062395567583798,0,0,0,0
23,19,10,524.789205317807,34636.8596122782,1054.033614512306,0.5189351438808552,6,1,3,1
4,18,5,629.1375971093606,38500.865548169124,1799.0126652514223,0.2919156982507364,5,1,1,1
22,4,0,917.4934608383563,282023.23656717537,3000.0,0.00901886877789175,0,0,0,0
12,1,0,1075.4523034916026,299368.96363352693,3000.0,0.0012217539138689448,1,1,0,0
18,1,0,1587.681288711601,369816.4421750891,6057.895041958558,0.01556143060503051,2,0,1,0
1,18,4,358.39001766930943,38465.7795327281,2257.1802975292403,0.3954198862705845,9,1,1,1
2,15,2,251.71592891610842,15225.44919664934,2274.702363346714,0.47140129302360395,4,1,2,1
17,1,0,1582.157198582943,325534.0100090931,5301.794687520738,0.013467547763033487,3,0,0,0
22,3,0,1014.1252309903439,272276.330145322,5815.939932821314,0.01778074849801327,2,0,0,0
17,2,0,1249.0324274721893,271641.28397806163,8557.972831321309,0.01516929096522566,3,0,0,0
4,19,5,234.8648426702577,49249.00212757042,1071.8605344879068,0.12343562315658549,5,1,3,1
13,4,0,942.6742691360714,472110.3239138698,10000.0,0.012176666001504542,0,1,0,0
11,2,0,1242.4330841033368,206959.1016059783,7656.133969167093,0.02128609036161885,1,0,0,0
2,21,6,306.3596053745343,34630.74749357325,886.4649904382883,0.3600057766157726,8,1,1,1
4,15,4,449.0108308190143,59533.76284734617,443.8441960514922,0.2886679398425385,11,1,3,1
20,4,0,985.4183539908261,329079.58072297566,7008.798393150909,0.002715127948382315,2,0,0,0
12,5,0,1200.3502344962483,292884.39682042715,3751.3851873572926,0.012902883733312684,3,0,0,0
19,5,0,1402.0250665134201,441620.33220839675,7462.6255647912785,0.028594098168699685,0,0,0,0
19,4,0,1047.9712132430186,285676.445808644,6679.141853605435,0.024601438857666986,1,0,1,0
13,1,0,1267.7712335635795,301067.8863235011,10000.0,0.021044591854744065,3,0,0,0
2,13,5,540.9829458985721,31965.13331793392,1396.0069901820636,0.40105543249946485,9,1,0,1
21,1,0,1724.3530906754786,100000.0,5876.899160655357,0.012999297483887489,0,0,0,0
11,3,0,2116.442869847496,318050.46338890865,7438.531708262502,0.02749460539690827,2,0,0,0
17,4,0,932.734163690589,360525.1058690934,3280.199089541237,0.022848547625031492,3,0,0,0
16,3,0,1237.2267105126236,506318.341931558,5731.895307376797,0.019672691621546043,0,0,0,0
18,5,0,1643.592095410841,392761.8890615287,10000.0,0.019260803060317036,0,0,0,0
4,11,10,355.30584156678094,18308.359364643613,1633.8999320240443,0.1301654814859246,3,1,2,1
23,18,6,50.0,5765.835671764493,2036.6440771751263,0.1,7,1,0,1
19,4,0,1098.9589249515363,389833.42466106603,7203.220965175118,0.01984552907642579,2,0,0,0
2,20,2,180.38097024280071,20327.214937565946,293.6649860398643,0.36294162150951165,5,1,0,1
15,5,1,1547.9302725584052,175019.60927248577,6095.214328892315,0.032253763246753636,2,0,0,0
23,13,9,392.6772600415267,24648.954717399163,1543.925206563786,0.4961207131851829,4,1,0,1
12,2,0,838.4778486257808,258005.57604313007,4213.648438014876,0.015597176166197869,0,0,0,0
20,4,0,1227.9551983477634,361152.1093704126,6188.085581988718,0.0121200208974004,1,0,0,0
21,1,0,1700.2832473076605,282910.5801833136,8769.420668560859,0.03086592709372847,2,0,0,0
0,10,5,478.38431686782843,30600.286336213183,2955.767647824179,0.1970850614199326,6,1,1,1
23,17,7,670.933814536121,11387.313669532912,2148.4490055857887,0.20258026305936672,10,1,0,1
1,18,8,50.0,31212.46709840117,816.1836511616301,0.35369046738188165,4,1,2,1
14,4,0,2020.9955715187596,218654.5276271018,6602.495786037107,0.019865041883131537,0,1,0,0
2,18,5,50.0,44300.642572010416,3000.0,0.17777056306539393,7,1,1,1
23,24,10,229.20966277911742,21246.831320464647,584.683498739395,0.1,6,1,0,1
23,10,8,280.65394153876923,23908.933937717462,2015.0136012750181,0.20779717005550777,2,1,1,1
2,11,5,219.91229171785358,53210.075300785895,240.834360847673,0.1,4,1,0,1
12,3,0,1265.0421380200153,351376.83344017714,7225.412659238605,0.027579370200416325,2,0,0,0
0,20,9,429.1390812408384,33266.091927458445,1738.1425917993529,0.4024335054045395,2,1,2,1
22,2,0,2021.728882225093,107873.89922498653,6584.94608444618,0.023285286912260506,0,0,0,0
4,15,6,470.9685286271339,13968.476647258516,1308.3292607838418,0.2867309136111674,11,1,2,1
13,1,0,1228.3435619281265,344523.23628985015,4035.2960423011555,0.02146352246709576,0,0,0,0
18,3,0,1329.010505302387,267418.8217510266,4547.262374559071,0.02229593369282579,3,0,0,0
2,10,4,500.3429421964603,18495.06837158062,258.45203697380566,0.6079372157269773,7,1,3,1
11,5,0,436.5249148916706,313323.8286586444,7399.133229703088,0.020231465499692233,0,1,0,0
21,3,0,1473.0547524851559,293670.4741134201,4605.964871527411,0.025856775467607465,2,1,0,0
12,2,0,758.3626755317816,315637.7191992616,6920.394330030236,0.033939025239838896,1,0,1,0
23,23,8,476.74559095577445,33527.76618543945,200.0,0.2154294651016128,6,1,1,1
4,21,7,808.6229867533485,43589.220817355505,1432.3734184427465,0.3790198845693459,10,1,1,1
13,2,0,1299.572842384107,304081.85663894354,3000.0,0.01665336429087167,2,0,1,0
15,2,0,792.7348858163633,219718.0827083007,6512.806546308736,0.010137040391304957,3,0,0,0
1,6,9,259.559883294082,25617.855000270567,1348.7635358875502,0.1,3,0,1,1
19,1,0,1670.0631305176566,418685.3790504875,5636.493652948421,0.009972901457496009,2,0,0,0
15,2,0,718.6343720115483,391211.4777105659,4783.52313352462,0.020340547604920673,2,0,1,0
5,21,10,616.7329823661944,27592.345748175023,447.7076271621486,0.39400404927832355,3,1,2,1
1,15,2,589.9600091802319,20910.795209605458,1672.9890019493887,0.33475329557508043,9,1,2,1
3,13,10,118.51787000618805,41664.3166632093,1123.596829157681,0.12970774902199905,7,1,1,1
4,12,8,643.0178586697937,7325.50283398934,200.0,0.32896121533814593,6,1,0,1
19,2,0,1380.1275307122896,201945.36728836974,3102.612266670098,0.024478487326490578,0,0,0,0
21,4,0,1809.1743697935174,307424.9582250865,4864.630543848687,0.02348293172679538,1,1,0,0
12,1,0,1392.3500261783865,394269.5667499274,7590.559314631418,0.024416910823860296,2,0,0,0
14,1,0,1734.9688166290891,299290.41404274094,6303.563136813387,0.01255122756262605,3,0,1,0
15,3,0,1250.7876320319149,360022.50417454384,6626.287451075376,0.027119749404149303,3,0,1,0
22,2,0,1015.9142963691802,324245.2703391367,5560.496628284773,0.007129071692007405,2,0,0,0
2,12,9,396.7288015012708,26261.608718858828,2636.702239899092,0.23621050804196297,9,0,2,1
13,4,0,854.2033552973451,302218.9938606688,4455.165495333779,0.025231184871522507,0,0,0,0
11,5,0,1333.9934221991698,366321.84207404347,9412.934714260275,0.012574047584103864,2,0,0,0
18,5,0,932.9261381227111,362483.88021620404,9779.553776026625,0.026692174869335252,2,1,0,0
10,1,0,2125.892921816368,469981.96379523637,5884.952979693906,0.012312107179574084,2,1,1,0
10,2,0,360.83812628445423,370609.413407188,5415.48394891975,0.020559402179970803,3,0,0,0
4,17,6,607.2124122410162,20882.349897362452,2764.132820580684,0.3432190942231052,9,1,0,1
5,22,11,541.9664147206972,34445.585130159816,1106.4342869471168,0.6533835724396873,10,1,2,1
13,2,0,814.5634379917117,447580.9645436334,6335.448099275917,0.026577609085446662,2,1,0,0
0,9,2,195.62784589019398,33984.788102304556,2273.684081809848,0.1,3,1,2,1
4,23,4,498.9711347690161,31527.106931637703,1109.4933036853784,0.1,11,1,1,1
1,10,10,338.84927187426155,9660.510529349656,1001.5849153696431,0.2361161595021689,5,0,1,1
23,8,9,50.0,22899.01072605199,2263.5211184429654,0.16132350336277146,11,1,2,1
3,8,8,668.6553252365577,30646.10367445464,1872.8528237554183,0.2725638605870164,6,1,0,1
1,11,2,274.6147879611277,26361.421687001883,200.0,0.1,2,1,1,1
1,24,4,514.7838821662285,40129.711143883855,1039.0990234116157,0.1,3,1,2,1
10,1,0,883.6184477846343,243500.09767568315,7445.917512516884,0.011572023921914299,0,0,0,0
14,2,0,921.3180930804879,346002.8085116589,6740.6889788986355,0.001,0,0,0,0
2,11,9,364.7153101520504,11184.705410780494,1626.5504492531409,0.10187901823316706,3,1,2,1
18,1,0,1680.1961827094924,176028.98000296514,5990.097453076168,0.029421054703690608,0,0,0,0
12,5,0,1636.2070698970674,191430.42680033582,3000.0,0.01663613543597753,0,0,0,0
5,18,5,82.87693740488879,18603.10896287926,815.1632779244272,0.21265985662334333,10,1,3,1
15,4,0,1976.8312040660803,147816.6427549314,7185.355814523673,0.024178681561387465,3,0,0,0
5,18,11,129.69313496498387,32259.18039143055,1725.6417533115673,0.44469833756891164,6,1,1,1
11,5,0,1148.5390059978545,367059.662611107,3000.0,0.01876837050672513,3,0,0,0
20,2,0,1047.4820156781695,234245.84161367326,6222.906394430544,0.021100440589073236,0,1,0,0
1,18,6,316.536040571709,19596.246335552874,1750.3441428150772,0.49203011329171925,5,1,0,1
1,21,10,425.3475231465666,27226.76219360988,864.1916152110861,0.179165530341039,4,1,2,1
1,15,8,357.6362586839786,20203.716440591124,1656.5856784177151,0.36816174823702047,6,1,1,1
0,21,4,65.99610482601179,21780.59155821945,1279.3749132194782,0.38954048204568575,6,1,1,1
22,3,0,1136.191180773551,273125.40094962646,4432.1452182342655,0.042169313565903026,2,0,0,0
17,4,0,1259.3451434727942,301155.79227714194,3703.170650726943,0.03952232219795328,0,0,1,0
15,1,0,1588.086296908487,326658.33354284184,6627.421159922825,0.022924185474351134,3,0,0,0
3,18,2,357.7182405507583,42290.998516019376,2391.6778602737513,0.1829626543818768,5,1,2,1
5,12,9,371.73328315534303,47143.457734906755,1053.0082551044793,0.5180222417629013,11,1,3,1
23,22,11,60.36482881633941,50034.24735206504,2784.811317096679,0.16555721486781175,2,0,0,1
3,24,2,388.21969032008843,39190.8602695711,1298.880233476477,0.2460353583481334,6,1,2,1
14,2,0,1171.7084401915968,335882.85326452705,8106.124479511376,0.004713510348053071,1,0,0,0
12,2,0,443.89592132513155,269093.19777636376,5760.321926227913,0.03372607303404879,3,0,1,0
1,12,3,532.3693224884416,33616.814031839356,2098.6879044236466,0.19342145098768987,5,1,3,1
18,4,0,1611.7759650975809,240145.4683163964,4787.861641807207,0.01888008085365217,3,0,0,0
4,14,5,189.01578268945514,27388.442142789445,684.522286256035,0.21248401307759493,11,1,0,1
12,1,0,1620.1833121227835,421698.20392052503,3352.991294731498,0.023742479186332696,1,0,0,0
11,3,0,801.1635502938618,312738.50998269976,5417.4164267277565,0.012175972409041594,0,0,0,0
14,4,0,662.599708070192,290701.75926540495,5130.782181891346,0.023074165291822532,2,0,0,0
13,4,0,1660.4389381795288,498492.0994153825,7361.648418345508,0.02807374143816311,3,0,0,0
1,16,11,889.1187271212606,43413.2973006602,2154.7965482889012,0.38070663753638456,6,1,3,1
19,4,0,807.1332198060277,127864.60328059553,8540.796301274328,0.011516871036893155,0,0,0,0
1,6,2,307.08902868545186,10320.465155667895,337.995609360275,0.11154178424928227,7,0,2,1
4,22,7,520.4189556808174,39250.6328388955,1508.594572141073,0.15450825023248055,3,1,1,1
4,20,4,556.7411449747339,34567.323331807034,1034.6361072947414,0.1989849478759789,2,0,0,1
19,2,0,947.0194424196536,118442.07102104853,7079.213670061983,0.01854137445934639,1,0,1,0
5,10,7,593.3383245023094,10155.808936640093,1639.8696665664077,0.11385455737610267,11,1,1,1
14,1,0,1655.754772206465,211841.25869862663,7504.97310762382,0.029471657354585352,2,1,0,0
20,4,0,2091.855773369279,428249.20372746023,6569.0633326825755,0.04480665557862276,2,0,1,0
13,1,0,754.5253512377842,501369.8349534853,6298.163683569829,0.018260791874014838,1,0,0,0
23,7,6,72.78907085653475,23385.96295709433,1133.2312030949474,0.1,5,1,3,1
4,18,6,50.0,44788.955742979924,721.7180838445399,0.2836654493289205,11,1,2,1
4,9,7,118.74346203516484,23600.866436398297,2028.9506373517643,0.29549851191148757,6,1,1,1
4,6,11,391.7720052069071,33541.75437371205,200.0,0.32578469779605884,4,1,3,1
1,12,2,246.41855046395833,40368.41501868784,1884.7611245617557,0.20033430730179325,11,1,2,1
20,5,0,818.9387082402116,484706.7217888416,4264.6474241763335,0.012727494442676984,1,0,0,0
17,1,0,1113.9008567618432,421925.7989096647,3000.0,0.03573775582338054,2,0,0,0
3,8,4,612.4193551198946,19998.879234825647,493.03900675154784,0.24870963958757392,8,1,1,1
20,1,0,562.1150381828722,334322.57187170035,7771.99994954967,0.007058845252786671,0,0,0,0
11,4,0,798.9740600009777,214735.50903643484,8324.307761711054,0.026754027719082352,2,0,0,0
4,24,10,413.278280717133,30901.79377342394,748.8088033576327,0.46897213542991245,10,1,1,1
23,24,2,50.0,50236.01439900273,1071.8710554572583,0.21166327373132487,9,1,2,1
18,2,0,300.0,313394.0295930583,5761.003083692077,0.009861276855380342,3,0,0,0
19,3,1,1398.8880953773473,261673.53116642107,8779.455764970406,0.024587655211699283,1,0,0,0
18,3,0,1521.2241954635113,296433.73463781644,10000.0,0.027765485469286658,2,1,0,0
11,3,0,1480.7750961906734,195266.41056634212,9838.001110605364,0.007332126202261228,3,0,0,0
1,7,11,475.1303399832814,36221.400534083165,1991.4776421408565,0.1372186003174075,10,1,1,1
18,1,0,916.7054723341266,121072.80514511614,6837.786418301514,0.030497343561892428,3,0,0,0
10,1,0,1295.375937755336,211152.80333300753,5554.569839287245,0.008642974203620925,3,0,0,0
10,2,0,896.6009385707412,449029.6891669298,8159.865766001725,0.022506885778725495,1,0,0,0
3,12,3,614.2173762920866,37449.69292187344,1728.125556966766,0.26078332865954756,7,1,0,1
21,3,0,1661.155218051496,335185.9429446575,3787.7551328129944,0.017885394499774974,1,0,0,0
13,2,0,1292.6884000856767,277443.75216190354,5081.767898382361,0.04634025233221695,3,0,0,0
3,9,3,99.60595702308603,19732.068591264462,2374.116099787709,0.31807793512894766,4,1,2,1
21,1,0,1685.2058880320023,286140.57507969154,7860.964901847051,0.018946909006658543,1,0,0,0
2,18,5,139.1171909265713,6659.709624406591,1862.2770166606006,0.4849052860333301,11,1,2,1
1,21,3,162.20929273895868,55941.14477996199,2661.142926618594,0.3659113068888918,11,0,1,1
10,4,0,1372.9741550624242,100000.0,7049.733221057334,0.03297232670068963,0,0,0,0
21,5,0,1454.0508375003071,252140.94483694073,5757.027738934032,0.014262387216229317,3,0,0,0
22,5,0,1408.6698596686986,286787.51248858357,5447.63242647768,0.010804658155122042,0,1,0,0
23,10,2,541.9712069296012,8960.09304533137,649.0671371310419,0.25261781555834095,9,1,0,1
4,17,9,311.8620109917603,23242.07653408303,2483.838015654923,0.29369397235051703,7,0,1,1
15,3,0,1273.9256670448995,331341.2052663849,7649.958128900193,0.0336701688224365,3,0,1,0
18,1,0,905.8901122489777,233543.85925352026,8118.897678852033,0.05,3,0,0,0
12,3,0,657.9178370638265,291340.56233618053,6065.213965536182,0.027461274297952188,0,0,0,0
3,14,7,262.3891412221817,34206.10701173001,1326.0067207731195,0.4792875559864274,7,1,2,1
12,2,0,992.2634756475479,148626.24178250646,7115.650514499781,0.0041964855206442185,0,0,0,0
4,22,7,485.5639961567251,33581.23594561833,1333.887628617457,0.384863394266743,5,1,1,1
5,17,9,320.5666472157237,12913.392198256228,1395.748080952151,0.1,11,1,3,1
15,5,0,1471.4430636280763,244215.2144746563,4359.576560077998,0.0037944571945000213,0,0,0,0
15,2,0,1506.7951725520147,239255.91047167862,4092.250255535503,0.009958816794875648,2,1,0,0
20,2,1,1199.1149160160976,370563.12338051305,3284.8861070891703,0.021401378036100385,0,0,0,0
5,16,8,91.78306923580749,14355.189898609875,2247.421115029202,0.34566057904515957,2,1,1,1
17,3,0,1231.95042170809,413775.3042291002,9403.788874830578,0.04321155051988695,2,0,0,0
3,11,7,640.9672554213769,41280.50046660684,1353.8459485307262,0.1,6,1,2,1
18,5,0,1224.638342149071,346674.9234120287,5073.476213601971,0.021507666641911814,1,0,0,0
1,23,4,321.2620501171276,28779.466990544563,1665.7748932493682,0.3552997942165879,6,1,0,1
2,8,8,529.6891890002258,38585.897817618585,347.14396375302545,0.27767468259467937,10,0,1,1
11,3,0,1294.6275573652895,270555.0552975098,7118.542005494979,0.0076859121716069765,1,0,1,0
19,2,1,1245.3660792792632,396003.76056717447,3220.0017008394834,0.013825313270025386,2,0,0,0
0,24,10,296.6737493736807,39151.71100339113,1384.1981911927671,0.10391893707083971,7,1,3,1
5,21,3,253.5353731282686,24466.014373720765,1349.5805593170364,0.5487170108917507,10,1,0,1
5,10,7,387.83853150729647,3134.6689676404967,821.0218908574002,0.2156908301901534,8,1,2,1
18,3,0,300.0,365138.41605059244,3453.7726760431333,0.018797918465917034,1,0,0,0
14,5,0,1335.4332363545448,280121.4018771468,3000.0,0.00647622925250819,2,0,1,0
2,10,6,164.70993188988018,35679.2579086608,2167.7701180959416,0.1,7,1,2,1
15,3,0,300.0,469941.999240169,7124.148012489967,0.028431290081480876,0,0,0,0
2,21,11,62.37429093582938,38372.38409367985,1998.5137385912508,0.1,7,1,1,1
19,1,0,1040.9396743218242,195142.7531751751,4517.043640507871,0.016756394665944124,0,0,0,0
11,4,0,1231.2780526773702,176150.59809856932,7576.034715121277,0.021933266188006048,2,0,0,0
0,13,8,319.7373375216777,10523.54540706336,2124.843460046903,0.40435265868762593,6,1,3,1
5,14,3,478.97356724135847,17201.81503389678,1225.3773106916262,0.3169202187720094,11,1,1,1
0,21,2,706.1693135963596,35164.18579726208,2113.8915762222236,0.1,4,1,0,1
23,8,10,591.783863709203,30039.45214358241,2028.9146730863513,0.4069690270776992,8,1,1,1
4,13,11,747.6336163634464,26175.04640612272,322.55639244648,0.18872647731746456,5,1,1,1
5,20,3,671.0428403945547,30382.752390655838,1414.0275321255012,0.3356372714500308,4,1,0,1
10,5,0,565.5619230724355,288294.4676914736,4604.988924711429,0.012127778703595927,0,0,0,0
2,22,7,598.7468622229898,40299.90546492659,1392.7419889813996,0.26918804804163216,7,1,1,1
2,19,6,484.11967775641483,1000.0,1114.6686242453634,0.1,2,1,2,1
0,7,8,512.6174439617621,25876.745450941693,1924.4567987114972,0.19119371391525797,5,1,3,1
18,1,0,1629.9394886722544,465339.0116460661,3703.8029318530052,0.01871801857892714,2,0,0,0
5,21,3,750.1024647174906,54852.16850142264,2946.641634621633,0.3335333034055131,5,1,1,1
18,2,0,1290.164057051997,414465.4219248212,4512.574004426793,0.018271224772807123,3,0,0,0
3,23,4,69.3843647007107,31287.727817989293,1169.0397267195422,0.25794415794092096,5,0,0,1
22,4,1,1624.8765230508766,207684.2257192314,5642.162008426213,0.03210221031517156,0,0,0,0
2,20,8,315.0611117261744,17737.183639061805,1917.39218982744,0.26505443642163273,7,1,2,1
14,5,0,1732.8127246524934,362887.1254452503,6407.877378853112,0.013090983046455933,1,0,1,0
4,24,11,432.6732671621373,35089.79813631662,970.4349895628214,0.2890488439578555,4,1,0,1
4,14,5,78.86498718097926,28098.697877846706,2423.1228028074897,0.5076767698219927,3,1,2,1
5,16,10,50.0,33697.10268494461,1186.8182144306234,0.15862542650491812,11,1,3,1
21,4,0,1808.405976536959,325883.6406068425,4991.6902328927745,0.021081012631251655,3,0,1,0
0,12,3,633.6679992282423,13795.57370744579,1000.5047351757833,0.3378753560051885,5,1,2,1
13,4,0,2032.2770041721187,285076.3385168281,6510.2549038559455,0.024458215778764864,0,0,0,0
0,7,5,453.4295452505888,15254.127037668246,2854.7539905426265,0.3546675291895256,5,1,1,1
19,4,0,678.6761265567934,272572.68597256974,8044.791006950358,0.02169294224768925,0,1,0,0
4,20,6,289.38637616027006,33096.15609986106,1768.5395480365787,0.215014724971047,10,1,1,1
20,4,0,1426.6009820220875,467972.8476372106,8034.25358421021,0.009865927407263074,0,0,0,0
14,4,0,568.8774378961413,392001.3805542251,6494.667225667001,0.013087102565909288,0,1,0,0
3,8,2,366.96253431067026,20608.57688909232,1855.9722675492367,0.1,9,1,2,1
18,5,0,1269.1369242465419,220706.8703631165,3000.0,0.033498300199126106,2,0,0,0
22,1,0,913.8425715043304,101636.59073136264,5844.065216066404,0.03885223926798168,2,0,1,0
4,7,7,317.6167330762355,55040.66342078149,1138.4337206704304,0.2461856492087105,8,0,1,1
0,13,11,196.470608597394,62890.313326518335,1736.6002484008254,0.1,4,1,0,1
0,11,8,120.14703943222247,36787.3933133774,1634.5311809783527,0.1434482009266022,7,0,3,1
4,23,5,448.6669462501652,22301.81129707052,2484.1078499739697,0.3687645453511584,3,1,3,1
21,4,0,1184.9681634204303,258028.8663486598,3000.0,0.025142081526487406,1,0,1,0
4,13,10,637.455989837149,12599.448867056548,2575.92984968935,0.3850641322544933,11,1,2,1
21,2,0,826.4032161452174,325538.3365385332,4975.642028987342,0.020586420531750402,1,0,1,0
23,10,10,198.62050899324987,48885.56531557908,1923.901608379021,0.1,5,1,1,1
4,21,6,337.19964391517004,38166.43851997624,200.0,0.4476870996947176,11,1,0,1
3,8,4,425.49514936189513,34225.89419837213,1680.1868680878388,0.1,6,1,2,1
23,13,8,152.68153070799153,22268.62954753374,1130.3103094663165,0.16811936313312204,3,0,3,1
4,15,3,732.5099113625539,26902.920727625515,944.7023589386289,0.3630893290882508,10,0,0,1
5,20,4,722.3131120174155,22767.830916851854,419.04448445120556,0.10026322458024592,10,1,3,1
1,21,2,674.9132232993813,44545.38684310698,200.0,0.42740774416604144,4,1,2,1
10,5,0,995.6569297590464,484936.8791566662,5989.086756373711,0.02131162201209187,3,1,0,0
1,12,4,375.22231541801875,15446.937566376115,1934.2893967173686,0.2312608916421182,5,1,3,1
22,4,0,1159.7130983776092,487918.78850731306,5641.852015345491,0.03229046158974032,0,0,0,0
2,11,5,432.25498879605203,39769.13996889162,1711.4897723983918,0.2944420120165794,5,1,2,1
10,2,0,1526.6276095884139,231966.54888209346,3000.0,0.012117702629767153,3,0,0,0
0,14,10,370.74600915108806,27240.410583017696,1694.7661413523224,0.418756924474914,8,1,2,1
3,21,11,461.28731329698417,41605.6611995889,638.0227335691432,0.40643339792558225,6,1,3,1
1,23,6,646.0098426011226,17357.65078578241,2330.381908096998,0.622577923756803,11,1,2,1
3,18,2,480.03266341064824,9804.145014624803,1944.379298949963,0.35678774997299467,3,1,1,1
21,1,0,1663.4173805071123,401879.99801530153,8271.831858531976,0.0012767067316565954,2,0,0,0
4,12,4,507.93206047103484,37306.31064535512,1068.620449055461,0.37277956685143143,11,1,1,1
1,12,2,742.2007643597494,22294.248970216155,209.5515049358462,0.18958807474800504,7,0,2,1
4,12,5,263.887657354887,5029.422790911682,336.8930220002642,0.21041069377843755,3,0,1,1
23,20,8,429.13430339962537,13962.89461132585,1380.4708239677054,0.1,7,1,0,1
10,1,0,2366.813108483462,435778.4552058071,6639.863384275664,0.04526179449144864,3,0,1,0
18,5,0,419.2894065619279,244160.95625476987,7030.239058218281,0.015115935668528594,1,0,0,0
5,11,7,638.9187601137505,16919.478417886687,1278.6000743762115,0.32202237558081276,3,1,1,1
4,10,6,664.1527720673532,29577.774250110862,1242.6481019495773,0.2647797086876716,9,1,0,1
23,14,11,474.1778564892121,24979.23560570092,2498.3560666716166,0.46552530387821733,9,1,2,1
21,2,0,1509.1336197065605,418967.5198185023,4962.220260362574,0.016765200047443862,1,0,0,0
1,14,9,310.7050207471435,39808.01442871477,855.2709236743544,0.4738509729297958,11,1,0,1
0,11,3,488.2364733773333,25409.63948966179,200.0,0.14516501892186495,3,1,0,1
15,4,0,565.5324532236533,310972.72883043095,7072.510294132163,0.022429701004188344,1,0,0,0
20,5,0,1549.7985313592915,231570.20205961328,9185.552428742785,0.028085720133047144,3,0,0,0
1,8,11,429.3282441325868,26360.30065446784,1945.8488788400864,0.1262398690429249,2,1,0,1
15,3,0,948.6676661641796,378211.5604976386,5320.504275638382,0.017425794223107256,2,0,0,0
14,3,0,1130.0210556016434,170097.05169478737,7142.452313556489,0.03917743075820265,1,0,0,0
3,22,8,50.0,55505.69869676682,200.0,0.38770324789661365,9,1,1,1
0,7,2,576.0959202744934,9230.837539097938,565.277102745885,0.19738391231939534,2,1,2,1
0,9,5,528.2511036778243,34615.82227974287,1997.1289893879634,0.3756928279092603,8,1,2,1
23,11,3,389.5360024315759,56028.399658224764,972.163912915547,0.37385523183965313,6,1,3,1
2,24,8,221.18886784715494,39378.79883410017,619.2105264026825,0.35813490481210697,7,1,1,1
12,1,0,975.3061343757422,214358.04270386306,5102.509806260144,0.012973782415860328,1,0,0,0
19,1,0,1311.250195814442,386235.6164470016,8325.421187211934,0.02174385665532435,0,0,0,0
21,4,0,1435.6620844875458,100000.0,4045.3720230474573,0.029943869012795082,1,0,0,0
20,5,0,895.278300505948,431769.7681972382,10000.0,0.009798305836945884,2,0,0,0
22,2,0,690.0777538908494,289447.517267391,5820.040077322695,0.018410296238756976,0,0,0,0
2,20,6,553.0349650706959,40793.10344133535,2210.4414967527146,0.1,3,1,1,1
14,2,0,970.7876295151115,356747.8634137277,8899.439170722457,0.01578084259694451,2,0,0,0
23,20,11,424.54239606588067,34910.96831289059,2789.586506141467,0.3481508443206581,3,1,3,1
2,22,5,220.55802888685204,45112.30929712807,1246.6490308797386,0.26559990964871616,2,1,1,1
0,11,9,572.7969621802267,21366.613005374376,2773.646291529143,0.22008050355198136,3,1,1,1
4,19,10,50.0,43605.00893359484,551.9120601345053,0.2576603463369024,10,1,2,1
12,5,0,1184.1400695881925,349222.8455047962,3000.0,0.033994773331523086,2,0,0,0
10,2,0,1267.3532111132351,369464.41783379123,3000.0,0.02190147992125213,2,0,0,0
16,4,0,1694.8886571537532,311411.575013335,4606.23159440033,0.020375701503289084,0,0,1,0
15,3,0,1468.95718795235,328160.1753962382,6224.874652224358,0.019031702530350705,2,0,0,0
23,8,5,559.5508879059437,27550.031650255343,1773.1580974906592,0.3539365348686952,8,1,0,1
22,4,0,1225.9075158478527,404299.36246590427,5044.212331966405,0.013815540622787099,1,0,0,0
18,3,0,1268.1985229809143,388825.7399037462,3251.815005816826,0.026596295873137672,1,1,0,0
2,21,2,507.3278247458761,9371.129981383881,1860.0439806659863,0.11617768787486032,2,1,1,1
16,2,0,2087.26436217769,296109.48995794606,6757.111183637927,0.025817226240475177,0,0,0,0
2,20,3,213.11100277246283,10370.053205713612,2100.4297742034305,0.1342843806946249,5,1,2,1
3,17,8,602.4774292166937,26011.727768802557,2348.853328269538,0.2729934243640387,6,1,2,1
23,14,11,389.7152761414064,1000.0,2864.1598948955525,0.3969199362699334,10,0,1,1
17,2,0,1417.6059753225652,167954.22299159173,7649.452759812844,0.020473064700241746,2,1,0,0
0,7,5,489.58649583156614,45322.03881816302,650.2833729724538,0.4430902660126079,4,1,3,1
16,2,0,1515.0982165245725,100000.0,10000.0,0.016174531848629863,3,0,0,0
4,12,9,296.8218800157926,36340.683301323326,649.859593567618,0.2686136746434398,5,1,2,1
5,24,3,456.9201512035221,17684.479955725372,1936.5266887054568,0.2831530214384009,5,1,0,1
1,7,4,347.93443208390386,39641.74374695688,821.6476705926679,0.10783239862665794,2,1,1,1
0,7,7,256.1382120953648,4196.377386641598,931.4646979325727,0.19981735537677095,11,1,2,1
10,4,0,1525.9496471499078,175450.97948810505,3543.692591137007,0.026198340388780935,0,0,0,0
10,2,0,1380.7624790533348,369565.954429911,6392.337996932427,0.025053370849016987,2,0,0,0
1,7,8,196.58396375727887,35279.138820805456,1719.2899085272984,0.24811997780094058,11,1,1,1
21,4,0,1168.6279118861398,119928.25116284846,4503.742242787088,0.03820266331029392,3,1,0,0
4,19,4,367.06148623128644,30486.855043963995,790.464555729583,0.20174945753878326,11,1,1,1
1,23,5,406.6140901473161,32031.02087737305,1437.0480886247706,0.2481469021762584,6,1,1,1
20,4,1,1572.4505110751356,100000.0,5405.353576490837,0.022829428868586993,1,0,0,0
3,23,4,565.2179291504958,20337.126720520948,2068.204477599019,0.22788395404992393,9,1,3,1
11,3,0,1275.9655883680446,357513.51036511286,3000.0,0.040877204816772955,0,0,0,0
0,10,4,337.3251996738529,1000.0,1749.626080079697,0.574268982326436,6,1,1,1
5,10,5,50.0,29678.354551764136,2716.683540885716,0.24133860445188857,3,1,3,1
3,9,9,494.1806093174497,29219.304631967796,1628.3148569217667,0.43726322277414204,6,0,0,1
4,12,5,501.5400914165619,38304.11003298049,1572.434554565754,0.20432689012012242,4,0,2,1
12,1,0,919.713335783696,458001.8762323867,7723.855107193473,0.02233835802855694,0,0,0,0
1,15,11,126.49298965484155,15014.303032107033,1663.6470620716655,0.43083142293797544,10,0,3,1
2,24,7,620.9206768785855,21883.808928184382,1316.851264134855,0.45125427274139585,3,1,1,1
17,2,0,1149.7338458909912,366084.8133878432,4486.027351623819,0.0348287258989813,0,0,0,0
2,6,8,319.04324166425647,27394.942523830105,1251.4614024503385,0.39146667367954235,5,1,1,1
0,22,4,536.9581597439434,36947.03138482699,200.0,0.40788422360560345,8,1,2,1
20,2,0,1076.9242253972393,225521.7149882849,9713.272113270072,0.026268928194842976,1,0,0,0
19,2,0,1435.1112911558594,207394.7538120735,7918.839173466052,0.025001316508223497,0,0,0,0
1,10,7,383.61422155228473,25979.415385149394,200.0,0.1,5,1,3,1
22,4,0,990.2569749636912,263926.9441755594,6563.337139685546,0.01620863304885419,2,0,0,0
5,14,6,491.7827446170381,38199.206039309094,2128.4899052536666,0.12559237714572885,2,1,2,1
11,2,0,1454.140724519656,284075.8850988042,5548.208332475554,0.011802782384624665,1,0,0,0
2,15,2,571.0774389146175,26298.72354513064,1893.5874305997902,0.36574286071301393,9,1,1,1
22,3,0,606.6136191577002,347517.5156894087,5049.314914922239,0.029575221284125583,0,0,0,0
4,23,9,550.6606825024396,1000.0,1773.8452897886964,0.42209261492273265,2,1,2,1
2,11,2,382.5467514416279,6928.503381743121,2610.8705385442977,0.395919739591312,3,1,0,1
3,23,3,344.25280672541703,23960.35125599284,1475.7071022017026,0.5436403380294887,11,1,1,1
20,5,0,614.5494167870852,396441.74581203493,4416.493685658861,0.016437536216164415,3,0,0,0
23,20,8,543.7844461417177,20262.21597847969,1864.845329976512,0.3791621045938339,8,1,3,1
23,21,10,584.3109920836393,21150.976991787793,1944.6146717397908,0.36143907771796496,4,1,3,1
2,18,7,317.65169659033705,30018.7369299028,1420.8689066323707,0.384865460849907,4,1,1,1
11,5,0,976.4629211714966,290375.2454054965,3257.8096275278253,0.025968937035016043,3,0,0,0
4,11,8,726.9220439454612,25600.05769390453,1978.2837076121782,0.13209809435763709,5,1,0,1
21,3,0,916.2913131424604,448553.0729017836,5515.253343751855,0.018067301166216666,3,0,0,0
1,8,7,485.8223538069676,1819.442321428971,2148.9636654406195,0.10356547873771038,11,1,2,1
11,4,0,1569.5111410575907,321457.8926242149,8800.611614748557,0.010522634216321831,0,0,0,0
12,2,0,1614.1585799218974,410566.07277831703,10000.0,0.009255678714124986,1,0,0,0
5,9,2,489.4011513234903,1000.0,2069.0393095050767,0.3985627511438823,4,1,2,1
21,2,1,1146.7564545930545,197386.04224086416,6479.10924279272,0.006149892639961772,1,0,0,0
2,12,7,671.7580433452039,22833.857229180147,458.0280735678282,0.45925997444612776,11,1,2,1
19,2,0,1578.7899203502022,312488.72899010114,8747.29514340186,0.03662216427534441,1,0,1,0
4,19,10,319.04345402189654,45818.74668259133,1875.5588074794773,0.1,3,1,0,1
11,4,0,1237.0050417095017,387998.7515299927,6893.357872939787,0.02657761203944672,1,0,0,0
10,3,0,478.765295301951,414394.5570389136,9365.63914484872,0.015043930926669372,1,0,0,0
14,3,0,1242.1756904725482,377374.5417148722,9008.616005404754,0.018669809460683844,0,0,0,0
22,3,0,1107.4902938549694,360511.5334538943,3006.2561535186437,0.015920681874554664,3,1,0,0
1,10,8,402.5297989970917,40408.14438842129,2351.1244287677573,0.4118342514924413,3,1,1,1
3,19,11,429.07800028695294,22050.656315735618,2328.7596111038147,0.4725690145338528,5,0,2,1
3,11,7,596.865187682674,9464.32847371374,587.1065208722081,0.11861000572433825,3,1,2,1
0,15,11,192.60210689862856,33337.30784433807,1549.4121560332676,0.18297875574462685,2,1,2,1
23,6,3,164.5403571302571,48223.53557692139,200.0,0.26614759317596176,7,0,1,1
4,14,8,288.4486553161695,15266.407978944553,1152.567227050157,0.31206414108657704,7,0,3,1
21,3,0,1140.2613085348873,280978.4578648867,4457.005350952676,0.033568021601969256,0,0,0,0
2,14,7,487.6696508850257,5039.440279685434,3000.0,0.32321794523448066,2,0,1,1
11,2,0,790.6064854525226,272299.8816996138,6599.962405525153,0.028526322267071528,1,0,1,0
3,22,8,247.28266581601562,30552.399503151588,1651.6012864278323,0.3337554174537435,2,1,2,1
1,12,10,676.2062476860515,1000.0,2318.0252523000213,0.4171641027585769,5,1,2,1
20,5,0,1115.220428270424,331491.01318319,8916.399717626531,0.024450601859327594,0,0,0,0
0,8,8,240.89119191435734,15355.504797291933,1114.8395096538652,0.40603899885708983,11,1,3,1
3,7,3,379.2669467789158,49608.404118206716,2617.877800576366,0.3740037741014529,10,1,3,1
1,6,10,474.0249122106307,35982.71285763817,1458.6726453646995,0.17272764698561627,10,1,2,1
17,1,0,1507.9283612631145,489786.8075799124,8326.78312544983,0.030173385419714774,2,0,1,0
15,3,0,1842.9677388325401,459122.3199768241,6705.260189685482,0.02135251450382868,2,0,0,0
5,11,4,518.9958476769865,22483.59944310706,2581.035989579662,0.22815719889431868,4,0,2,1
3,21,8,50.0,30139.065189939334,1226.3320566016714,0.21613326289857843,5,1,1,1
5,12,5,316.8840092822512,48333.09928099254,200.0,0.38640168565685284,6,1,2,1
4,21,7,432.4588477732397,27559.643596900256,200.0,0.3552644200006892,10,0,2,1
20,2,0,1487.9456675388894,368125.6231620844,9996.223071670722,0.021483430605562896,0,0,0,0
3,16,10,507.5888743251418,57012.18321393445,2953.38480639648,0.21445465212068796,5,0,3,1
4,17,8,574.6651718233417,34518.53582553393,1831.4475412122881,0.20620712701278937,8,1,1,1
0,18,2,464.53260678609126,25349.844207899514,398.06703907689894,0.6388729000550568,3,1,2,1
5,14,4,877.7483159276578,14938.991925815286,2188.366048171172,0.2948502794306425,3,1,3,1
1,9,3,550.7606538812581,25883.707784059214,2471.4501405468136,0.33293390538163836,4,1,3,1
22,1,0,1189.7123711277773,356324.70008238347,7317.683968742965,0.018267751567367742,1,0,0,0
18,5,0,300.0,247702.2899536854,5378.25237024609,0.03516521822367803,0,0,0,0
2,22,7,603.4732136991173,1000.0,2109.9195188152135,0.49779620168761485,2,1,3,1
3,6,2,306.11940816607023,35655.08744339005,2152.634529037951,0.25157904811325565,5,0,2,1
22,5,0,1680.9723623118239,288935.0851569165,4315.138989137753,0.019626522810091394,3,0,0,0
19,1,0,901.3184414876416,277865.18316113215,10000.0,0.021747574608819382,3,0,0,0
16,5,0,827.5247870185831,248426.25272365918,7484.277846761263,0.014074234246864993,0,0,0,0
3,14,5,547.3395846952928,34876.231971387584,1249.4015876105395,0.21469016683875614,4,1,1,1
3,18,2,465.4777078388815,34613.587380465884,2296.1727963073445,0.1609066959831541,6,1,0,1
2,15,5,177.9377758790631,17698.182856783482,2997.851890733035,0.3317655818933158,5,1,0,1
18,1,0,1097.429932348568,212531.96986607244,8988.117833294778,0.03695487505135322,3,0,1,0
1,15,3,265.8375057368083,23774.27133500474,2964.2108763022898,0.2820693088293221,11,1,3,1
5,24,9,429.8268548299779,34708.45755455426,2404.148382612431,0.33900244645576066,9,1,0,1
2,18,7,582.4312845542916,25352.682319264175,404.2822015432032,0.2696156508584749,10,1,2,1
1,16,8,413.7952479272088,43213.578551616796,1672.8913966334512,0.23569425860292295,4,1,1,1
18,5,0,922.9657120358005,244458.901298366,7479.516367954876,0.03122542795506654,2,0,0,0
5,8,7,722.8010865753097,9554.678353369982,1666.9463494102788,0.1,7,1,1,1
0,12,11,301.77037260829053,28655.240370155898,829.8058705821129,0.3542984273581941,9,1,1,1
5,9,7,366.9363685435406,38538.962937971046,2872.438660722776,0.201370525872762,9,0,3,1
5,17,9,206.98678925244693,14547.924151232946,738.3554901316288,0.2965376493273649,9,1,2,1
1,7,9,512.9782496156788,47757.96984492113,960.077024919679,0.1,8,1,0,1
0,24,8,251.27335103014997,6108.522073902866,724.4264048710726,0.26743509692281,11,0,2,1
20,3,0,1633.6644067819464,235686.42079716292,5980.219541583531,0.021389641985297702,2,0,1,0
2,12,6,365.6180429725961,38409.978421985405,1636.967522963083,0.4570611790066834,4,0,3,1
1,9,10,758.842893712598,51181.96375714103,1497.0601302716475,0.18775394612006535,5,1,0,1
4,24,4,627.9522051067273,27579.403835268902,2849.878755252727,0.26841947861345183,8,1,0,1
13,2,0,2020.6013883695591,270898.06827569485,8329.773257078086,0.02193670571880911,3,0,0,0
1,21,10,544.2221893211174,3697.4326808032893,841.9369326242156,0.2542743154198184,8,1,3,1
12,1,0,1292.5701873249232,289489.0126886909,3465.0061681809875,0.0055699217217131565,2,0,0,0
13,3,0,938.4982029688495,426222.6753925343,6371.4215808317895,0.021949263912691277,3,0,0,0
19,5,0,1505.2971395677523,230199.83446895645,7422.94757476596,0.006972836932406943,2,0,1,0
14,2,0,1044.5286426185442,287089.72915262764,5673.199098504207,0.025861515903256683,3,0,0,0
4,10,2,593.9679119330742,48834.91380939172,1108.9271867013442,0.16401688187452892,11,1,2,1
23,7,7,180.98336057290032,48035.46884575995,2324.533222666314,0.2939238432671756,10,0,2,1
19,5,0,1035.4538047911374,483021.8409940541,6082.212968160237,0.021364299708993652,2,0,0,0
0,10,6,195.90438596350933,36773.367183284274,1422.0894531362487,0.35576385793393395,4,1,1,1
3,9,9,361.70541329930126,19991.14435241225,942.9579040153103,0.3348305642227526,6,1,2,1
18,5,0,878.2093047713599,201129.38844259502,6946.984870840054,0.018626723728516308,2,0,0,0
16,4,0,1265.4356457465103,275806.63706995035,8135.295423433302,0.012578102189760354,0,0,1,0
20,5,0,1316.4207604105452,265454.52523820696,4725.321197245637,0.012633677978002918,3,1,0,0
21,5,0,1813.4003363921238,391731.8227876695,5123.375447121054,0.019993768231001283,2,0,0,0
5,12,9,423.04702798617194,31560.311123152394,1805.5680208304377,0.34311508782907796,4,0,1,1
4,22,9,113.93453737576158,20457.26959061581,1471.8350963040727,0.25237349770048073,2,0,1,1
17,3,0,1282.434793802,426684.30643004447,7304.002911705497,0.031233337861108164,3,1,0,0
18,1,0,946.4026146973943,192877.77135044488,7518.292353062216,0.0272354376067337,3,0,1,0
10,1,0,1259.932291433066,293637.5933147647,6635.743135652896,0.015312296027072318,0,0,0,0
0,17,9,260.76336337967126,28584.858219639,2144.973480955269,0.15511836080391483,6,1,2,1
23,15,8,365.5673982658505,18654.438987454094,566.6344883323742,0.39043388019246306,6,1,1,1
17,1,0,1246.4806876383238,329216.8651847224,6313.521396870252,0.004861499773985421,2,0,1,0
23,18,4,675.0620518451021,19762.0671044373,1578.4538789126536,0.2608152607244622,3,0,3,1
23,12,9,207.6134332471259,46496.214844271206,590.8946479934498,0.1,9,1,0,1
2,22,6,590.2490012085877,57352.94338043865,1071.9809523370272,0.3790001628825861,5,1,1,1
1,12,11,451.3597489727507,6413.564066099163,1224.53804766607,0.14910278965624071,6,1,2,1
5,9,5,507.28851287360305,28816.303975191608,1103.2719269775237,0.4309460856625167,6,0,2,1
15,5,0,1330.804291990245,203374.16123399715,3000.0,0.028966994892570666,2,1,0,0
17,5,0,300.0,491654.8336667717,9537.322479158385,0.025458231717333035,3,0,0,0
12,1,0,871.634736730864,296043.21742020483,3000.0,0.012823418444373767,0,1,0,0
22,2,0,1407.9640289346341,399823.910583034,4395.66629007628,0.008104999740569292,1,0,1,0
23,11,7,251.6244950603162,10233.38524051653,1390.3431366694401,0.4283458608802573,4,1,3,1
1,11,11,666.5610143696567,37902.97293031112,2082.2363924537694,0.6523948602177339,4,0,0,1
21,5,0,1239.757635824572,287119.9171210745,6295.10517181487,0.012227789504532495,0,0,1,0
3,16,6,307.2413290209805,38164.760428439295,1424.5996330203848,0.4308252655084298,2,1,1,1
2,12,4,348.3200575321091,35427.050878328715,2015.5659014147718,0.25258002727183543,2,0,1,1
2,20,4,450.7485622551022,20108.635840135907,973.2131678545013,0.13581073924327142,7,1,0,1
13,1,1,1242.9299532536477,422664.6131719118,6394.341687968931,0.019950796650067642,3,0,1,0
15,4,0,1298.173089689514,392167.63194775674,4855.192708937342,0.024486952002185553,2,1,0,0
18,1,0,621.2093137955359,388602.7387011386,5738.3877824689525,0.011780458943384019,0,1,0,0
16,4,0,611.8117225182788,331932.1886072937,10000.0,0.009543621327946828,1,0,0,0
1,22,7,216.61396430463523,36856.21934505972,789.5003919570584,0.27352282293455393,4,1,3,1
19,5,0,1148.1641557303817,213058.45684473898,6063.675118171081,0.014690031504413874,3,0,1,0
19,3,0,708.2570077526701,228136.6069947189,3384.770319623954,0.024018867664489695,1,0,0,0
11,4,0,801.2992390376937,200589.42657691776,5034.863982577845,0.016963064038936822,3,0,0,0
13,2,0,1099.234026851537,329484.35631526774,8263.371660501447,0.020799151045078807,1,0,1,0
18,5,0,1266.5266037500494,281983.3806158607,7056.6469130421265,0.01957674090357014,1,1,1,0
5,10,2,774.2535648967882,23742.229360916554,592.8820221149861,0.3870331484981946,7,1,0,1
16,3,0,1207.3120343035284,201329.2314285758,3000.0,0.008937248733946013,3,0,0,0
3,9,11,697.8422423216115,49131.275831598694,3000.0,0.15698126435903503,7,1,3,1
23,23,5,189.618899066573,43482.77272824515,977.0028634666824,0.3587096403463109,4,1,1,1
4,10,5,50.0,18765.28702819058,1468.5521619899505,0.31075742308763105,4,1,3,1
16,5,0,1120.1345303254336,347657.9396547265,5986.588320429266,0.049021706348036403,2,0,0,0
5,19,10,327.14505015974794,18636.732763407726,1863.6614784280223,0.4241510502032012,8,0,0,1
16,5,0,1455.7172013061763,517841.6208037873,6803.305847439275,0.025135521968628918,0,0,0,0
0,20,10,394.18501744128366,34711.81540777978,1274.2450055870318,0.10575215194631446,5,1,2,1
1,6,5,100.51416974531804,32275.847697142704,264.58277794009473,0.1,5,1,1,1
18,3,0,300.0,333986.4633284705,7281.653368189942,0.03686690733042391,1,0,0,0
15,3,0,1766.4505128326023,350737.6882763421,4987.23764014024,0.029848596384708694,2,0,1,0
10,5,0,1605.466834346735,235418.75472419994,6464.857207600526,0.015165342360823252,0,0,1,0
5,20,5,107.0655252558409,46018.0465280098,1141.4970684834948,0.19911951064723724,4,1,1,1
17,2,0,1320.152374783154,415776.34187371214,8116.578356197723,0.02357285580059022,0,0,1,0
13,3,0,1584.546595219971,340439.9520928163,7343.5938903724955,0.025945928416180895,0,0,0,0
4,19,11,617.2048628267198,25246.164560345547,1557.0524018792244,0.11513666994082425,11,1,2,1
3,14,7,567.4662858880788,24941.4384395398,707.6597114685912,0.5468203316877183,3,1,2,1
14,4,0,1720.364494966623,187158.12423469464,6987.765391418986,0.01511075590020389,0,0,0,0
5,11,8,483.6515927502415,36678.927561902696,200.0,0.4101158895097432,8,0,3,1
3,24,11,267.9375164123695,3000.536467861348,798.7902332969585,0.3484014072968715,8,1,3,1
19,1,0,1951.3109406976746,109969.91655826324,4819.683188426144,0.034446284466304905,1,0,0,0
18,5,0,1232.4902012600999,395464.2122106413,7359.937329595665,0.008261819606902058,3,0,0,0
10,1,0,1594.830161163714,304641.6336234791,9637.255544071137,0.017208854688700603,0,0,1,0
5,13,2,387.64920512248153,24354.15900497786,1866.7254019791862,0.37532784146980896,10,0,0,1
21,5,0,716.3407468482883,332151.5946227556,6294.023501732314,0.0036642874237118456,3,0,0,0
13,4,0,1295.5913672255047,255960.33568880006,8351.62844683127,0.01783602827992126,3,0,0,0
0,11,10,271.86938485162227,35725.728923025774,1166.2915053020267,0.2816889364576547,7,1,0,1
3,15,8,326.37342809511716,32926.401556543715,1662.9972656685686,0.1,2,1,2,1
11,2,0,1079.7937278011473,359577.19966107025,3922.6911729438425,0.041166786312738624,2,0,0,0
23,15,2,362.2796938222518,8926.148110971055,2019.231376114072,0.1,9,1,3,1
10,5,0,821.8125167295073,216130.92554564867,4571.88935338544,0.020140102079698824,2,0,0,0
22,5,0,1511.42915891114,532618.9058863616,10000.0,0.014782340541442604,2,0,0,0
5,18,2,106.7816668923287,32366.33159873096,2222.0543675752683,0.41977636862435463,11,1,1,1
18,5,0,534.7777940477923,376963.0290344461,5911.307575693827,0.02967626388593656,2,0,0,0
2,10,2,564.6594225690902,59062.992095447706,703.3871401651428,0.39588316254958905,8,0,0,1
20,4,0,1412.3731945397508,249900.94031900563,5578.627724592568,0.027603585532585746,2,0,0,0
11,5,0,1111.9271543834393,328014.1121728884,6885.961496400328,0.001,0,0,0,0
13,4,0,1280.3140681566633,367586.6407937462,6897.708907816622,0.03323637277036939,3,0,0,0
10,3,0,719.0065205674828,418277.7370472083,3000.0,0.027861884412820254,3,0,0,0
18,4,0,816.4415354208413,341868.01288643037,5303.64814445524,0.029290090285976834,3,0,0,0
1,17,5,448.3827715419824,60490.200233450334,3000.0,0.5416607649831957,10,1,0,1
19,2,0,1384.0090795177268,314983.9053814688,8318.197163723347,0.017366822382899792,2,0,0,0
5,19,6,797.5913964420297,47127.96176304992,2236.0900931913957,0.34667021887062105,6,1,3,1
17,2,0,1174.809232074203,183322.6207096349,5916.986811859813,0.039446671217525,2,0,0,0
5,12,10,495.68852464594164,20357.230343465937,928.0118607210171,0.1,2,1,0,1
0,22,5,696.5374250226096,28541.11545784948,200.0,0.25254658207108294,2,1,0,1
18,1,0,1114.847033635742,230508.72224438845,6335.695672155565,0.007822080596157823,1,0,0,0
10,1,0,1292.3869314780616,150720.98793713894,6311.686031122083,0.02596767579979066,0,0,0,0
4,13,11,548.2100570112361,33434.683858030985,674.1455852041244,0.1,11,0,0,1
3,15,2,400.08972311673097,58984.39719308441,257.39089207696156,0.20657905562678,5,1,2,1
5,12,6,561.6384057845363,14747.578750659151,2559.916097725816,0.20244136879291177,7,1,1,1
1,13,6,211.45390734016968,28998.910350177684,2133.415432469877,0.1,6,1,3,1
15,3,0,1310.5323372004223,274053.1900012098,4847.307476532497,0.0316837623393722,2,0,0,0
4,13,2,87.43963265669731,15962.824183678082,1925.8314981923227,0.1,11,1,2,1
1,10,7,136.5007514417273,21550.90276002024,1054.5728348123098,0.1,2,0,1,1
2,12,5,286.0325462155411,29890.75072653242,200.0,0.14062619811764177,2,1,0,1
11,2,0,1498.1008915272819,152303.11384253143,6210.223954240745,0.024613206248871887,3,0,0,0
1,19,2,489.0373984025435,39886.48085339223,1154.985973104709,0.24446697120643635,9,1,0,1
1,16,8,113.9864396666569,51610.66577132131,1322.4036827694513,0.24156183246110535,3,1,1,1
20,2,0,1665.1510774988624,232848.91552583018,4127.70609907397,0.017984911026315137,2,0,0,0
17,3,0,1193.2468080339524,378139.15011823457,6042.828128989758,0.009593686703114326,2,0,0,0
20,5,0,959.0854581326357,295637.3529174256,4577.378982390309,0.0059273014056145604,0,0,0,0
15,5,0,1996.5651042455388,446639.8724601009,5882.6176941413705,0.026231784864309538,2,0,0,0
19,3,0,1304.1050919643885,211963.5286633405,6791.602010434999,0.011957434104461345,1,0,0,0
21,5,0,1102.9084527148677,373324.84725630033,7645.376592479259,0.023176096345450724,0,0,0,0
23,11,3,1000.0,45464.37526978017,1114.614751608425,0.237112952346732,2,1,1,1
21,5,0,1072.918507573277,284197.5519913719,3314.6674734963567,0.0071622554374300915,0,0,0,0
4,24,10,306.24644519471985,23289.741823091746,1091.2722006457016,0.1,5,1,3,1
0,7,7,434.2322288473983,52275.386265480345,1898.8791300681523,0.4661355389058959,6,1,0,1
10,3,0,1442.8815958976982,309313.29573923256,4498.770151983647,0.03456285288912995,0,0,0,0
1,11,4,425.71677883489457,1000.0,1884.9632896009962,0.5168210804814217,6,1,1,1
23,22,5,503.3373420363862,32690.248838510855,1207.749605562894,0.38563488516633626,2,1,0,1
0,13,9,438.2093983716286,24462.080243910972,1058.7459429804976,0.11684052426344935,5,0,1,1
10,4,0,1236.2454406899103,310518.3659563924,7651.711159240259,0.02294193923171262,0,0,1,0
15,5,0,1265.4535054675175,525928.372027322,7133.554937631088,0.02895722732173622,1,0,0,0
20,5,0,1852.5761607193058,273424.87591121555,7084.582048371742,0.03635115787679277,0,0,0,0
20,1,0,1987.7781525327919,331248.4998197304,4330.452027148006,0.008216913897847893,3,0,0,0
3,12,10,274.9590588175922,20838.106363237013,791.3254596888883,0.15559203675761524,7,1,1,1
23,21,9,408.0961953863488,22917.84944715514,1282.4533680819084,0.14238533261211017,6,1,3,1
0,21,11,576.4344926442286,21386.39594924183,200.0,0.43675974265872786,8,0,1,1
14,2,0,797.8128031071033,332656.1430338129,6608.961018047411,0.02163374134811488,0,0,1,0
23,6,2,84.3869121435838,36208.91283592689,1037.6900484963971,0.4308607384014942,8,1,3,1
21,4,0,1229.3443952675502,272266.5979799336,3948.2569568020976,0.009816457124399151,3,0,0,0
17,3,0,1258.9637929308979,256701.40911868043,5424.5270785328175,0.01635558996894474,1,0,0,0
18,3,0,822.0520910816981,373962.29667440825,5851.675974227829,0.02730029531206208,0,0,0,0
1,19,7,220.10705826377176,34944.517732645974,895.6587153388194,0.32211477470274735,11,0,1,1
0,11,9,50.0,40220.074835461666,984.1663179668268,0.1,8,1,2,1
15,2,0,1721.702079930385,340251.9443244233,7682.953038933422,0.006950261691147633,3,0,0,0
18,5,0,1286.0954452750805,496474.1001649273,5740.7185815087905,0.01589343297261536,2,0,0,0
0,9,4,60.34237620297887,1000.0,1849.7236791166952,0.20680838575693228,11,1,1,1
3,7,4,556.3813489312009,33509.36203316143,2717.4761898516435,0.28033707825644794,8,1,1,1
3,14,3,882.6791933502159,44820.33799681579,1000.2173525064638,0.23340351772046466,3,0,1,1
13,1,0,1259.0552401547666,299733.78120173444,5530.033035911875,0.021050507822657855,0,0,0,0
1,22,6,412.4779183504038,53336.47562414031,1237.4483265495555,0.3324617866898716,9,1,1,1
4,16,9,152.5551289176748,21821.29889576984,1390.2220590141853,0.40519760722190123,9,1,3,1
2,23,5,448.50432196545114,14364.610614386047,1958.3076022105151,0.19786540857120177,5,1,0,1
15,3,0,1062.9781925002524,334646.4227881015,9609.92504616271,0.05,0,0,0,0
23,7,7,60.657989034806064,48883.46702376468,1195.7559486071964,0.5637013698188278,8,1,3,1
0,20,9,308.0411292879483,5106.742504074889,768.8571938825696,0.1,10,1,0,1
4,20,10,475.74078472060364,37779.70539827598,1826.351034930225,0.1,2,1,1,1
11,5,0,1091.1382489443047,421238.44528897526,6182.739328793431,0.013952192139682285,3,0,1,0
5,21,6,201.97024563188,34397.21086095876,931.7268121696293,0.1,7,1,1,1
16,3,0,1343.0303563317207,496603.4282464606,4992.439102110419,0.01316268803953291,2,0,0,0
13,2,0,998.8115956373489,229003.4725966269,6387.785032203894,0.026851485922933037,2,1,0,0
3,11,2,232.400617434708,37935.12680330428,200.0,0.5040282089721357,9,1,3,1
3,21,3,436.6995678024479,46321.82286995059,1792.3614353923572,0.347004418771468,10,0,2,1
0,24,6,335.15658157995733,31210.76178180997,1209.4222441983038,0.1,9,1,0,1
0,7,8,591.9503288044236,26838.586619884874,775.757519482768,0.23309758592822297,5,1,1,1
5,10,7,443.3073560876255,29399.76921159661,1122.1370172757386,0.2316626182036153,2,1,1,1
10,5,0,1303.9821226176928,282048.3213768462,4190.159486363034,0.028793253830200524,1,1,1,0
0,15,9,286.3210936622903,12296.864756312847,256.8244477564401,0.5293079945563179,10,1,1,1
15,5,0,1648.8635401660424,348852.21794282674,7077.920562075136,0.027959842585148664,3,0,0,0
0,17,7,265.28323202990805,30283.002803763084,2002.317096195219,0.4071501870583333,11,1,1,1
21,3,0,903.401829035733,155622.9944423458,7068.237623877114,0.04335520893756594,1,0,1,0
18,4,0,707.0569982714627,305567.43064967263,6880.6493311414615,0.01114422433754516,0,0,1,0
2,20,3,306.8213403651845,27324.376821733214,1687.9024854644088,0.4256346100805645,10,1,2,1
2,24,7,270.98962906692657,54115.85669752637,2324.5759590968664,0.38680485723873725,10,1,2,1
23,9,9,180.86695620565948,36629.85483954362,1653.1605153732844,0.15768281994849748,7,1,2,1
23,24,7,545.1954816072737,37728.311677045494,2511.9515586000225,0.4190351621670235,6,1,1,1
17,4,0,536.255016308092,299479.55657983286,7213.698497108117,0.029846383089277485,2,0,0,0
20,1,0,1586.6161659997654,369544.4736392554,8057.281220146162,0.011194125159808329,2,0,0,0
0,22,5,667.6034062339529,38945.60173381594,200.0,0.38312759801607466,11,1,1,1
20,4,1,1233.2503271516998,390750.70629706257,8051.282193292574,0.02260179075623108,0,0,0,0
12,5,0,916.8162517472008,280197.51010412985,5721.869703031431,0.004943061278312542,1,0,0,0
3,23,11,543.2434609397297,6246.512693487777,1222.7744646324613,0.18640686185985622,11,1,1,1
2,21,5,309.84840193003237,29328.058656035446,1682.5959629450642,0.7112854633279988,3,0,3,1
2,7,5,561.7314316973057,8558.074566549152,719.7154093980141,0.2415171820817985,11,1,0,1
16,4,0,2109.011045521773,214021.23580285045,6595.80673264787,0.0054930944689814964,3,0,0,0
5,7,8,447.33351608559923,27989.477504033057,578.2636188379178,0.2520533078659973,11,1,1,1
21,2,0,931.0367256822938,183646.01594437816,7108.4314761592195,0.015096885316167109,1,0,0,0
2,9,5,344.28089012187104,45902.21165911088,2606.5624161023443,0.23116444774710412,2,1,2,1
14,4,0,1712.7356114381178,432800.48857714806,8683.355122099976,0.01405413747652305,2,0,0,0
18,2,0,1119.159487858313,209320.72844790667,4799.985723090703,0.001,0,0,0,0
10,1,0,1133.21646773882,309256.3553622278,3128.4747602120487,0.012418756642959636,1,0,1,0
1,18,10,546.6033870817449,54400.63866753732,466.7504935870197,0.1,4,1,3,1
18,1,0,591.4961441286958,248635.0696318993,5535.815061954632,0.005978274813816265,2,0,0,0
3,15,4,462.15043703505955,30762.66552459484,2956.3212772669826,0.37373160747189793,9,1,0,1
20,1,0,1279.8784786501592,336539.0784362143,3329.8043075644923,0.0071660802304166545,3,1,0,0
14,2,0,1549.3582145669134,275239.2852082154,5579.112231120513,0.02701263925038448,2,0,0,0
16,5,0,1281.4041441659667,367040.54890594515,3756.8164945304356,0.03113965821630916,2,0,1,0
13,3,0,1595.9197383710043,323170.06197783555,6221.3811410937715,0.026653929700558267,2,0,0,0
18,3,0,1141.2053399340077,410701.4223982406,3813.2546273057815,0.013717365269172303,2,0,0,0
16,2,0,1308.9409950367854,135194.2996601283,4578.429002797069,0.02533758011247512,2,0,0,0
11,5,0,1220.4206026973393,379748.4115132167,7929.3549167281035,0.020759772088808522,1,0,0,0
0,12,3,384.48168710975057,36246.4557460638,2415.8545601359606,0.1,4,1,2,1
10,3,0,874.8310070562018,220122.1277301748,4451.769540962888,0.017533087163743938,0,0,0,0
23,22,9,401.3739706512483,16722.57583550299,1859.534330631922,0.17247289399905372,9,1,2,1
17,5,0,766.7884381630727,233732.59480654902,3000.0,0.011264647077531642,2,0,0,0
2,11,5,244.02816379604977,39983.145348344304,1700.9323247668076,0.25779671910120416,3,0,1,1
2,18,11,363.54352056202214,23492.810403114712,2344.321431585485,0.10053774497058005,5,1,0,1
4,18,7,827.0834520043552,49546.691999892646,1094.4004623157393,0.26305339207915646,7,1,3,1
18,1,0,1486.7687809542042,421606.48364361835,4565.093855116244,0.014991088543894783,0,0,0,0
0,17,9,505.9779524805607,16235.468410814636,2242.5443492412387,0.23870031089874014,4,1,3,1
22,4,0,1847.4672184834508,360453.03061799303,4518.51076222191,0.03129337679186517,0,0,0,0
17,5,0,952.9969239078735,222363.5978537445,5907.723268419119,0.015044059234125363,1,0,0,0
10,4,0,1194.8655366379394,162556.98931530383,8601.484008691488,0.001,0,0,0,0
22,1,0,1224.3150733279933,303690.53385530144,6785.029836160052,0.009152737627084502,3,1,0,0
10,2,0,1201.595424204449,317058.7813153274,6256.171776419929,0.022920379770000773,1,0,0,0
15,5,0,1015.7697734102982,256034.41448665166,5623.287547048199,0.017937067040101326,0,0,1,0
15,5,0,1082.1155844623277,504304.2243470318,10000.0,0.026602944476793566,1,0,0,0
23,24,9,283.7452600934557,28634.809061501004,588.0480710529667,0.15305566119741043,8,1,2,1
23,20,8,716.3577856918405,17072.522556744458,1374.780876459515,0.45906807211787615,5,1,0,1
1,10,7,557.81311165087,40879.291668616825,2426.3219792190157,0.5044471299140371,5,1,1,1
14,4,0,753.9660771698801,385285.64394017647,5742.160583987619,0.001,1,0,1,0
4,7,10,354.72523895432175,17360.994222216228,651.6538499000666,0.4561000759092978,7,0,2,1
3,6,8,605.7799220776178,48180.43576826365,1472.3605492667652,0.5376848059263697,3,0,0,1
16,5,0,1510.6569957351157,251648.7411463415,3000.0,0.018687547596558662,3,0,0,0
21,4,0,839.8732367527664,465506.8341826494,8994.991431826904,0.010203441972810857,2,0,0,0
10,4,0,1048.9613678926157,340329.87430517864,8758.373958769582,0.01646348716860156,0,0,0,0
0,22,9,217.40972015258697,39502.74637714292,1327.9338371817398,0.39316566383506035,11,1,1,1
23,14,11,561.9367604313566,33843.71853417745,2663.630838519324,0.45506049102676155,10,1,2,1
3,12,5,610.1916959841079,11997.697544181683,200.0,0.24417298636467605,4,0,2,1
1,24,6,513.4951954016208,42373.18011818796,2754.3369482542935,0.14692760782532494,2,1,2,1
2,17,8,528.117103421351,17651.46878357744,652.6691394020193,0.20286328335539827,10,1,0,1
3,21,7,517.8288269603108,5593.823440289503,388.2221057994941,0.1962724188481352,11,1,2,1
5,10,9,648.8520526562744,34421.48557670454,2852.1913743632203,0.18406699917875863,6,1,3,1
2,24,8,953.4459019987336,31766.807850029956,1915.1874413001099,0.27919984810401105,8,1,2,1
21,1,0,1464.4945392459435,351827.5228036354,7829.876449753808,0.02071495342457528,0,1,0,0
2,20,11,81.59153166732114,1000.0,1844.4515735729553,0.28104371869820266,3,0,2,1
2,23,9,367.7122479540234,32095.511535608093,2179.56544672778,0.1452924106492341,10,1,3,1
20,5,0,1448.2847012420714,398679.8435037039,8909.057737954772,0.007792200678243289,2,0,0,0
2,16,5,410.93027767071794,36837.8596590856,1806.4000477344587,0.3112910964270294,8,1,3,1
19,4,0,2063.0857217751873,293239.58756491554,10000.0,0.004952867269736056,0,0,0,0
2,16,6,269.13221389298405,6495.366747538879,1199.0466569469845,0.32365934812271047,3,1,3,1
15,3,0,1143.8853966607267,436170.2119932326,3685.149407180477,0.02429718376671161,0,0,0,0
14,3,0,709.9266005713303,527498.8413536465,4682.594588391212,0.0257377377242802,2,0,0,0
19,5,0,374.24361438846233,468516.713204781,10000.0,0.007531474841328918,3,0,0,0
14,2,0,829.8179007603769,426962.92205834045,8734.859148522259,0.025109440912254755,0,0,0,0
1,13,2,50.0,21622.466248417873,934.8825100865951,0.269399070105857,8,1,1,1
4,20,6,443.87069985954,55244.554555258175,1735.1820636262098,0.30630385726553777,10,1,0,1
15,1,0,474.22105309498045,260614.9463876877,4799.169830966021,0.03345291412362186,2,0,0,0
0,17,8,145.7715932095245,23059.2258133333,2600.1989003492777,0.4216157899747538,4,1,0,1
15,4,0,1341.2892270187422,154958.1758767897,3000.0,0.022198127580445655,0,0,0,0
15,3,0,1174.8922302026356,359946.39186251746,6803.307534680893,0.021747107327585474,0,0,0,0
1,13,4,311.091662575301,47392.061305780924,1608.0077917847916,0.4010277611602887,4,1,1,1
4,7,11,123.75418371469061,27792.454971830975,1422.7547326964564,0.41045172588062223,8,1,3,1
5,20,10,219.28740727232162,24739.000111877212,1363.9441004203536,0.3721758510963788,8,1,2,1
13,4,0,832.2290556813862,378454.4872574564,9760.92570029636,0.02995998964386474,3,0,1,0
14,1,0,1129.0573805440363,417914.5716235675,9796.6014207246,0.011868610182564507,2,0,0,0
23,17,9,382.97962711580254,13752.636628146955,332.0747893693858,0.23462236998833622,2,0,2,1
22,5,0,1110.4450978575157,369088.71287623845,4816.104874864657,0.011385616832327384,2,0,1,0
2,7,11,607.8701373645151,14412.164306601286,661.2692859114743,0.24978630028092375,5,1,0,1
22,5,0,1201.7481006331866,484887.405548225,5933.952507246163,0.015519108610731226,3,0,0,0
0,23,6,596.4507754318591,42024.38007905372,1981.047793272585,0.320673312255655,7,1,1,1
21,4,0,1509.833126328981,265077.05245846324,6189.922978306245,0.017946910603095483,3,0,0,0
18,3,0,1118.2094682301997,406795.9674534091,3907.310130487568,0.023818751771815284,2,1,0,0
4,11,8,208.6152361697387,19679.34610900971,694.5997840212485,0.1,7,1,0,1
4,9,3,489.5896922407214,26972.463819683886,2155.6480941492646,0.12011361254707051,8,0,1,1
18,2,0,1339.5735309404456,240405.32888837645,7642.495588553455,0.008715547440951304,2,0,0,0
4,13,11,835.663290206375,16133.948637939095,758.3199083192499,0.22245202847962364,11,1,2,1
0,19,6,50.0,13198.54821056603,712.0591390074283,0.19831607076264804,7,1,2,1
3,14,6,528.5788421077514,55651.345946571586,3000.0,0.11384836473700607,3,1,3,1
23,12,4,385.6512266116941,15929.782498728753,1113.2919910871137,0.10408576213841228,4,0,1,1
0,15,2,842.7387147193436,32451.929341593623,2161.2747744918097,0.1140538952394122,2,1,3,1
0,11,5,422.64873099103744,20433.74748209509,973.8603538607817,0.5560004786443478,5,0,1,1
23,6,6,50.0,29133.15771394102,356.0959359038957,0.2679508661936267,10,1,2,1
14,2,0,590.8198202459105,296659.58189971215,7897.472548855462,0.03757504881771776,0,0,0,0
21,2,0,1658.8274594083687,347371.5026538926,5748.764841147816,0.03434202923752995,0,0,1,0
20,5,0,1271.3163764502635,369570.74159398465,4954.119947011408,0.030949463489874034,2,0,0,0
14,2,0,1665.190330494416,212623.5907252499,3578.6578782317974,0.02556587999702725,2,0,1,0
3,11,5,537.0592446550238,3093.5152437111137,2055.4244282001073,0.1,4,1,2,1
23,21,3,359.011819992761,5521.760033243849,1651.9739688174427,0.1,3,1,1,1
2,16,9,666.5763682576589,14346.505322709485,1806.4471605275821,0.3244863870248585,2,1,3,1
5,13,4,386.89555386873803,45322.21343726227,2132.909915857038,0.24840205168760623,7,1,1,1
2,17,9,586.0749609477966,20234.077403555802,3000.0,0.5127624303467497,9,1,2,1
1,9,5,413.04513286112035,19568.477680415148,908.9724036462169,0.13537203416072185,10,0,2,1
23,18,9,206.67520387895868,33120.7642047802,1221.0741820969383,0.1,6,1,0,1
22,5,0,1273.9035251153764,226275.33296239766,5802.656133225836,0.03288395493219448,1,0,0,0
4,6,11,149.2184046206235,22649.57597339154,1204.8132204277745,0.24457546782059184,5,1,3,1
4,12,9,531.9632152858248,27304.363549187263,1285.855153732802,0.17544195162966414,7,1,0,1
0,19,5,478.840628765264,35921.64049161977,2273.4427912837723,0.466422180336981,6,1,0,1
18,4,0,1667.5541674268243,265899.3336205746,3529.2734492534173,0.019350923147896857,2,0,0,0
11,1,0,1131.2097025404714,347982.83715194894,10000.0,0.020468460723950456,3,0,0,0
17,3,0,1058.1637469988075,214712.179012581,4891.258667634584,0.001,2,0,0,0
2,17,10,534.6780292971431,19321.33758643758,1475.0209994310212,0.2790315356863997,10,1,3,1
5,8,10,136.76586460634792,14078.332912281501,3000.0,0.38248652372487035,11,1,1,1
1,20,5,284.3118899400027,27603.381445314742,457.7096989564084,0.263692261203143,4,1,2,1
2,11,9,600.4771671580284,13075.899971948049,2760.557830863308,0.10940135879988735,6,1,1,1
5,23,11,189.2354586794049,11434.876433614409,1299.160300314677,0.12182504386651505,10,1,1,1
14,1,0,953.3309259687086,347799.93874469376,6786.50746132894,0.013959970228670321,2,0,0,0
3,18,8,452.712327487757,41717.45790777961,2090.234999996842,0.1336727551514707,4,0,0,1
16,3,0,1204.5144892641274,314749.36275113345,7300.243229260224,0.01917780361738961,2,1,0,0
14,1,0,1603.7878689968506,356566.17105651746,5296.914167103176,0.027419696447833774,0,0,0,0
5,20,9,164.57314987349022,21096.64321570981,1163.8753420274193,0.1,6,1,3,1
14,2,0,2297.483667734744,230447.9849796595,3000.0,0.027038051213637844,3,0,0,0
2,14,9,272.50389160897294,32695.35157440357,1209.9130975511807,0.16110370269535923,8,1,1,1
10,5,0,986.3855882724673,323207.61965026247,3780.254043022362,0.011971617662773326,2,0,0,0
4,22,3,371.94020308999893,20576.949509188,1395.8214136508639,0.1,2,1,2,1
14,5,0,662.2722809573647,322935.0427362737,10000.0,0.016143925606125695,2,0,0,0
19,5,0,925.925648635797,241633.9542694582,4773.22699157295,0.02791568868277843,2,0,1,0
13,2,0,1006.0640303324541,369411.88538511086,5297.942991637421,0.024766267037434474,1,0,0,0
2,20,5,265.17238116350296,12713.098124050834,2767.9094735614235,0.23497751646015333,4,1,1,1
1,20,7,429.1034324059168,22507.465367243032,1590.2665573298973,0.3013007733977833,7,1,2,1
12,5,0,936.714280463159,347867.4367586523,5191.994678813494,0.016776251510416246,3,0,0,0
22,4,0,861.396816891915,455063.6238255454,7989.244838549991,0.028839235012291423,0,0,1,0
18,5,0,1055.6322708026864,315977.0136111881,4002.548142512642,0.025834159846036837,3,0,1,0
0,17,3,50.0,29831.717309402386,1249.781744104134,0.3141439136506846,2,1,0,1
14,1,0,1640.2647390199995,220821.3864034221,3168.21452586712,0.02549216430349966,1,1,0,0
15,1,0,1228.569992174722,401426.69879699073,6464.620089724641,0.01661056382940308,3,0,0,0
1,23,9,438.6632197225373,14867.853010872499,1419.4100845465753,0.15220721865148656,7,1,0,1
22,1,0,1411.6840175644138,100000.0,7183.485308762162,0.02082114870800597,0,0,0,0
20,2,0,491.3080139537419,290052.75972204714,5439.565175371514,0.001,1,0,0,0
2,18,7,760.8192235386657,27823.1372428279,3000.0,0.4817982893402455,4,1,2,1
20,5,0,1600.2413634065074,179475.28355010416,3000.0,0.008892788552817023,2,0,0,0
23,19,9,228.91554365463682,15572.157478041852,3000.0,0.1,3,1,3,1
22,4,0,916.8756796013274,274921.49339635443,6180.507784689312,0.029865268699191257,2,0,0,0
2,13,11,626.6660409725166,56067.80493250907,2414.433576259261,0.1,8,1,2,1
1,16,4,275.53476660796974,25354.40382071196,3000.0,0.45297001384901175,3,1,0,1
5,12,11,211.83835490464062,32072.91286668304,2365.8825116575745,0.1593362955677317,6,0,2,1
13,2,0,1171.3084072755996,147442.00748161183,3000.0,0.009302256031292238,3,0,1,0
1,21,5,303.42925871634367,41647.771541206675,597.8355951044472,0.21719731185564162,10,0,2,1
19,3,0,937.4164318791752,100000.0,7731.970665924392,0.009788402443664655,3,0,1,0
12,2,0,1018.6149398522518,181515.99395249813,3078.6772688800907,0.015309226647124566,0,0,0,0
10,2,0,2167.3564881018,183377.17720046424,6489.017578110319,0.001,3,0,0,0
11,5,0,1330.4635455663054,198236.07481662207,7694.039154290912,0.008894287848261987,3,0,0,0
21,2,0,1151.5871350788495,375307.5565832127,4876.884970452631,0.019481614360206234,1,0,0,0
4,14,11,213.43366190464442,30294.81822740754,2393.095029343429,0.22470730652343102,7,1,3,1
13,4,0,1091.749301383897,325265.6345698924,6577.33123309192,0.031093935435878406,1,0,0,0
5,8,3,780.7958681662363,22203.93067623738,2809.431493203637,0.40027447054184684,10,1,0,1
11,1,1,595.7261186343761,501419.4322354516,5759.864279466676,0.0053763147152920895,1,0,0,0
20,5,0,1499.3929177534567,235691.5867545643,7763.6829835893295,0.0038839535552476663,2,0,0,0
22,5,0,2275.205716196424,474186.1621390041,7981.865698209893,0.041474817936670974,0,0,0,0
4,16,7,386.6663022681503,1000.0,957.8471509164523,0.1,10,1,0,1
18,1,0,300.0,364925.44997712603,4904.837186773904,0.04247742907516433,2,0,1,0
18,4,0,1426.649979696428,301781.29226808326,8038.939850058975,0.034681062680661984,3,1,0,0
0,6,3,173.86358017854667,68356.11763958877,872.3708719812035,0.2933266802268283,5,1,1,1
15,1,0,1060.0916657674572,283627.2047182329,8452.124067289902,0.01912355589864581,3,1,0,0
4,6,10,623.2527758416633,57999.922736670065,200.0,0.5425478122554004,11,1,0,1
5,18,8,102.2447911394919,33654.74983539254,1903.1758382733876,0.18090706002247398,9,1,1,1
1,17,4,114.62702288661751,28492.691599347367,2268.548477294262,0.3938588221084488,5,1,2,1
19,2,1,1748.2034612432938,187007.23185799288,8086.533510828991,0.031303533295981324,1,0,1,0
17,5,0,727.9963650610587,290058.5710684198,6253.514087478126,0.018904595263641872,0,0,0,0
5,23,9,702.6577221737903,30932.151626300187,2275.2702605015293,0.3731440586612322,9,1,0,1
19,1,0,1259.7335359079204,250772.3626601955,6712.98058356703,0.020758295327857876,3,0,0,0
14,3,0,1250.2181117199054,282153.10055855504,7995.077185932647,0.001,3,1,0,0
23,8,10,177.20417938124524,40812.52625882446,1061.9391949799078,0.28540562142483356,11,1,0,1
19,1,0,795.0102519382435,256525.6936807675,4427.498097629252,0.01183616446960846,0,0,1,0
20,3,0,939.0933987586742,414142.3424698359,8709.49349130368,0.01012443402907751,1,1,0,0
18,3,0,2170.949353751874,262046.11025780736,8625.521318012085,0.016514825340401825,0,0,0,0
21,5,0,1330.2422725773688,230009.05882326,10000.0,0.03862391968203786,0,0,0,0
3,19,7,587.9687677991709,22543.21467682171,1823.0716691185821,0.6513435191397743,7,1,1,1
17,3,0,809.4642722980918,369963.62769517314,8855.132718309864,0.02010788812728926,2,1,1,0
1,16,4,677.2486644476539,37521.02772445466,200.0,0.19959855565167312,3,1,3,1
3,6,6,502.3462267767864,47236.66564720395,1187.486178644891,0.1,11,0,2,1
13,1,0,1340.1401283221987,306539.48204349534,5072.773324392793,0.0072544176119433024,2,0,0,0
5,7,2,636.0871841041115,15644.456622905971,2425.134231920003,0.1,7,1,1,1
0,15,3,339.89682690229927,15400.963759513475,1723.1720648515293,0.1,6,1,0,1
11,1,0,767.5442669306843,378726.7666029666,7155.722428192578,0.02686543215176362,3,0,0,0
4,23,6,487.01564631751666,24619.73148954428,1923.958256680548,0.13251523254476882,2,1,3,1
1,24,3,430.3338207420075,25612.634757346415,2438.7588282304982,0.34489350362212107,3,1,1,1
13,4,0,1053.7298661093566,103822.91848245845,10000.0,0.023242013953637317,3,0,1,0
5,13,2,337.582235940667,2589.1064314636096,747.5063961481602,0.2616025791400559,2,0,2,1
4,10,7,451.64490018845197,30504.813803566332,606.4803273306145,0.17688444106682594,5,1,1,1
23,22,2,387.426454597,39397.12969466958,758.5238091143134,0.15938266317892802,9,1,2,1
21,2,0,1609.8559299322862,264432.2652751955,3000.0,0.01942771773973794,3,0,0,0
1,22,5,732.3569021655666,9652.657220789777,955.4684767407925,0.29721763878414387,7,1,0,1
5,13,3,590.3321122902979,20785.591883211117,200.0,0.3061376325272273,7,1,2,1
3,21,3,169.43787174617745,38294.8589106306,842.8400213443927,0.2850520642444791,4,1,2,1
13,4,0,1499.5284724723113,346993.6233079395,8754.991808937655,0.025332657549792487,2,0,0,0
3,7,3,143.50419039500338,11380.28513369753,200.0,0.26795497196278434,6,1,1,1
17,3,0,1287.2497478724013,435549.55328750075,5028.629112625797,0.006510451956573678,1,0,0,0
5,7,8,599.1775241170391,15182.984274687598,2005.9594195984089,0.1,10,1,2,1
1,16,8,685.0930302797426,45451.48686934344,878.4148548374549,0.1,4,1,0,1
1,23,8,143.0153968081686,12019.405734836342,1236.6160079926954,0.18739286092773533,3,1,0,1
16,2,0,1585.5482075997625,504776.87905867875,7917.861377138909,0.02987057182020705,1,0,0,0
21,1,0,1739.9297836818364,511268.738714391,6603.4953634831,0.01749806615326037,2,0,0,0
13,1,0,1794.5584173313505,244436.4111823984,3127.20918170972,0.0027701601035122654,0,1,0,0
3,9,2,178.01918242630927,10623.199885187689,250.72685703821548,0.49403400812792697,6,1,2,1
0,14,2,394.9594920449929,29967.258389935276,1332.1912043671446,0.25032559547753147,4,1,2,1
12,5,0,1349.1877348838298,279923.50614730065,7094.358961907271,0.04469500394677862,3,0,1,0
12,2,0,688.0074905496817,337629.77791910653,3000.0,0.02188933410314267,3,0,0,0
4,19,2,180.97579201092557,49126.94841288609,2123.9398342960794,0.31206278948272936,9,1,1,1
10,1,0,1467.5761275183072,178792.0704890433,9229.129521513854,0.015245296789808151,2,0,0,0
15,4,0,1192.3358009673432,333295.02004901227,9254.877938455924,0.012373643936234888,1,1,1,0
5,14,9,890.4785938440702,31529.04678978228,2575.4719449210475,0.1,7,1,1,1
20,4,0,1473.0822590987593,305155.3182211182,10000.0,0.028389588711543637,1,0,0,0
4,9,8,376.1618131869284,17651.899750970064,1396.675245198832,0.11721564980058505,6,1,1,1
23,10,6,616.1775927127435,40303.15403174646,1878.4631504769297,0.447173444484554,7,1,3,1
2,6,6,467.766054236593,52505.11334057231,1630.160450302375,0.1,3,1,2,1
2,10,2,634.7018193079514,36079.50279080281,1596.6142796467193,0.15674455473065843,6,1,1,1
17,4,0,1413.345883574072,379843.68278836505,5976.51369595687,0.017908133222663623,3,0,0,0
5,12,11,407.4806170775559,32892.340699748056,2003.555083431925,0.30533652031788944,6,1,1,1
11,1,0,722.4390239201799,100000.0,7736.794459375065,0.016068007550190878,2,0,0,0
11,3,0,1790.6120149810808,279305.7340474889,3000.0,0.016816488622951455,0,0,0,0
0,24,4,402.8176123196186,34137.06529083467,1232.3770635916394,0.15225289348315693,5,0,2,1
22,4,0,1245.7533900543735,139855.99475221318,4946.284384654822,0.027373875093109463,1,0,0,0
16,2,0,1717.2767074808642,199732.49243192602,7418.429367773623,0.006772346680005559,2,0,0,0
2,23,10,791.5473237494933,46542.44756931957,2856.843739335173,0.33716202077223395,6,0,1,1
17,3,0,1544.6055552675161,358735.5771753232,4851.238981762628,0.022955587255237952,1,0,0,0
1,22,8,247.23151260113855,29417.41209658979,1027.2629967013627,0.34702975147793713,2,1,2,1
11,3,0,609.5210237176364,328601.6155397043,5326.788859933793,0.024297783219144248,0,0,0,0
13,3,0,351.1466349302117,242384.54486448513,8679.174766231257,0.03570661543384741,2,0,0,0
15,4,0,1217.5166591452435,321996.2099815163,4275.673168191921,0.019634085748662163,3,0,0,0
5,14,5,255.31498029302057,11520.26570788836,1377.523068773056,0.45043797604088653,7,0,1,1
23,18,11,243.7925497212784,22234.0663194849,1407.5386039244431,0.13896798343767458,9,1,1,1
19,3,1,1413.6512475178697,291319.6197932441,3920.716522599663,0.018145187542684564,3,0,1,0
22,4,0,1157.5165233124003,272535.32084670506,3000.0,0.018276392836706568,1,0,0,0
11,4,0,1403.3146141422499,292803.4347030414,7553.990973195508,0.019872658439029835,0,0,0,0
4,21,8,50.0,31541.146148274824,1115.012298236848,0.3078517200391298,6,0,0,1
13,2,0,786.043592524353,384663.1621033155,5547.832273445852,0.018672792495795273,0,0,0,0
16,1,0,960.5040750774741,293989.7058183531,7098.9878075452625,0.009659766906758705,0,0,0,0
20,2,0,2103.142520103059,384239.77011074516,3000.0,0.029751145211207065,3,0,0,0
13,1,0,1402.8663036862217,280082.98099396075,5583.737834910991,0.02550979654303512,1,0,0,0
1,9,6,477.5027110668505,8456.181081493884,1674.887645982294,0.13804711953871035,3,0,0,1
4,24,11,280.0543925985826,45191.15638164983,908.7778518840651,0.2902826212095495,3,1,3,1
1,17,2,356.4788048103889,54020.41432927169,1340.1199290499922,0.1,9,1,3,1
3,6,3,348.27512929679284,40316.891068270146,782.2233369149596,0.3111020218472128,6,0,1,1
13,5,0,1265.457910401147,346639.77492476127,6175.553503042398,0.015265457434391717,1,0,0,0
23,20,9,225.2940631530629,15449.960492008286,450.379473388851,0.23173288568325484,7,1,0,1
10,5,0,1800.6538474519893,214399.89647255556,7750.429950326772,0.0035731051780463936,1,0,1,0
11,5,0,1567.1772766248446,291207.3509082858,5936.9698816390555,0.020587759509214543,2,0,0,0
17,4,0,870.6521909545842,302453.5586750761,3738.012320681468,0.022503617683369514,0,0,0,0
5,7,9,318.9474443413682,22340.612429621688,2466.416479389425,0.1,10,1,2,1
22,3,0,1507.3762925307065,346877.5206113509,8072.128860799032,0.029900571107877593,2,0,0,0
23,6,5,600.3271814511726,20450.232691249308,1383.609084569827,0.3713186250217318,4,1,0,1
0,6,2,267.55783136161915,4781.597631426361,1487.9859467351575,0.16974399526587047,5,1,3,1
21,2,0,1239.8230390399867,272389.45520642435,5716.843426629101,0.015338694835666989,1,0,1,0
23,21,11,300.7662057518394,50216.56343470306,1515.2996317412762,0.2480628605396975,9,1,2,1
1,6,6,350.4320101636101,43697.01074171229,961.394428050788,0.1,4,1,3,1
11,1,0,1871.8548933685047,271719.27348878735,3922.394707364281,0.013554716893643185,2,0,0,0
14,1,0,1455.0320551127247,347173.6414475423,6460.145366290906,0.03361942663133394,1,1,0,0
1,11,10,457.4089296175769,33687.37386602689,891.6877583312948,0.10646769917794952,11,1,1,1
2,22,4,352.6632001548679,18026.118538674644,1090.333434069802,0.24540581695821356,10,1,1,1
18,1,0,1994.0851275346208,273483.8227765958,6555.282655068846,0.03745695524291667,2,1,0,0
18,1,0,1098.7440202158778,459935.0870814006,5409.285294623611,0.021078039575286197,1,0,1,0
1,18,2,222.83011447362492,13709.895737494902,522.3710170358813,0.1,11,0,0,1
23,7,6,618.3596527000043,19848.661635566154,1750.8906050883024,0.24256067959171504,5,1,3,1
14,1,0,876.2510234624733,390207.62444317644,3268.6541300029094,0.001,3,1,0,0
2,23,8,234.11488938429113,16086.696617620124,2827.6788684484522,0.4133016135660237,4,1,0,1
5,13,2,260.2877674502764,51272.623200269816,2023.708084776224,0.24908518312077013,4,1,3,1
15,3,0,1340.9408441256217,390532.30960752856,6294.918480795093,0.011458657032175886,0,0,0,0
5,14,9,50.0,40470.89784950984,1295.5259929319973,0.5136338420112401,11,1,2,1
17,1,0,810.468665636718,386116.6235982181,10000.0,0.022728483427128347,2,0,0,0
11,2,0,1099.081729648608,451802.6291570467,8684.927544325295,0.019929745804372144,3,0,0,0
13,5,0,1227.3852257486917,306410.1772048465,9356.473120766563,0.032397825958624726,0,0,0,0
13,1,0,1643.7520668065765,239405.5837152909,5393.369051349737,0.020101045510559298,0,0,0,0
19,3,0,1768.4716387188464,259437.40353937948,6342.249250126254,0.034719789997621625,0,0,0,0
16,5,0,1889.469160676782,223842.84729070723,6541.9131984814685,0.030023442202797755,2,1,0,0
3,11,2,561.530352027502,31407.65173578183,1650.7224413465003,0.30061191434382917,7,1,0,1
23,23,9,435.4236245946488,32787.18481922679,2338.5693711879776,0.21355156277941,4,0,1,1
21,3,0,1159.0937020064039,286479.04868698464,4910.242231652534,0.02322411855409523,0,0,0,0
14,2,1,489.7310985993105,152054.66669102575,6627.335395196165,0.015252242921525345,2,0,0,0
2,18,11,139.88886956650077,32373.665876201452,2025.5349172543301,0.25599357580206306,9,1,1,1
10,1,0,1474.4486435095482,427050.53810343955,8197.768855984592,0.015567518709897518,0,0,0,0
23,21,4,540.7838498773351,18911.92346242562,2120.3780418800197,0.37930611355519805,10,0,0,1
2,17,7,256.30545102639155,30325.218475106518,958.7563017903318,0.1724705996407146,9,1,0,1
19,3,0,885.4655584490874,262833.89663156884,6663.3422017171915,0.019903369224052482,2,0,1,0
13,5,0,982.9960369141065,201596.85827495536,7444.915475059132,0.019463855845126346,3,0,0,0
1,13,10,387.14733183659126,16603.099183424623,1278.6425040355523,0.37216601330336574,3,1,1,1
1,24,10,111.95639094002189,44238.645126024276,3000.0,0.3860176191167561,9,1,2,1
20,5,0,707.5832068738637,274018.3466107096,5916.618735348111,0.024255791155789616,3,0,0,0
1,11,8,50.0,40618.67236890546,200.0,0.1,2,1,0,1
14,1,0,1357.5064969216164,381840.8793431518,6800.137362680475,0.01088683376489885,2,0,0,0
23,7,5,732.7817724266256,13093.059451196328,200.0,0.3026776485041849,3,1,2,1
17,4,0,1056.0126314303502,195703.09666562336,9137.514470504855,0.024845047044032318,1,0,0,0
20,4,0,1295.565296176555,326841.25798529066,10000.0,0.03040360906171541,3,0,0,0
0,21,11,269.1225676909164,22728.1046572679,868.2602841253589,0.32279815703167997,8,1,2,1
5,23,2,421.71940717994266,28079.403269237184,2859.1979551058193,0.1792476134544005,5,1,3,1
15,3,1,1391.5387471330305,228649.8225002805,7056.393447334625,0.03364992368350202,3,0,1,0
1,18,3,621.9024862267989,34088.45595157782,2649.8098432162633,0.12770981055757588,2,1,1,1
22,5,0,1324.224993481711,225575.39388602282,9595.674535642003,0.03777305701792592,1,0,1,0
18,2,0,1139.8209014994059,391692.94538718386,5158.81693111992,0.019013830691701514,1,0,0,0
21,2,0,974.7943220349327,175316.9479856717,5255.998118969801,0.020089847246197792,1,0,1,0
3,6,7,686.302549695298,20854.27606374999,200.0,0.49593457205393837,10,1,1,1
17,2,0,1273.0251962781372,265107.82735589874,3637.6074509872433,0.011072936846145692,2,0,0,0
23,8,9,50.0,51245.77000498044,2685.9519017589037,0.32921595551398897,5,1,2,1
0,17,9,351.87018248382304,35551.858985128914,200.0,0.30867139189081183,9,0,1,1
22,4,0,1751.0190091786299,244287.01114015921,7803.176898444442,0.016161967801385294,2,0,0,0
19,4,0,1365.7100870054405,353921.013398462,7170.718480133477,0.010780060978400525,0,0,0,0
5,18,9,392.55790673868694,32462.839536171934,1319.969189454963,0.21135025390901716,8,1,3,1
17,5,0,1066.249157319472,303741.53107134637,3000.0,0.02959927870095646,0,0,1,0
3,24,7,753.6961711586926,16549.722839381007,1481.7055294507575,0.37835417781827513,8,1,1,1
1,21,3,251.5069313605073,29809.365574521504,1421.835389047194,0.43789346196094886,11,1,2,1
21,4,0,1426.4553234849482,449869.2317328268,9732.546152536335,0.008493041375361455,1,0,0,0
5,15,5,295.6890458570998,31388.38099635214,3000.0,0.1,3,1,3,1
5,7,7,50.0,25038.762987069225,1953.4378785037775,0.27604166291089055,4,1,1,1
4,17,8,129.7213070298729,20007.67969680206,200.0,0.25467617228710804,11,1,2,1
0,11,7,751.2379343732196,22590.485451605637,695.3742622175122,0.11404139674858108,11,1,2,1
16,1,0,1861.1982675394602,390996.41374112957,6449.698777410598,0.02244976901645034,0,0,0,0
0,23,9,469.0085597102858,40724.80512596089,1869.4993092725836,0.17706531943060944,8,0,1,1
19,1,0,600.9804155359355,372746.2194532092,6262.75966983673,0.02222071116667942,3,0,0,0
21,4,0,873.8731053328559,474032.39624171297,9010.64345203897,0.03559391807088449,0,0,0,0
16,2,0,667.7439384615916,395926.7458672686,4762.704738812079,0.03059681933804517,1,0,0,0
1,19,9,370.993942857858,21198.39955757407,1785.5318931987376,0.3764847989038166,10,1,1,1
0,23,7,508.3784551734147,25340.837927091994,1100.9493042654883,0.415432866820637,5,1,2,1
13,3,0,1476.893954187303,301507.7038782824,7198.06256051019,0.011895002590814593,0,0,0,0
2,16,5,310.87454632440523,63535.854010277406,1177.319612358217,0.38444080543660536,4,1,1,1
1,6,3,347.0682980452875,30956.460002493317,1447.4065506782224,0.5126315648909008,2,1,1,1
4,12,5,377.3334357015849,31233.498183574848,1659.5886956516108,0.24638294489348753,10,1,3,1
4,18,4,657.7468420650981,62047.27096327761,1396.5837458089961,0.23257209599254255,3,1,1,1
5,11,9,580.5584588719494,45535.28285248557,407.2803131175326,0.30453260843113567,6,1,3,1
5,15,4,434.4457972385331,28026.32868110353,1108.100128844743,0.10919593087637097,6,1,0,1
5,7,11,465.95616187678826,27845.816616433567,1311.6543785125473,0.5663543588079077,5,0,2,1
17,4,0,1960.9132561415886,239367.94147622428,3741.6361282388893,0.004247773967933431,2,0,0,0
19,1,0,617.6340322136778,343455.95469133975,5370.112979012867,0.024939039038334262,2,1,0,0
2,23,6,50.0,12332.197248910932,2294.811691661516,0.2958559595569454,4,1,2,1
0,14,7,695.9763866542665,42412.3570006038,1020.3871808600684,0.40190820849682457,7,1,0,1
3,17,9,528.2714752239386,36035.301268439885,493.22896624164775,0.21101014802673138,2,0,0,1
1,24,6,542.5812802117163,12032.082102508939,1704.808264569565,0.1,9,1,2,1
15,3,1,1032.7869221259446,302457.71422731434,6322.3039803746215,0.008973858242121109,0,0,0,0
5,15,10,316.1441273040097,30931.815062310532,2190.658156509814,0.3163728964097269,4,1,1,1
5,23,11,620.8083389784525,1000.0,311.4992698959361,0.23985465699281033,6,1,2,1
1,19,4,74.28713070442024,70012.65015551809,786.6125439520597,0.3723028285056659,10,1,3,1
2,17,2,755.5186360088956,37811.96233455677,1564.773846694767,0.19601198451571922,7,1,0,1
14,1,0,2048.333198133614,431999.6448519672,5583.344868412176,0.018589556302733637,2,0,0,0
20,5,0,772.7744609748643,163665.63925946754,4815.745049517294,0.03151022378201074,2,0,0,0
23,24,7,721.6880308601241,36665.32077125562,200.0,0.1,9,1,2,1
5,21,11,444.00934287999337,53401.315049716315,1282.221751240154,0.34778865436205103,4,1,2,1
13,4,0,1449.896810592602,317647.66424794914,5485.4327226523465,0.004848345333949051,2,0,0,0
3,24,9,707.086502873366,23179.893512013958,1435.8202967282482,0.30881825117939543,5,1,3,1
4,19,4,376.7756338409006,19876.850356436815,2182.1312829075687,0.36742776448878756,6,1,3,1
2,21,3,315.0418161155077,31225.076480592885,1705.3775726781087,0.20267748714219977,7,0,1,1
5,15,8,287.73838832184964,41922.010178286975,2118.3311138889967,0.4297325435055793,6,1,1,1
14,3,0,1935.9643996675534,355226.18258130306,8311.094525736433,0.031546559053889874,1,0,0,0
4,20,9,460.96762851581076,43305.32366861647,272.05280845282596,0.40880269842993056,11,1,1,1
3,9,11,313.61735678356314,35524.171763433864,731.360638842387,0.25032173518818424,4,1,3,1
5,23,3,372.6087919648254,50064.2162249604,1450.3053823660348,0.1,7,0,3,1
0,24,3,605.8090574832326,40375.6737407668,1989.0844133205403,0.2851071795730345,6,1,3,1
13,5,0,1005.8234523583601,448727.96272729017,6389.07411619888,0.016461498064382234,2,1,0,0
1,16,8,275.53643200381987,1000.0,1067.613109914207,0.1609391512768119,9,1,2,1
1,7,3,234.53789318750896,13012.85039735496,200.0,0.1,7,1,0,1
21,5,0,1999.0000372718696,390919.8349029339,6876.166563194423,0.019187476974999097,1,0,1,0
2,13,11,431.08602759810566,18219.422871800954,2564.696219717778,0.1,9,1,2,1
11,1,0,1336.4906530769936,341730.34615036176,7540.213156706706,0.0023072991770122335,2,0,0,0
19,3,0,542.7195680573656,232196.01368494262,6526.381949139492,0.00991548276570756,1,0,0,0
5,17,9,169.7227457952605,19105.08134918825,673.4402851526065,0.2695325269292579,8,1,2,1
5,24,3,243.15044877382823,26355.732929555154,1076.2442197023336,0.1,8,1,2,1
1,10,9,360.1106374532303,38907.736447408744,2133.765643492084,0.16506043530728257,10,1,2,1
20,2,0,867.4775473438862,260099.3149771359,6776.149346572769,0.03052887506078674,1,0,0,0
12,1,0,779.9585722133329,220023.58722121012,8827.651982227577,0.018972075002626383,3,0,0,0
1,20,7,514.6005291743148,45277.09567016235,2209.6198462473612,0.19303659524125072,2,1,3,1
0,16,2,264.34721548985243,23438.000592549262,1167.0203775272448,0.3327790151345411,11,1,0,1
2,6,11,412.62619361515965,23191.39545420932,2545.1981921643446,0.2055555881232254,11,1,0,1
1,8,4,407.46863474040174,18061.925609784146,2098.428709658358,0.2108007423701056,7,1,2,1
17,5,0,1409.8069738376703,346012.42916381697,3000.0,0.010509863686594102,3,0,0,0
1,23,10,360.38020063453257,4103.087841018598,1824.710960020357,0.1,8,1,3,1
5,23,11,449.6313229778326,47486.44591570138,2318.766909984739,0.22162588065879407,6,0,0,1
16,3,0,1184.038275364379,179687.5408251213,4568.590334556997,0.0220335983595301,0,0,0,0
15,3,0,1267.7924189682453,426326.1422331151,4541.019778477187,0.0017583583510861686,0,0,0,0
17,1,0,2037.8874335394175,392742.97691916046,4417.517045205247,0.019550599238968843,3,0,0,0
15,3,0,1223.1820674564688,317420.1342359071,4959.006582273048,0.016589669344810386,1,0,0,0
4,15,10,301.72482576509094,36379.59292816641,2104.464831011792,0.16471815587361127,2,1,3,1
4,18,11,435.6254147550102,11178.100944227259,971.1487225561121,0.20731921346231388,3,1,0,1
18,3,0,1832.2908169594066,273287.06893574266,6649.8412527405135,0.02862647041956492,3,0,0,0
1,8,11,478.85666435654394,5637.400528788839,1179.9179547358422,0.2731749382534479,10,1,0,1
12,5,0,708.6604939048384,155759.2019763977,9681.134750276218,0.02912147027016459,3,1,1,0
23,14,10,247.82614766355056,36634.55041699205,1420.02852481774,0.1,4,1,2,1
11,2,0,990.0731214828538,342132.7069515601,8827.486009525688,0.026465610996280236,2,0,0,0
21,4,0,796.861380373143,100000.0,5173.3568291028105,0.026171836136035295,2,0,0,0
4,23,5,474.1198002016519,46539.4896685738,1467.4988327330243,0.520402647472815,4,0,0,1
17,3,0,1028.3693396118294,365474.7219161467,4180.691303958703,0.023228168381267518,2,0,0,0
4,7,9,290.50683032929453,9349.26301605385,200.0,0.32217805846808995,5,1,3,1
1,17,7,326.4249010939508,39635.72158331619,1502.3391684992757,0.1259677332960071,2,1,3,1
5,23,6,263.5787296256839,56214.763077635755,2016.8668758365473,0.2931370362118336,5,1,2,1
11,2,0,1277.3861483952958,424865.5753889638,7161.73471884352,0.01911179350574131,0,0,0,0
4,9,7,560.7474908035407,46934.86023380506,2179.4021838630756,0.2564655021749717,5,1,3,1
4,21,11,557.5297621202502,29456.578490553176,1441.0755770970493,0.18234003058626053,5,1,2,1
5,20,9,588.6344173497806,28675.3636141277,1140.452243314423,0.5033660000972324,11,1,0,1
1,21,7,483.08112499855855,49368.1009415727,1621.0992501763983,0.30780079732202814,5,1,2,1
1,16,7,425.51888045622496,48145.019996162206,1113.1298159339176,0.31805672643079563,8,1,0,1
21,4,0,1395.531423280806,230172.62037686282,7293.9798897745995,0.031105622753312672,3,0,0,0
3,17,3,329.8531071424205,38439.48229179162,1750.0554376523744,0.35587530245044313,7,1,1,1
11,2,0,1070.6252187429054,310205.1157312851,4213.885390634185,0.02006738545307093,2,0,0,0
3,18,8,377.6665910255116,39907.359415727726,2038.9708073880056,0.3272775264276655,4,1,2,1
12,5,0,1317.3264739281894,386872.6025043816,5201.273017365488,0.027466430775166577,0,0,0,0
22,1,0,1483.8419552651153,482304.12506059115,6065.69162256017,0.02121059362473663,0,0,0,0
3,15,4,330.44540654842,31668.654182236143,723.3284242493407,0.2060184893902793,3,1,2,1
21,3,0,975.1624759407256,266982.1425229812,5397.033507624993,0.028285788372532948,2,0,0,0
12,3,0,1144.9035603769687,351453.2466341808,4478.696341967322,0.014745759607208885,0,0,0,0
3,7,7,791.0506605361534,9301.489993350802,200.0,0.2599966516909883,8,1,3,1
14,2,0,1215.839527220855,115796.62542143953,6928.057078361364,0.02004542379779986,1,1,1,0
16,3,0,300.0,219115.4849139079,5243.244850545498,0.010492865593254935,1,1,0,0
12,1,0,966.1397618787126,253513.0030426482,9711.596485149306,0.03967325121648983,2,0,0,0
23,7,11,367.27179596750824,27290.65140662789,2656.751527141101,0.1,4,1,1,1
18,4,0,1159.4683908727638,456972.75392410764,4168.758189760727,0.0018980784463603281,3,1,0,0
23,14,6,600.6617370641924,14285.404595259888,3000.0,0.3256575039471639,2,1,2,1
5,8,7,659.9407247352324,25565.6553647118,1808.0334245137112,0.2757724570236258,6,1,0,1
21,1,0,1992.2604186782482,233826.86257279245,4449.461076049274,0.01548063306735074,0,0,1,0
1,22,10,306.32155853182894,29217.87183478449,1564.5896602912446,0.5714498087582967,8,1,3,1
0,24,2,407.1499256746583,32885.46627236113,2234.913205225685,0.46528845296892496,11,1,0,1
23,9,7,252.875441525132,36240.77074311681,1959.6718711579417,0.14913515087480533,6,1,1,1
19,3,0,1286.7777310382985,339750.59450909775,3700.3540693850546,0.03717529753138529,3,0,1,0
4,16,8,561.0914922242375,21148.85771649354,1075.3235021833116,0.3193316608307408,3,1,2,1
22,3,0,1336.3784494067734,261784.21379476774,3089.088126297295,0.03337083177556795,1,1,0,0
23,18,3,646.1364690713597,35671.14074306718,1198.672252659498,0.1,10,1,0,1
2,8,3,509.76955585145186,30947.386061802386,472.7158960742588,0.17673782122851078,4,1,2,1
0,11,6,720.5669762601435,34550.58083857619,2146.1020562763497,0.3092377762258842,6,1,1,1
17,5,0,739.6115351305051,354317.5189766048,7159.214700275863,0.02699963066323442,2,0,1,0
4,23,9,448.83792929408366,35810.44852180198,647.6880661331269,0.3772644308049052,9,1,2,1
1,7,7,611.8762313864212,16096.392854514343,1730.156887627448,0.3929038766555586,3,1,1,1
3,21,8,478.7816994787486,39464.59422741983,1418.1039151399764,0.29280606836879314,8,1,3,1
10,2,0,1907.6792315509772,257774.32782785982,7313.699048659306,0.0038443131674245797,3,0,0,0
3,18,9,596.1574473955989,48190.17251380922,2035.8872888993046,0.1,7,0,2,1
1,24,8,280.28030205703146,39793.98720218211,3000.0,0.17800238970711157,5,1,3,1
5,19,11,452.30638318141746,39859.64991853141,1785.5578914202238,0.2191474501051996,4,1,0,1
5,11,9,544.4254387251397,11409.512252129818,2398.027340919826,0.16375837516994038,3,1,2,1
14,2,0,1506.4710390484875,239800.58531160557,7867.159243669623,0.033007880526291,3,0,0,0
3,10,6,317.6803251218791,41758.155516850165,672.5529902497556,0.18177940673607199,2,1,3,1
1,21,11,386.84276875529315,68868.14457701263,1556.6021818865192,0.196124433532453,7,1,1,1
21,1,0,1127.1939724068643,513836.7241978551,7891.904282071761,0.0334871820331014,3,0,0,0
4,10,5,596.4578257956748,1000.0,2138.35308229621,0.11087957785312627,11,1,2,1
21,2,0,1147.40327520431,324962.60256047285,6841.287822489378,0.005726415628880488,1,0,0,0
1,10,8,449.96429025669903,28613.012252200228,2780.1052297434253,0.1513327314593348,3,1,0,1
2,18,5,489.21137479195767,41979.80584113956,1559.6622714840714,0.30565961695319,7,1,3,1
4,15,8,193.93220364114484,29629.566439173,200.0,0.3625546232715189,11,1,0,1
1,18,10,652.4746681301402,36537.74509023661,3000.0,0.10959523067456692,2,0,0,1
17,1,0,1030.206273386335,311933.3987072112,3206.6665286259486,0.024493423099519997,0,0,1,0
0,6,5,68.93454141986615,18901.1203364271,1058.5178011480912,0.16928605908069722,3,1,0,1
11,5,0,1126.4677678719513,412479.9976977889,4018.850023583585,0.028345015615853182,3,0,1,0
11,1,0,1276.5824544599739,228319.19019247885,6517.420321116254,0.034949790135541156,2,0,0,0
12,2,0,1935.5626257238018,316924.8261742663,5965.507423378008,0.017983689597814108,0,0,0,0
23,19,4,232.65433665923644,34618.88165420761,986.580121618155,0.4476938043327705,9,1,2,1
5,12,2,474.59645463381014,35116.016844744096,757.4663591055825,0.1,4,1,2,1
14,2,0,784.3415478558322,242680.4192531114,3875.4574613099726,0.004839014181998636,0,0,0,0
1,22,7,604.2305658692542,56830.33947607772,1239.3933304932423,0.19329598750476415,4,1,1,1
12,5,0,1168.664843449554,323251.0033657459,3337.681363014719,0.014478799184114117,3,1,0,0
10,4,0,980.5740197771499,380973.5749794794,6144.08287197226,0.01744048207413333,2,0,0,0
23,24,9,446.2626337311873,37162.796855567845,753.0737956053906,0.13264387718827642,10,1,3,1
5,14,11,451.6181521532511,18014.948564894723,858.289429604736,0.30557168106685706,3,1,0,1
20,1,0,1179.6799526267541,199628.10029893534,10000.0,0.001,0,0,0,0
15,1,0,1356.5271064842143,215679.97357113363,7460.304228124433,0.015612017695908458,1,0,0,0
15,3,0,1077.581813974233,393874.3175056572,3000.0,0.015246288489198347,1,0,0,0
12,5,0,817.839253957379,398114.78261603,8700.187846690473,0.03435797030191799,3,0,1,0
0,23,2,390.48465414029266,35085.72655877979,1471.408497511327,0.1,7,1,1,1
5,21,3,631.4613356962075,23084.5071723453,1911.5232583150173,0.1,8,0,0,1
20,5,0,1750.1838710672212,308091.52255271206,8290.37611396313,0.021944612158837636,2,0,0,0
2,17,4,380.23638929856975,10986.040205352801,994.3648863969883,0.17084080645247854,4,1,0,1
3,13,10,479.4177405479721,45119.525381685584,1068.9154469529817,0.20344112272867163,11,1,2,1
21,4,0,1484.4135921046905,457196.7985387617,4343.957400387249,0.013633175162766712,1,1,0,0
23,12,8,50.0,19365.882588755616,1275.833620349088,0.3792812142798999,11,0,0,1
5,15,8,353.4752850326447,21172.86714408306,976.8404619077755,0.1,6,1,0,1
3,13,4,133.24169349924506,52318.63595803824,2012.6522549760539,0.43174251230850985,9,1,0,1
5,24,3,777.3201270203222,19117.33683017907,1181.373796923369,0.1981563123029653,3,1,1,1
4,12,6,387.02777998048305,28910.97237132009,251.01143363884785,0.1,7,1,2,1
5,21,11,727.1649450244516,29775.503748327417,2090.1622195489513,0.38950165453463115,10,1,2,1
1,17,2,424.62552572500346,20195.383073061712,879.9773241573167,0.416993019179176,3,1,2,1
11,4,0,742.1529340493621,389830.5513856897,8595.532718449183,0.024720790805763306,1,0,1,0
11,4,0,1725.7787599907988,377987.45284307934,7095.805586000294,0.025046082929230433,0,0,1,0
15,5,0,1384.1313560044728,256267.23151527462,6520.407578752828,0.014381021697944373,1,0,1,0
21,5,0,1140.6611284768715,300663.8010381105,6818.05879602499,0.018724104946002906,2,0,0,0
5,7,10,119.05531578881784,17521.91596713058,1189.6986935024104,0.12726820732614874,11,1,1,1
23,24,3,235.05752155238318,31845.022672122876,1182.2075308287763,0.13284184670399227,8,1,2,1
3,20,11,458.1212655717376,2166.7828529570506,1913.6716522939055,0.5703919535384886,9,1,1,1
21,2,0,829.2303655601568,342883.8297805281,5400.243344766752,0.022461802338383123,3,0,0,0
3,20,5,367.4060382300456,39866.74302582353,1515.719073450366,0.3734860715180946,4,1,0,1
0,19,10,306.0927834866311,38972.65076872359,2478.2896317248164,0.3138709254442743,5,1,1,1
11,5,0,1507.4461750667847,236601.20500330674,7894.855144627691,0.019818562696460897,0,0,0,0
0,24,11,414.50761305827405,10025.537494893513,2357.107707702531,0.3293926861255448,11,1,1,1
3,24,5,465.28066445661784,28468.715306711605,2290.1904150619685,0.24053018159981354,7,1,2,1
10,1,0,375.92058111332017,391238.6573642275,4156.563127901559,0.036252227452879815,2,0,0,0
23,16,8,446.6567554252226,43135.8504640552,2381.58325664011,0.3293872502264141,2,1,2,1
23,15,4,664.6077410420892,1000.0,1010.5365555198501,0.40828784424273035,10,1,2,1
0,9,6,322.00915381207426,37331.89290845205,1559.267387119364,0.4499453901346112,4,0,2,1
18,5,0,994.0270548075184,380962.24271269084,6203.491583444638,0.026791051627475825,1,1,1,0
17,4,0,999.1216833104685,418275.90192195226,4565.587272397084,0.020100119838185073,2,1,1,0
11,4,0,962.5638562437741,446010.5906247803,5873.590931095525,0.01737702698058593,0,0,1,0
23,12,8,460.624950855812,32343.492268020334,1654.5415861689098,0.1,3,1,2,1
22,2,0,1365.3385154752812,328626.7015178941,5444.949977720181,0.022190833153632253,3,0,0,0
5,10,7,473.73960165375826,2737.2655925036815,1020.0809595801627,0.14911318285173586,3,0,3,1
22,4,0,748.2000148867337,253470.08365156647,9693.143300588794,0.023842372144756416,1,0,0,0
13,2,1,757.6267101680177,354303.83607482107,5380.17196950616,0.030353799615201606,3,0,1,0
2,14,7,481.7748650419788,35772.49976783568,2221.5262733119584,0.1,7,1,2,1
10,4,1,1115.6766701975155,300750.2974481688,3753.3492251667667,0.014089703129129084,0,0,0,0
4,17,6,161.72006344724963,9143.116012341041,1750.5290026823618,0.27792099872082127,2,1,3,1
21,1,0,935.8682952994506,406795.7744258293,8159.396366953113,0.011885629172346288,2,1,1,0
5,22,2,790.476064261931,45627.07051032416,995.211764844154,0.1,11,1,1,1
23,17,10,424.9553181379811,13565.62548537883,1137.3798844605114,0.30113736632395194,4,1,1,1
23,18,3,580.0482888270326,57079.2155496849,2472.0047788118545,0.4884753719841957,6,1,1,1
1,11,3,429.0764353800978,19699.800410436088,3000.0,0.41238843533167346,10,1,1,1
21,2,0,1377.362275016888,438998.5043272404,8368.312958644654,0.007731196154282865,1,0,0,0
11,5,0,1126.5224134493628,290504.36304968793,9174.751333893331,0.024531728483463442,3,0,0,0
15,5,1,1280.4219949242279,315219.3779801085,5054.65220412014,0.010896023163808038,1,0,1,0
4,19,10,511.9853969227969,11779.561419816891,2626.5996805104264,0.25182960375004376,6,1,2,1
15,4,0,992.4531328187916,352854.5093788963,5815.019896973875,0.01674366928573618,0,0,1,0
19,3,0,1656.3877977025727,294491.5245382921,6788.067009934943,0.0012086582566818958,1,0,0,0
2,9,4,262.63221982381674,1000.0,1526.3431889734948,0.21538429507822832,5,1,2,1
13,3,0,1210.25106896081,100000.0,8446.346235437491,0.03399871878719101,1,0,0,0
4,17,7,499.94833610077796,30851.12270232361,1694.4037174376326,0.5395632834556405,3,0,2,1
2,10,3,209.7668607200957,28710.329673673416,2151.236289467004,0.33718461310716746,6,1,2,1
12,4,0,1966.2568082637567,260551.3990417571,3706.280656079231,0.012710261821412137,1,0,1,0
13,2,0,922.8844049160168,220233.46309525566,6795.068057394114,0.001,3,0,0,0
4,16,3,846.3336414832777,23780.756913743142,1127.847730461355,0.3186986267649511,3,1,2,1
18,3,0,1309.760482020943,469906.0752396968,3000.0,0.035713243804533806,1,1,0,0
12,2,0,1467.794142069887,248311.73639158797,6134.761204842139,0.0017179401280262088,3,0,0,0
20,3,0,1484.6486936736692,314630.5974540212,6630.923064544829,0.030313978019198738,3,0,0,0
5,15,4,649.636686678233,15774.697722134037,1958.962285377857,0.37708873521869235,9,1,0,1
12,3,0,1334.819476337898,283637.25459159806,3158.8211180204603,0.028301549592649,1,0,0,0
19,2,0,1265.5779778232104,276896.3064338601,8846.875846888468,0.011510091520817865,1,0,0,0
22,3,0,553.0040883033706,100000.0,5500.997200240845,0.005239821106423924,3,0,0,0
16,4,0,899.8845323303846,373192.62453856866,6836.728986354708,0.023347440268222955,2,0,0,0
20,4,1,1231.187388877577,201496.2864338226,5482.622095890188,0.02666683958398271,3,0,1,0
23,23,9,583.6582547112357,7582.244723843276,1404.9342821914784,0.4666400205119797,3,1,3,1
0,6,5,291.87999686685515,41758.99861351077,324.27404590503556,0.1360162867337411,10,1,1,1
5,18,6,72.9340318213766,15318.572292971447,2252.4822707605226,0.5036781957856938,7,1,2,1
5,19,7,362.6492582840827,46106.847158764875,362.72799457663086,0.19221951383482766,2,1,3,1
21,5,0,1605.8345013045869,418052.62912317214,5095.713964818835,0.009214961440851996,3,0,0,0
17,2,0,833.586502116961,327745.32576559205,4579.438889446782,0.008953539831783389,3,1,0,0
21,4,0,1252.4196655844694,348088.2653933827,3000.0,0.02819228147703257,3,0,0,0
10,3,0,1443.4947584367487,316441.81871250767,9317.700094034728,0.011716384245241202,1,0,0,0
19,5,0,1114.151733845912,220220.94456791106,6309.334140148901,0.02296535831958767,1,1,1,0
11,5,0,774.8229079267325,263142.7090693362,4362.591793145369,0.024076456555588818,2,0,0,0
22,3,0,1575.3715430320738,414244.95630017616,5986.196544801693,0.02542673076391099,3,0,0,0
3,10,3,550.9783055829661,35797.99088093195,2148.1007654861282,0.1,4,1,0,1
20,1,0,873.7692582247284,256731.95014973756,9106.119540084232,0.028071746823125958,2,0,0,0
0,12,2,211.3857446906648,59803.00141641368,2136.4057988847953,0.4717859203636373,6,1,3,1
20,2,0,1280.5443314737943,233257.0379326578,7453.238428106461,0.021343635064545122,0,0,0,0
16,2,0,1892.7033532721407,271646.012192508,3848.783504787993,0.015227939778154221,2,0,0,0
0,11,4,274.4349725859397,7150.251655908232,889.8501201305498,0.1089161345278811,11,1,3,1
11,5,0,1078.4183747717834,241029.47054887706,4989.224166725946,0.02603554645899463,3,0,0,0
4,18,3,324.94831822088395,13047.955227825016,1946.1444069625252,0.5234477425425956,9,1,1,1
0,23,11,368.4841392448198,29376.912421928246,200.0,0.1,9,0,0,1
10,3,0,1532.907835429683,282281.5124571614,5604.317452462682,0.023296182343981415,1,0,0,0
5,13,11,166.35387576199003,1715.0697015463666,1255.2243338259516,0.1,11,1,1,1
19,3,0,900.3389380531755,469911.5018870748,3000.0,0.02736413795056577,3,0,0,0
14,3,0,1560.5184844824103,143776.51433497362,9769.939424830633,0.026627012713306347,0,0,0,0
0,7,4,568.6832160327117,20534.75847480564,387.4068015589587,0.1107335682106228,4,1,0,1
4,9,6,136.23358170730893,30673.006464736165,1886.6649112403443,0.28174766853605965,7,1,2,1
14,1,0,782.9210363266856,333684.30229165376,7754.172357301015,0.004478982008691379,1,0,0,0
5,15,2,495.7306687509506,21814.803003617355,2102.620715683449,0.18514131040612114,2,1,1,1
23,7,8,377.47636765185547,8262.432761976299,200.0,0.28865803757267816,11,1,1,1
18,5,0,1190.8136398742197,338788.77170798864,7181.737780955753,0.017445723470181345,3,0,0,0
16,3,0,1536.1101816039036,564103.0778662475,9774.55712441137,0.02296594543674097,3,0,0,0
18,2,0,1066.391866304958,174699.6680651285,6090.580894589734,0.013802127529539245,2,0,0,0
0,22,2,178.19099416088415,42338.41845828043,1813.2742156477996,0.22873641207419662,10,1,2,1
5,22,7,574.1284297792705,54043.744317783785,1569.1372703718953,0.18758757881892563,4,1,1,1
18,4,0,1345.0064901127068,342882.2554626669,3000.0,0.025362189251831837,0,0,1,0
23,10,9,487.6110523921514,24136.211867868227,1571.7575859527558,0.23523256663036501,2,0,1,1
1,24,3,221.27488470169715,41896.737172917456,3000.0,0.30866402364334616,11,1,1,1
13,2,0,300.0,260794.48397485178,4655.262270621197,0.03946788825991345,3,0,1,0
5,14,3,674.4482536159944,21341.837957525924,1249.3985237652503,0.12397244251740708,8,1,0,1
5,6,7,56.92839133152876,44064.94869371834,2585.4156799935663,0.19290504268223474,5,1,0,1
22,5,0,1520.3040733486012,316343.7322214142,3816.2072359156214,0.014847963706423578,0,0,0,0
0,17,9,619.8313682392003,21489.435797438942,670.6451304521973,0.23352267033627133,2,1,1,1
0,19,7,207.84339406009195,36413.47287561086,2408.2695400906005,0.1,9,1,0,1
0,9,4,342.7721829018738,41820.82534775909,3000.0,0.432541969899614,9,1,2,1
4,9,9,491.18038512773734,1000.0,3000.0,0.41093776802023296,2,1,2,1
23,24,10,458.93012699977277,17141.70914516545,2762.4156170052456,0.13956202917663507,5,1,1,1
12,4,0,1135.3280291142019,357916.29425114347,7876.700626048663,0.04048262711728085,3,0,0,0
19,1,0,1518.5051198107653,416921.960434763,6237.830132749122,0.017025487823422687,3,0,0,0
3,18,7,498.0850456356291,38161.97856759595,909.9954815255521,0.23657938854236682,6,1,2,1
15,1,0,1238.1172476640936,489345.2322824518,8062.851375288297,0.0252968910815015,2,0,0,0
22,2,1,657.5950913602297,253608.19596781398,8071.657567943604,0.015338447988797674,0,0,0,0
4,16,4,541.0843394394793,23344.105325848795,1370.1579307736945,0.30315220532608395,3,1,2,1
21,1,0,1783.2239106596414,403873.474414457,4363.084653371917,0.024573436142184588,3,0,0,0
16,3,0,997.6617322988178,204512.57689494384,8191.649671968347,0.02758877543180597,1,0,0,0
3,20,10,563.2894841195695,21271.379739253913,1505.4610244935723,0.2783423717180326,9,1,1,1
2,8,11,50.0,22996.029459401507,799.5877449504536,0.35678165091043773,2,1,2,1
18,2,0,602.6729098926318,482534.14656306105,4739.812252901154,0.02359393420467794,0,0,0,0
1,24,4,459.9256598749131,40802.77002521139,1657.99602489203,0.47586267664040516,9,1,2,1
14,2,0,1085.1175280866923,273543.0967395681,4023.7768462295126,0.028525321208849548,1,0,0,0
10,1,0,1510.5659674553724,554503.5523403604,5151.496570775829,0.02255572805037201,1,0,1,0
4,17,6,348.2737558087116,5693.6535074610765,2254.4644685370545,0.2535650251074958,7,1,2,1
0,11,5,709.3292312762972,24921.6757939315,1473.101237477069,0.27992757047405203,10,0,0,1
5,7,8,664.0385608033698,36809.23402090407,910.1175383852554,0.4424984293916268,2,0,2,1
3,14,3,482.9234286400625,49777.90936214452,1444.5927759689916,0.16983240482065687,2,0,2,1
3,6,4,262.6490480979239,53523.10992649285,2253.3710315359695,0.19760705441389262,7,1,1,1
21,1,1,853.4653531248553,361190.36661702266,6270.086705927418,0.02359258818356547,2,0,0,0
23,21,10,138.58348676073496,3703.5832708034577,1588.69870364114,0.20316807226856565,6,0,0,1
16,1,0,992.9866044347223,242421.6570656991,7897.598810728834,0.008236621867599507,1,0,0,0
2,13,2,652.5181179219248,27080.671489668843,2905.255086928732,0.17123785245073808,11,1,3,1
20,4,0,1392.5773849247312,392710.29658316023,5533.355747927007,0.02327775169905727,1,0,0,0
17,5,0,1649.9948425520656,353874.09256759495,3190.694165439901,0.02124495095430636,0,0,0,0
1,9,4,75.98512620546813,53313.26182627407,810.1974291430618,0.4786680119524285,4,1,1,1
14,4,0,1184.1431688420346,112300.2473492446,7378.865963529714,0.019037548323963305,1,0,0,0
0,7,9,513.9060648361864,32863.58917789559,1558.7206852884856,0.31185412266861323,4,0,3,1
22,3,0,1337.204784085384,300626.6239915074,5080.0184958167165,0.029939840905447997,0,0,0,0
1,10,2,453.71021016313114,25088.47301519555,2359.8187920998794,0.2099103340657394,10,1,0,1
12,4,0,1205.5320798894788,239596.77095545956,7590.553620078008,0.015421395168186651,0,1,0,0
22,1,1,1460.5383909806592,331783.76319746964,7207.786024723221,0.03237438552564681,3,0,0,0
3,17,2,246.12826393392052,16498.60028026548,683.6363814876171,0.24544799706450318,4,1,0,1
22,1,0,1590.3528333231006,425651.66360057006,10000.0,0.012856615185281278,2,0,0,0
4,9,3,601.1022625168204,22739.412501291456,1575.9622767883925,0.4223312653536854,2,1,2,1
11,3,0,1136.0568536657047,347766.2138095501,6169.944123188774,0.037200912801670274,0,0,0,0
5,14,10,381.6106876401253,19472.10347828003,2256.9835379774363,0.5042473615177068,9,0,1,1
13,1,0,1533.2641976103232,406418.395292862,7018.8979348214,0.04171490046264928,3,0,1,0
18,3,0,1347.7198056150833,277401.2650488711,4772.977016175918,0.020279902958070726,0,0,0,0
22,5,0,746.0038128955521,143998.69047019168,6701.99918353945,0.008602749308391524,2,0,0,0
22,4,0,799.6722156065532,387929.6525679432,10000.0,0.017831453084089365,3,0,1,0
5,8,5,569.5581260060651,46440.68011805318,2519.714975147166,0.11793920171864364,3,1,3,1
5,18,8,414.263184569136,27192.379699195175,823.8015406286577,0.557090452224898,3,1,3,1
19,2,0,1380.7590344465884,258916.65734278332,7333.951493810715,0.0045440421033208,3,0,0,0
4,24,5,347.0718742215627,38377.22247016466,2174.536673943072,0.42081718907706145,11,1,2,1
1,13,11,242.2362270047626,7607.211190325663,2197.3768886518346,0.34752113936011936,7,0,0,1
16,1,0,1348.5604343728942,372574.0075270287,8881.982986996058,0.004281145733608688,2,0,0,0
22,2,0,1597.5888256301912,279586.38225102384,4135.963473049947,0.014640414303642085,1,0,0,0
23,11,3,307.064733073817,28766.638391233457,2151.117238957492,0.4624965409558337,5,1,3,1
14,4,0,1131.8861872696796,107768.58125271671,5460.119544757938,0.008946888854886299,1,0,0,0
11,4,0,1078.8460488479275,258627.46774103752,7473.286079931929,0.016133019117046205,0,0,0,0
10,2,0,1702.260767408174,216337.76503381203,6395.190764519998,0.023376217827466378,1,0,0,0
13,3,0,1266.746098976662,304521.5717097509,5172.768988940864,0.0221088989994715,1,0,0,0
3,22,8,604.5089302226143,41042.35405348725,1340.6944290343722,0.25382912000681385,8,1,1,1
5,15,7,130.3166060884423,17788.863850905553,1206.8480703587068,0.12135774184085998,3,1,1,1
13,3,0,1171.711980439915,493306.522571079,10000.0,0.018435033034118826,0,0,0,0
1,22,3,186.0042211840017,38570.88936960607,1657.4550443309138,0.4011806498366709,11,1,0,1
3,22,4,86.19381534480135,27914.48873266799,2261.8118805547333,0.10440641099745948,5,1,0,1
23,16,9,277.4755925839441,19185.762365649687,864.5398749758779,0.375522063159078,10,1,2,1
15,1,0,1584.70407261414,324088.5600195502,6687.449427775491,0.013793911578679825,3,0,0,0
2,18,6,321.29707328835497,1000.0,1125.1990387132896,0.1,3,1,1,1
12,4,0,1010.6174961381212,337852.4863578553,7045.1943061267275,0.026829141445739245,1,0,0,0
20,2,0,2063.1886744113035,156819.93939604357,6369.547136572512,0.0077569978575552125,0,0,0,0
2,11,6,581.8801706064824,35116.070093869275,2497.4335507688447,0.3248853439685028,11,1,3,1
1,9,9,219.01907389143173,37835.14513285193,382.47364091670374,0.15714810207250898,6,1,1,1
19,3,0,2022.0883874065385,344174.0428168491,3229.7532186307894,0.012289905463363258,3,1,0,0
5,13,10,318.6525124347193,45427.70078711046,699.7615502762051,0.2561904622231779,8,1,1,1
10,5,0,1099.2932691718524,232090.2636430543,5007.538879023943,0.022358349208053532,3,0,1,0
20,4,0,1349.9114123434692,414254.472624628,4067.955405814361,0.02827790444195657,1,1,0,0
0,24,5,357.60266858454725,32958.166016819836,2517.7420637561,0.14425763396111152,5,1,3,1
11,2,0,786.7455039685726,174926.98835412815,6895.138356178051,0.02322108679394815,1,0,0,0
18,4,0,1707.780289369437,225568.8212242893,7257.564199260635,0.02169499583756046,1,0,0,0
2,7,5,515.2015721206475,55301.72515571416,692.6772127663984,0.3190091633472443,7,0,1,1
3,24,3,179.95435015767183,1000.0,2272.639685304728,0.2914008984284473,5,1,2,1
3,17,6,443.9289702520493,14683.030337233793,1597.541807057527,0.3040987315679851,11,1,2,1
0,6,5,442.98145421452375,18839.80304312092,1681.4467030688613,0.13551937986737256,4,1,2,1
23,15,7,383.2016678622901,13855.365881705899,1122.6977582783961,0.25354769173133673,8,1,0,1
22,5,0,811.8333681749889,271152.1797116099,9742.497836661172,0.010965689055406512,0,0,0,0
15,3,0,1515.2341763072545,226482.6438126621,8385.355055482985,0.01860319722771457,1,0,0,0
16,2,0,1605.2759218041556,366177.8479579289,3115.813384658559,0.025296999859550737,1,0,0,0
19,5,0,1610.0253184204473,232835.62118640478,9384.761756923988,0.029923741413264524,2,0,0,0
17,4,0,1413.750625136019,380589.34603321255,8450.066723558482,0.015002931515139619,3,1,0,0
4,10,6,453.902086791729,22321.905395440313,1046.4608666036997,0.10581232844208338,9,1,2,1
16,4,0,1520.727716080421,421355.2945393502,6182.036926943259,0.016777718272185837,0,0,1,0
22,5,0,1788.525991103978,440626.0179174236,5956.892278498058,0.015600460077789875,2,0,1,0
14,1,0,1084.9450155851948,195881.52148257056,6971.800012374088,0.0019011997321877888,1,0,0,0
22,5,1,664.2931512047668,145640.5811557962,6211.124793476178,0.028566008465286504,1,0,0,0
12,5,0,1192.8614360826043,289385.3605176671,8044.701377992867,0.022950835122469662,3,0,0,0
1,9,8,204.82048334725394,26729.585851132208,1599.2560501672224,0.2312885532320314,6,1,1,1
1,15,10,248.1161819077834,61635.37879122679,1702.5544736945583,0.1,4,1,0,1
14,2,0,890.7598176243716,327545.1098363314,9529.070248156324,0.008346648364066482,2,1,0,0
3,7,9,280.3697746182988,23208.21123263288,1267.934655694111,0.15131454169481157,5,1,3,1
2,15,8,471.97376289761246,50493.523373636,1896.0875505094677,0.25157815776992354,11,1,1,1
5,17,6,295.223219809322,49440.73635096708,2001.9876744943338,0.39704165044547746,4,1,3,1
1,14,11,77.60990819244495,28801.025604662034,1180.192785830286,0.2227407534198631,3,1,2,1
18,3,0,2052.8742667225515,339607.7527968584,6946.281810831856,0.04993905067934666,3,0,1,0
3,11,10,585.0176932676471,23458.89974024006,1459.3692250583385,0.2467691912021506,6,1,0,1
0,11,6,300.7539002786842,18899.42760766088,1935.8213522128528,0.10940404612561785,5,1,3,1
0,15,4,616.4011401363991,25975.85932162159,2212.1867147344274,0.20989999338326226,11,1,0,1
13,3,0,669.6519645102077,347902.68713296205,3681.6357879385637,0.026836678612285583,1,1,0,0
0,22,9,437.2828358415352,31314.787950010894,937.3359340065581,0.325919009202982,11,1,1,1
13,1,0,2189.1999707072346,236516.0875711076,6371.374617684548,0.016547517334786918,0,0,0,0
23,18,11,774.0701099634373,28846.472553624404,2767.6145302409554,0.17069947157600746,7,1,1,1
2,6,8,92.53936608707801,1000.0,200.0,0.1,7,1,0,1
2,9,8,555.5002711879058,42874.74349079298,1750.0589921111577,0.1,3,1,3,1
0,15,11,586.2046452160541,1000.0,2546.520682968803,0.20070705617074225,6,1,3,1
2,18,6,436.33734447390196,6318.922113351531,1112.7140244685188,0.28751904556274993,5,1,1,1
22,2,0,1267.7152094624053,170117.11819011855,6786.886094566797,0.006472159601876472,3,0,0,0
4,7,11,240.4117579458024,44461.75513447683,957.3895834492522,0.11987386620094903,2,0,0,1
23,19,8,159.23733050857754,51980.40214982082,1013.2800574994104,0.3098636940560154,9,1,0,1
23,17,3,713.6364062815567,28018.119123199333,348.21008355308913,0.24915568739928584,9,1,0,1
19,2,0,761.0830921109226,130968.0974122799,7067.572281840082,0.020295854267290726,3,0,0,0
13,5,0,1229.0744500254802,186382.57634744883,3233.967989216631,0.024942728939739495,0,0,0,0
13,3,0,1373.1545978561794,439686.38930523046,5004.466351333901,0.01059027677480329,1,0,0,0
18,4,1,1374.6036527680246,100000.0,9402.02482107345,0.01774164140292718,1,0,1,0
16,5,0,1000.9637021423216,287619.04751721275,7608.932181372549,0.00782127431450184,2,1,0,0
16,3,0,1600.908414270244,382206.17843060166,5356.295724178599,0.001,1,1,1,0
14,4,0,1788.0411126874785,510091.6139234912,6163.966277474379,0.029733744493865837,0,0,0,0
3,17,7,282.40556621564235,31233.093790745992,1010.3700172978854,0.17755421337849991,3,0,3,1
16,4,0,1531.8816517494847,261475.31899070126,7756.1360179582425,0.01717848014964705,1,0,0,0
12,2,0,1178.736077710967,499227.34717416065,5410.941393168933,0.011788085893081914,0,0,0,0
10,3,0,765.4833372008287,293324.08218226704,4189.544338116355,0.011631673532876448,0,0,0,0
2,20,10,495.12529351208286,25930.085528205826,1697.7799497807023,0.31943306832669577,2,1,2,1
0,20,5,560.9536566240248,14162.869873574022,1810.7330907091819,0.3672472968108693,7,1,3,1
5,15,3,322.6413895895633,69366.95237209322,1839.4819143017392,0.4532393656644007,7,1,0,1
0,24,11,415.1586452256937,6505.185096489156,2215.6422836448023,0.24082162526883563,2,1,0,1
4,21,7,372.238778379763,33295.48877841373,1966.0341767953662,0.15747183971510698,9,1,1,1
13,3,0,1283.9917123031132,249760.92522799413,7041.585996900072,0.030811274741199504,3,0,0,0
19,5,0,572.2110187792728,468381.77633312054,5438.768477531329,0.014413467972524737,0,0,0,0
3,22,6,491.9946854863962,3857.4035951680526,2277.8500301219406,0.25930229146128025,2,1,2,1
16,2,0,1176.3840673637253,364615.1089356125,8345.18106619463,0.014935045175453396,2,0,0,0
17,5,0,1438.9441918931998,100000.0,9823.627179786698,0.014657275316558981,1,0,0,0
16,2,1,510.4599124759844,308316.0083399296,3000.0,0.019686902405633335,2,1,1,0
2,22,10,142.85062870950412,31847.19462194377,2460.0317877780226,0.28017620041513674,11,1,2,1
1,12,9,202.2012668299504,3684.443289078601,1784.187765796632,0.17968700651444036,7,1,1,1
19,2,0,652.3091546117689,364573.49470842717,5768.981137749678,0.015336444217143315,1,1,0,0
14,5,0,639.1179638652751,255149.7465936946,3000.0,0.030422088065347175,3,0,0,0
10,5,0,1142.7018217419939,148236.259521359,5032.151976454843,0.001,3,0,0,0
12,1,0,1479.632354697671,276780.8005101669,3000.0,0.018892555415854148,0,0,1,0
17,2,0,558.7534976279185,344148.80392603524,6806.892580024597,0.035226398916731724,1,0,0,0
11,3,0,1613.1984316385558,229192.29270541464,4420.45749117002,0.02425375581256509,3,0,0,0
17,1,0,1168.9967955414857,169981.77566902927,4185.73270047529,0.005254229445645152,1,0,0,0
21,3,0,675.0305297893046,481642.0571361443,3889.3739405269034,0.03985779549373067,1,0,0,0
21,2,0,709.6712925273108,431005.6215373173,6537.442788743861,0.013609797783374414,1,0,0,0
10,4,0,1026.9169488251655,489550.2419392501,8758.921832603359,0.010977640616471433,2,0,0,0
4,12,9,298.0711812387335,33631.86737043647,2017.9705072114316,0.13685252953783109,3,1,0,1
17,3,0,1287.0512400491402,186709.81072581664,5090.356898893648,0.031366578761342606,3,0,0,0
20,4,0,1261.4378426942046,235165.13209912446,3000.0,0.012956984139704308,2,1,0,0
20,3,0,1455.7079789911181,210169.05677432963,7889.853992105519,0.01916038162997894,3,0,0,0
4,15,9,396.0490686368356,8683.323113246508,1509.9939624722083,0.29484918783384,9,1,1,1
18,1,1,1010.3353258006712,470675.23547241476,3000.0,0.023353458572567775,1,0,0,0
13,3,1,1145.7647427884667,340670.368394829,6267.489867309348,0.026524946162287035,3,0,0,0
23,10,6,450.81807306811413,2284.194944509316,1150.8690971035767,0.20232131016691718,11,1,1,1
23,21,8,651.363876743874,26096.98290445948,2005.6915430937834,0.37569047473896533,2,1,0,1
14,4,0,531.1361945422019,315163.47794081736,3128.1466858465924,0.01784816563491821,0,0,0,0
1,17,4,679.1601718831504,54009.79537499382,2149.0488588785875,0.10734526904639435,4,1,3,1
18,3,0,1471.9711346141273,265129.83645598753,5618.702307371607,0.016190693669585518,0,0,0,0
5,7,10,520.904639683866,50202.383685771594,1374.5159972195756,0.5352897046018018,11,0,2,1
23,10,2,248.5379605179232,19327.55099313816,1781.446754028896,0.2787599647468706,2,1,1,1
13,1,0,1376.368683766355,424585.9081188345,3541.922596116069,0.02761558732117613,0,0,0,0
12,3,0,1318.9794420895796,386968.17644204147,6516.23523194084,0.017011796373598058,1,0,0,0
1,18,10,445.58217543526064,29259.680939105452,739.2603765119769,0.11767972201752985,6,1,3,1
1,18,5,407.3452239077513,5165.128578873071,1169.8906100812687,0.3008688127693403,8,1,2,1
23,7,10,547.1262640575458,39950.604695138,892.7455525580617,0.22784618115589203,9,1,1,1
10,1,0,1347.8052465265696,396108.59682419733,4958.957840148745,0.007061438379333953,2,0,0,0
0,23,7,575.0753014113492,8020.518882515458,2340.13907341754,0.125937894025133,6,1,1,1
11,4,0,1323.0941075313685,353712.7208737304,4084.2692091426397,0.012293375447155207,0,0,1,0
21,2,0,924.7105768688116,105385.1139085468,3000.0,0.03173152117682379,2,1,0,0
3,11,6,464.83465203505085,20813.198896981692,1377.4922780944844,0.4309258623819766,6,1,1,1
18,2,0,1510.0578202445722,250187.2839784908,7003.735873671785,0.005933681259679661,0,0,0,0
14,1,0,572.7756962191005,274666.6258513256,3458.8809861233144,0.00477397080868457,0,0,0,0
15,5,0,1888.4676515037054,393157.96230032865,4659.88062826932,0.029686490064537576,0,0,1,0
18,2,0,1330.6757861366823,151364.66980934265,5733.962168451285,0.037183255901465706,0,0,0,0
4,9,7,618.4612091093461,41656.00387195283,2111.779637482666,0.2036396382946114,8,0,0,1
2,15,2,685.0845614190864,34239.28159688684,1230.321930702636,0.1,10,1,0,1
15,1,0,1436.8498498981394,505898.56957943365,8108.902149357853,0.006380802282326806,1,0,0,0
19,4,1,1623.107458920895,120687.52156640738,7119.9284805516345,0.006130533786645654,2,0,1,0
12,5,0,1831.946782242203,215475.09963429347,7566.551106225076,0.004703758180923463,0,0,0,0
10,2,0,1525.169240355978,347402.95281593065,5872.33302254741,0.032352537377949075,1,0,0,0
11,3,0,1038.6016823749487,102818.48322680601,4595.082935352228,0.019045745924083205,0,0,0,0
14,4,0,506.5719086314185,162805.86494514436,5057.017399042563,0.027288844307948014,3,0,0,0
14,3,0,822.7028949424889,255322.25703638606,7822.3257557592915,0.013215161790221338,3,0,1,0
3,24,7,214.04468415043556,7445.458079132124,1417.6863632116867,0.18927985232998618,4,1,3,1
18,2,0,1196.1079329966626,100000.0,6776.764353810389,0.011513989325694732,2,0,0,0
21,1,0,1098.7114893533626,449379.4347868126,3000.0,0.01673916507620035,2,0,0,0
10,2,0,1531.8196880900618,259882.30945654528,6312.267068387251,0.022658789054881043,1,0,0,0
19,4,0,891.9132341074703,299341.95466869825,7252.307427646366,0.024169725629801533,0,0,1,0
15,2,0,718.9725823007325,236131.0159356197,4316.998256921379,0.016339492939017194,1,0,1,0
0,14,8,590.2146438722652,25612.784421860128,1884.9212811625982,0.11605509641064332,6,1,2,1
23,24,4,50.0,28349.825514478573,1710.2696531683864,0.31317686636668574,4,1,0,1
14,5,0,613.5761318406921,415665.3209549789,4652.044671319863,0.01719944809063419,1,0,0,0
13,2,0,1167.4457222863516,292860.9364284838,4700.702268040802,0.0258375014366301,2,0,0,0
14,3,0,1503.011655683446,413929.42244733474,7290.297282794343,0.01746052751524307,0,0,0,0
11,1,0,1093.8960867520916,458666.83812059904,6294.9380711658305,0.029613324357067677,1,0,0,0
17,2,0,1599.977737324412,361475.30741053197,4979.761229918021,0.015577857139748252,1,0,0,0
15,3,0,918.5904073331545,328198.42426944233,7468.926930650173,0.038825953030555846,0,1,0,0
23,6,9,400.49330208170915,42166.74667737777,1985.6801857673267,0.24010094720482872,4,1,0,1
14,3,0,300.0,492299.34548284917,5982.397018190643,0.013797825347982953,0,0,0,0
21,2,0,797.1474512783677,439554.1580078051,4401.969785173026,0.010791143695816706,3,0,1,0
2,24,3,374.31374641226864,40307.157655592826,2587.156438177608,0.24375854950348588,8,0,2,1
17,5,0,1017.9908642910792,297783.73153691454,3422.084931008159,0.023365757954930608,3,0,0,0
10,3,0,1283.256705313056,202827.24397448663,7730.0745439732,0.02852918342123626,2,0,0,0
3,11,5,331.21734263792985,20738.011185449883,2092.1512452697266,0.350594259091987,4,1,2,1
4,21,5,235.44624240656836,29797.382044615526,2794.9415369453845,0.38886667131900676,8,1,1,1
0,20,4,510.2441098859198,52264.182826969234,1287.0821717480014,0.16660608511179298,5,1,3,1
0,16,11,222.6115054267367,63431.54024654455,314.4462156790894,0.3174965960142211,11,1,1,1
0,9,7,300.5435300516632,28600.65896820196,738.4761325636096,0.136054270932041,11,1,2,1
18,4,0,1806.1918662750443,485379.8561024796,3000.0,0.011647529378123028,2,0,0,0
13,2,0,685.7662259146167,297509.73136371805,10000.0,0.035915235491840704,3,0,1,0
2,12,10,421.470619351773,1000.0,200.0,0.27689164687831747,3,1,1,1
2,6,10,50.0,32259.755191430402,915.0079116776056,0.33447886923172443,6,1,1,1
13,5,0,1860.2993377220869,192413.40745110335,4577.566333104063,0.009690521221413775,0,1,0,0
16,4,0,528.5108950605894,184355.9726368584,7978.825313965539,0.019839605385958442,3,0,0,0
13,4,0,1688.171963835546,233541.81840695333,6914.604199226504,0.025977672982624947,3,0,1,0
23,11,8,454.93829003642884,27019.698966942142,588.5003601803197,0.222433825576126,4,1,0,1
19,1,0,1087.2142046283175,138776.62008900638,6439.031232325371,0.028931291412783857,1,0,0,0
14,1,0,1213.0744937754307,338999.8387473856,5319.277684832982,0.033401333721396094,2,1,0,0
20,5,1,1639.9533094213875,254304.74428564328,7567.940652475981,0.024544084203537788,3,0,0,0
4,8,7,686.5867443474469,17509.588290796513,1742.100078351231,0.2175031289819831,9,1,2,1
22,1,0,657.7402786927926,100000.0,8952.446008989315,0.015026590923975632,3,0,0,0
1,18,10,311.17155466875175,13169.555374263015,761.4067815785581,0.449431539282384,6,1,1,1
3,19,7,603.4299993769794,19416.651374897272,200.0,0.22377350094660584,11,1,0,1
3,11,11,515.301391827013,49516.570582678774,1176.387665170877,0.16143989938116474,7,0,1,1
23,15,9,298.24128822179625,19756.321779824622,1166.6615140839367,0.18700799062411494,6,0,1,1
1,6,10,98.25946314506825,46713.49583793477,497.03282172894956,0.4088882959949859,5,1,2,1
19,4,0,690.8678318184216,414466.6157275672,4623.585080337481,0.032044724099051604,0,0,0,0
2,9,11,544.4645062324438,57021.66492808183,2253.685285734813,0.3556394509601234,9,1,1,1
2,15,5,465.5426222286413,5956.728923603576,304.83498409789127,0.12925712496816116,6,1,0,1
14,3,0,895.9181684978469,400881.53550438955,5641.174900014144,0.029011798655114218,3,0,1,0
16,4,0,911.4788998170172,506124.54684605775,4351.937768149195,0.010799595037742358,2,0,0,0
19,2,0,778.7343403319459,247632.53119444847,7380.605856183869,0.0015095981451589517,3,0,1,0
22,4,0,1037.3892299587358,294457.33522455354,9715.868290722887,0.021481032194269088,3,0,0,0
1,13,6,232.94340463279502,27917.363473081215,1390.8033265181712,0.3163247880377195,5,0,2,1
5,15,11,476.65569319658846,17624.59074162155,1538.7919286252115,0.2765377634159765,7,1,3,1
13,5,0,1166.7686236144466,335682.8498657961,5950.278595445678,0.012647924441444806,0,1,0,0
5,18,10,830.3713545944097,31960.77300284493,1535.84461088811,0.384225646375837,8,1,0,1
21,4,0,722.4183111819068,345403.5095875631,5821.121019278897,0.036346318349095866,3,0,1,0
14,4,0,1220.9372498605965,168433.30070791044,3000.0,0.03198706423785448,3,0,1,0
23,8,7,362.51054742370434,11284.171899546713,2332.4368294405995,0.2292631179526734,5,0,2,1
3,9,7,729.4185082027903,19784.888962403813,2118.797541524955,0.2946144485569694,5,0,1,1
3,10,2,512.7928578276586,53579.301650520545,393.56614361808465,0.40995426583159844,11,1,2,1
22,1,0,1046.0133884766205,484056.5118106115,5550.936724463885,0.003964689608840603,3,0,1,0
14,2,0,1056.6448127290719,304817.33037531155,3725.979258733643,0.019050797605691443,0,0,0,0
15,3,0,727.4580141668619,288741.85354660527,4362.439867851299,0.009281210091706285,3,1,0,0
18,5,0,1925.9655740665394,344817.7327180937,7513.815443986388,0.0217014198809862,2,0,0,0
0,16,7,630.3304792390892,47494.24203775134,686.5888363209489,0.23956455741601945,11,1,0,1
10,3,0,1287.9534521973883,101636.85271036177,8719.09633298291,0.02291780221032683,0,0,1,0
2,7,6,448.2095494102498,45720.53678323468,1907.9407058341776,0.40868734797705963,2,1,1,1
5,18,9,243.26900159925972,8747.329336251405,778.0607555056339,0.21121410462669485,8,1,2,1
19,4,0,1026.4773651648727,354381.5847551725,3761.9072435023154,0.030823890583232046,1,0,0,0
5,22,4,593.3735732962843,9096.592688066958,1027.8623185492406,0.12371328450860186,5,1,0,1
0,17,6,191.38434575547097,20930.88187363812,2455.7097220694186,0.5501174931560182,10,1,2,1
14,4,0,1211.1080314141261,246435.19274722753,8100.63481207396,0.03251277024961427,0,0,0,0
1,16,8,368.44621654620533,32179.669738316614,1275.11667371637,0.28997560276266493,7,1,2,1
23,9,3,165.09870319139748,19164.415743346515,1203.4751928475239,0.38444576143915654,9,1,3,1
15,4,0,1450.9168052500372,370688.29212666524,7874.821559080334,0.029376760352396777,1,0,0,0
4,21,3,419.69010513973393,36253.84788376427,1847.9439874408258,0.5329486952632287,11,1,1,1
20,4,0,704.9200741438336,343497.1472673564,3000.0,0.016371088012816278,3,0,1,0
15,2,0,1033.5841842119034,190510.9614322908,6295.134589109789,0.021626706066442847,2,0,0,0
1,18,11,103.77009617500306,40912.07072804134,1154.7488521425107,0.21190929193236435,5,1,2,1
17,2,0,955.8870754088566,249931.86001911285,7445.420997970782,0.03880317106844174,2,0,0,0
17,5,0,1024.8710702278702,289101.8768634107,6411.562875544849,0.021199257215432324,0,0,0,0
23,13,8,477.74381148481723,32407.798197050295,200.0,0.1,7,1,1,1
15,3,0,829.9877411045536,322875.5580217181,4524.835114885098,0.01247161951012498,3,0,0,0
23,8,2,172.98384654078865,28111.023767365965,200.0,0.22245801518284353,11,1,3,1
10,2,0,988.0824718765219,231554.05105855013,3000.0,0.018701560737104883,1,0,0,0
1,20,9,759.6385370535188,27632.066543179,2153.195542904974,0.30493866772938727,5,1,1,1
18,1,0,1103.2321365051346,353382.0070251902,10000.0,0.014801931718482354,3,0,1,0
10,3,1,1263.384474047545,187512.16946087533,6605.689678534462,0.016127190111417694,3,0,0,0
3,10,3,388.39996468633194,54462.533317697606,1983.8875315121368,0.23406263795783536,3,1,1,1
2,11,5,196.94605399651576,21020.307200251103,2779.374157097474,0.1,8,0,3,1
4,18,8,339.88799071945317,49539.81450087998,2730.0990292032675,0.27356056026791176,9,1,1,1
3,23,3,395.56158900861016,4018.6745532416535,1450.9632858862005,0.327386281131155,2,1,1,1
21,3,0,1051.4882681903664,402987.3340512582,7471.550380076741,0.02832788872122865,3,0,0,0
4,20,11,417.63581439830364,10733.622959712691,1856.2254423316795,0.2917261110119937,10,1,1,1
0,8,3,300.07274436009834,26950.067224730523,2003.4465824240835,0.22060292146251168,11,1,1,1
3,7,7,470.9817121677807,35751.65683630183,2032.4610508043093,0.42753791779582306,5,0,0,1
13,5,0,1402.5860247712353,111566.99810471552,4970.030951269922,0.02007312779142365,0,0,1,0
16,5,0,1699.4805090832156,367544.72964345897,7475.89781550356,0.03460173469965486,2,0,0,0
20,2,0,1977.1845739377927,386982.89854000334,4841.394187550206,0.024156734300289435,2,1,0,0
11,2,0,729.5082990650053,357896.5593084261,5228.101280206777,0.024401069411182457,2,0,1,0
13,1,0,983.9942645719751,289807.5623027614,5150.970510977493,0.035806935363234066,2,0,0,0
18,2,0,1738.0074625086322,185703.59460814422,3065.7473406829768,0.02357278411740298,0,0,0,0
4,20,11,50.0,19653.661769733626,2074.6588293916043,0.1737123624178975,10,1,2,1
15,2,0,1501.0554137916947,268032.68925405334,6210.567094883273,0.018112521674866277,3,0,1,0
2,11,11,700.8955853174062,15796.552495644233,3000.0,0.1,2,1,0,1
14,2,0,1664.2909137269971,386671.7995209552,4320.645507647627,0.02927013444849836,1,0,0,0
12,2,0,607.2590787563925,482101.9773255188,5016.080809050315,0.024275759469203007,2,0,1,0
21,3,0,1073.85832878773,329601.20531381434,8522.291044434807,0.017366477328035954,1,0,0,0
17,1,0,990.065808359692,366795.6044921099,8808.432323350276,0.01939146317257994,0,1,1,0
2,8,5,374.8870489975477,36612.543436344255,1536.0559055788492,0.20390788855624206,8,1,2,1
20,4,0,946.413349747999,283636.70043500647,4531.633673086283,0.015497131528988264,1,0,0,0
13,2,0,1279.7304784420637,259747.3001393297,5457.9381412635885,0.023684519999655113,1,0,0,0
16,4,1,1258.8034346214222,250433.95860812208,7009.226404639327,0.020552324985130436,2,0,0,0
21,2,0,1062.2546677292557,278315.40614344546,7471.364318585171,0.01260473440339415,3,0,1,0
5,18,9,163.57416993459367,28551.97164823611,2228.8552844882215,0.2070240764099119,8,1,1,1
1,24,11,666.1612639010455,46694.92194050223,793.5819155931136,0.320812501872891,2,1,0,1
19,2,0,894.5837651696543,226666.93065721152,3651.544140435275,0.03773160099587186,3,0,0,0
13,3,1,1731.1962352735807,198503.7586771318,9778.099385559362,0.018935256817237553,0,0,0,0
15,2,0,853.9973999306435,196462.41080883986,7560.263247827015,0.02576144277461013,1,0,1,0
22,3,0,688.8200458715208,337178.2100078275,6733.500083904527,0.010549925835519598,1,0,0,0
2,6,11,345.7602265589149,64452.308373971035,1645.181309688914,0.1,9,1,1,1
3,16,3,243.82737909921252,38716.86907747747,989.3076348071417,0.24907252040957098,5,1,1,1
23,13,5,517.644377608929,32794.66481456433,1329.5878866766357,0.32620450051571287,3,1,1,1
10,2,0,1752.3226353820037,371173.4367999812,8151.386856059718,0.016738345919174214,1,0,0,0
5,24,3,514.1177235023246,35176.44264976013,1308.3723036363272,0.22388677822365588,4,1,3,1
17,1,0,1091.4914722172175,193139.05376149982,6610.990972145626,0.00884327833925799,0,0,0,0
17,2,0,561.3393358996926,315675.73851796315,9317.272155233164,0.019080445336625083,1,0,0,0
14,3,0,1150.9943040620778,392409.67134422855,6615.7068872534055,0.020208496002523894,0,0,0,0
3,23,3,385.9671586615219,20663.346066645427,1803.1291268374912,0.6441356615010931,5,1,2,1
12,4,0,931.8837678202203,378151.8152713704,3778.3827524889116,0.01138053813578695,1,0,1,0
2,9,6,258.82303928648037,45896.046907362535,210.65217829936455,0.1,9,1,2,1
4,19,11,610.1038063084625,19246.019179392795,724.7469629615572,0.42074258831244493,5,1,3,1
23,11,7,518.8301739070927,14746.483514324253,1731.1864323271684,0.1095206641296734,4,1,3,1
1,12,8,344.4107878093179,30738.521059187,1982.241089154229,0.4434211278693373,10,0,2,1
4,10,2,50.0,11438.481837303523,1486.9792216763858,0.14106376381624608,11,1,2,1
19,3,0,1353.6703525350656,247221.2668389461,9618.884642928651,0.023854129221135674,2,0,0,0
5,14,9,479.80288389514004,55644.94375473064,993.4291535044566,0.2899286854080654,4,0,1,1
15,1,0,1882.5849822987232,182932.0716496305,6024.051169583885,0.02009691670714575,2,0,0,0
21,1,0,1566.2658785936278,400599.8339632682,6603.137057172729,0.00727379419017167,1,0,0,0
13,1,0,1099.585148057111,140627.41440448965,9518.044030407444,0.026332365887919516,1,0,0,0
5,13,9,642.6374958997133,27087.492720182112,1896.043282351794,0.3899344675779812,11,0,3,1
23,7,8,50.0,36293.89976554513,1709.2952649048134,0.26900080651914043,6,0,3,1
0,21,5,50.0,38672.08593695157,3000.0,0.41187947390820645,8,1,2,1
12,1,0,300.0,497871.06842380203,5275.80321141609,0.015538382372521142,3,0,0,0
15,3,0,705.3777599405064,344497.12931193825,6306.560694421214,0.03621408350330614,2,0,0,0
13,1,0,2073.924124393923,202579.04261108808,5942.141919270477,0.02805783830224868,3,0,0,0
11,5,0,1049.9123079464407,251212.88251838303,5419.791099369481,0.008473788379856182,3,1,0,0
4,13,6,441.16813835786786,55146.738067965765,1167.9964854685588,0.1,8,1,2,1
16,3,0,1068.8684123543976,350861.1569476422,8842.876349705011,0.028104862476292715,1,0,0,0
0,13,6,489.3985149131996,4648.3482602780205,2148.6320400671484,0.13151975900294793,3,1,2,1
5,15,11,521.9287265989649,42222.40591937675,1201.8701247728945,0.3015882867797359,6,1,3,1
1,10,2,208.2511000434737,14102.561221554924,2359.0622540224995,0.39306665607191743,10,0,2,1
0,23,4,253.5158154479651,38266.93619396081,1050.93723532797,0.4605750194990771,7,1,2,1
4,17,3,506.6400671930579,1000.0,717.2569818490731,0.10374368088184796,7,1,3,1
2,7,6,297.499483586587,1836.3284508676516,1463.7217345117078,0.333868073086348,7,1,2,1
3,12,3,384.5320260822018,15854.017647666999,497.414813949762,0.3979891095933997,5,1,0,1
2,22,7,238.96437659885004,20791.37804227299,2309.0376504130872,0.1,3,1,2,1
0,8,6,383.81540987062283,39379.381469771666,2170.426428978021,0.3480984981623666,3,1,3,1
20,5,0,1252.7156632845347,364280.79888429726,10000.0,0.026637084935342774,0,0,1,0
23,10,9,360.70522531910905,57391.506185363556,562.144508887564,0.41334378618018747,8,0,1,1
18,3,0,1191.3895417244735,285657.99764315033,7943.043530204602,0.015785190223434938,2,0,0,0
3,21,4,578.7988465291448,49150.729698946634,1570.9054835523657,0.380166767914449,3,1,3,1
5,10,9,344.594454262528,21464.77688689799,1389.5705008503246,0.20072109174489786,5,1,3,1
17,1,0,994.0704414557088,273687.5473039564,7235.456484201992,0.014512438800810133,0,0,0,0
23,15,11,415.0748872942353,35699.09626331595,1384.1756081928174,0.14710981310742388,2,1,2,1
2,7,3,154.82882708406075,39070.73617872303,2129.6726292720205,0.22884835667125059,6,0,0,1
15,5,0,717.4358664183485,335303.63835650665,6248.084847161138,0.033604576947873374,1,0,0,0
10,5,0,469.3776963483069,341083.38077809825,5555.304623260965,0.008029223167612098,0,0,1,0
22,4,0,880.8877095703238,434382.1429548125,7242.480784264683,0.04085628588735579,3,0,1,0
21,3,0,477.37623750618036,154480.50042064764,5876.708146395628,0.014235351007612005,3,0,1,0
10,5,0,944.7707858932858,309479.49596760713,5402.624403167497,0.001,1,0,0,0
23,11,3,404.75230745691744,27300.81444325052,2557.157961534064,0.28257031086676976,10,1,0,1
4,13,3,50.0,38762.80228125531,2527.9847126626564,0.40198123168009536,5,1,3,1
23,22,5,455.8127661655193,29923.71025207054,2636.85656732597,0.3939949143673665,3,1,2,1
11,1,0,1184.2474808419406,409436.08572807827,7107.93785136388,0.011512361256294916,0,0,0,0
14,5,0,671.0382077188696,352040.17627353576,8648.089628324276,0.016256800807457814,2,0,1,0
23,7,5,541.2463847674319,24637.75542950705,865.7693403335309,0.307465713354991,7,1,2,1
23,22,3,655.2140914307912,1000.0,1493.285494941934,0.3164072042309747,6,1,0,1
21,4,0,1693.0144620002275,213182.49807273346,3909.804092335548,0.02813806208879426,1,1,0,0
16,5,0,1459.9772071249574,280032.26981435355,4838.82039830555,0.02630779270252123,0,0,1,0
22,2,0,1452.0372632526019,287471.0128691892,5698.692202816907,0.016351186332242963,3,0,1,0
21,2,0,1408.9187366466367,383713.3079918573,3000.0,0.025327064043520746,0,0,1,0
0,19,3,322.6668531555099,35383.468600874374,1798.151076195918,0.46706751251363055,8,1,0,1
2,18,7,591.2607490906755,24010.323684963918,1657.1436095769554,0.1188333408573525,3,1,2,1
19,1,0,1109.8227490332,192548.52483966446,6185.402736603118,0.014513095902000839,3,0,0,0
20,2,0,1586.0536497457808,563810.267600849,5606.254509673892,0.022391912699516847,3,0,0,0
14,3,0,1367.7384294645378,271653.79546741664,4585.1198395549045,0.03311088344152325,3,0,0,0
4,20,4,333.0955631606616,23925.133524781093,200.0,0.44040053348827296,10,1,2,1
0,22,9,454.51846866279845,40734.65599035731,2240.123360499262,0.1,2,1,2,1
5,6,6,264.7609761146688,27278.60542419202,200.0,0.1,2,1,0,1
2,11,5,528.3246113390016,24061.503412599384,1013.1127981390057,0.25233036243012835,8,1,1,1
10,2,0,1422.988211236748,308505.32208234875,6232.590270228542,0.04231897605259143,0,0,0,0
0,24,3,286.80689713528534,11150.9043083609,1325.8887781071644,0.1,11,1,1,1
23,22,5,783.2729403878286,53160.88724143326,2623.483166951791,0.3862999768083624,3,1,2,1
0,18,11,153.9034825876186,58402.745956225954,1705.3381740447337,0.2300865478985126,9,1,1,1
0,9,9,371.6930833345416,38363.92583934411,1246.1176098375786,0.4085012608179621,10,1,2,1
4,9,7,385.1785294090133,34544.09183348209,2072.656591136336,0.34281373715265023,7,0,1,1
22,5,0,429.7854461173812,431944.1335671155,6650.153486370538,0.015969524261963314,1,0,0,0
4,21,10,93.05295291075589,22797.767288178304,1964.0869572441875,0.1871245047807384,4,1,1,1
15,5,0,1058.0581707703136,327033.2083161333,4656.270984760801,0.036257494249283054,2,0,0,0
2,15,3,496.30671260611024,32845.256406793334,1060.797183247183,0.1,11,0,1,1
1,14,9,760.6463460864574,16513.17307435991,2829.397147644744,0.4879111873449139,8,0,1,1
4,18,8,789.2476256032714,32248.96987831572,873.8511274267903,0.1,3,1,0,1
15,4,0,1505.7318456521543,299268.681973195,10000.0,0.011972626317931459,2,0,0,0
12,5,0,558.4152994293563,291691.1996850496,4235.037269905639,0.006361266147723475,1,0,0,0
10,3,0,1092.7969029978572,326883.9723558448,4108.275587935934,0.0342863994562887,3,0,0,0
23,22,7,179.46276747901155,25748.322513818566,1645.0228548018333,0.33244383179989423,11,1,1,1
0,23,3,392.3190862776118,18198.833567703427,2146.373480150124,0.3866201639034596,11,1,2,1
23,6,7,274.07508247538124,23377.59262937606,1112.1097292743036,0.4880809277572158,9,1,2,1
2,13,2,307.7769640493427,38553.764230320725,1589.5324898438207,0.42772462883582574,8,1,2,1
0,10,5,251.11035524521444,34165.554167049755,603.7981448581988,0.1,4,1,2,1
3,7,6,338.2607360185456,15159.291650677265,1340.6071710038575,0.18808229797514897,6,1,1,1
16,2,0,1537.971456706234,265513.97469072184,3000.0,0.022508008156460528,1,0,0,0
11,3,0,1161.5635123325067,213301.59794124943,6845.868863690405,0.016616278172157148,3,0,0,0
12,1,0,1121.09974385908,100000.0,4420.56883579502,0.02982478426772014,1,0,0,0
3,14,10,560.651544529479,32928.011740277274,1544.001653352308,0.1,10,1,1,1
19,3,0,300.0,269483.77000570175,7211.449921683445,0.026695784305050846,2,0,0,0
23,15,3,274.1925204764136,8859.0400094629,1990.1872421890066,0.1,6,1,1,1
14,2,1,902.656295349754,355489.79270078643,4451.750062096958,0.018649119589579766,3,0,0,0
4,22,4,383.0173321252091,31017.490911991008,1848.7812281796942,0.6064667352647094,9,1,2,1
23,20,2,143.86072464893368,19363.540371053175,627.4436639297461,0.39741901143319447,10,1,0,1
13,1,0,1381.4240121058356,272642.6456488976,7690.964568290446,0.017604812786334977,1,0,1,0
13,4,0,560.6747260840676,207608.16088967322,4522.247007288775,0.011687759455360505,2,0,1,0
21,3,0,1966.8841556165198,337263.86387632,6557.574276448732,0.001,0,0,0,0
2,21,2,506.8258858230339,16154.189944986689,2034.331794396928,0.5487944712311352,2,1,1,1
1,15,6,633.5823090899672,10628.215484829729,1068.4225833363648,0.25836723022952446,4,1,1,1
23,20,9,213.15442765707363,38071.7230346774,1816.4585257235212,0.3200144125056319,5,0,1,1
1,13,11,523.0676554317392,11080.42106160476,2396.7215086901647,0.4289894804542088,6,1,1,1
13,1,0,1450.3838595124657,245591.8688982419,5557.902634663645,0.011371847541273851,0,0,1,0
17,2,0,1060.1972492164919,163101.85142901228,3273.250655874141,0.027097010363359507,0,0,0,0
0,13,4,300.0110158782102,46291.403547499904,1122.0766415978733,0.18435079423642428,10,1,0,1
0,10,11,282.81549096282293,43310.04194755957,1323.972066397225,0.2566505439772471,4,1,1,1
14,2,0,1015.9991743552777,257515.9017236577,4018.871301375223,0.02357158773941159,0,0,1,0
0,12,8,405.9032962992097,38622.04515928014,1176.0122572110438,0.24735442823421938,4,1,3,1
11,3,0,516.656413504344,375762.85725975444,5440.953006592102,0.026155190234254586,2,0,0,0
3,15,8,337.2587924720374,4468.164597252693,1615.3041638401364,0.14520761849270242,7,1,0,1
10,1,0,1504.0806530502125,290079.95008305367,6813.859177857691,0.017446989659737733,0,0,0,0
14,3,0,802.0676034522904,273269.89256099553,6661.645450597276,0.023771498386252875,3,0,1,0
3,14,4,525.9997502909498,38845.16917830731,661.0824740419232,0.49732477609286596,10,1,3,1
0,24,3,173.94025773239466,29526.540785659516,1270.7618060906932,0.1,5,1,1,1
14,5,0,313.07408613572443,372247.3910909156,6737.286280899494,0.010252005506066038,0,0,0,0
0,17,2,267.13136206439117,11438.73448044814,1739.912267712546,0.2943573706196152,6,1,2,1
21,4,0,620.1905917178154,208633.1302553762,5878.023627157279,0.024310456383253392,2,0,0,0
18,3,0,1292.4428674053836,153796.7190909933,3307.985456773306,0.02407059542382665,3,0,0,0
0,17,5,522.2597934950344,44278.51494452948,1908.913506428681,0.30496747899865767,8,1,3,1
16,4,0,1960.745845300396,242050.69321988535,5620.913704749984,0.009117518964638933,1,0,1,0
22,5,0,1468.2395757339189,481087.3233594493,5014.769932788359,0.001,3,0,0,0
10,5,0,962.3519245820393,432936.3991214409,6776.6785724380225,0.017781081234862595,1,0,0,0
21,4,0,818.6302796709988,394912.35890461854,10000.0,0.023468649663665665,3,0,0,0
2,12,9,471.2270011754666,42824.19394080888,1440.2302303993692,0.3585461092313114,4,1,2,1
23,11,6,457.8466653024203,35463.10975715617,2622.4561592305936,0.16879891398447905,5,1,2,1
0,9,6,214.34787318557733,29914.92536102672,1307.0855306086814,0.12673318167635936,9,1,3,1
4,24,6,827.519395723238,33621.781329874466,1399.0867131778884,0.32331727558765333,5,1,3,1
22,3,0,1680.1977377760068,398526.2070503859,7909.037223852914,0.018499281258117093,1,0,1,0
2,9,9,248.3716972173485,26536.039374126303,2307.071098478126,0.3743153550198346,8,1,3,1
20,5,0,974.6809329816468,282797.5952985261,8014.768255915575,0.017512606345522465,1,0,0,0
11,1,0,1249.277464545919,323736.3005471305,8212.265990933249,0.02078924601133123,0,0,0,0
4,11,4,433.7285185439706,27817.737555537537,980.7842167549878,0.14491457726775156,10,1,0,1
16,3,0,888.5240147499755,430151.1363479889,7942.591197584363,0.012877069027049656,3,1,0,0
1,9,3,50.0,52399.40037327421,976.6265591117246,0.1,6,1,2,1
19,2,0,1886.2800371522417,453282.9097662539,8689.776204077862,0.013990293525734932,0,0,1,0
18,4,0,1035.8905950476735,243683.77784910757,6235.140876961898,0.01954574085213455,2,0,0,0
0,17,11,365.9411004783974,39515.98587286539,596.4839007952039,0.2987315921821127,4,0,1,1
10,5,0,1424.8758122740967,318669.7964594226,6054.156076498476,0.0313381339009708,1,1,0,0
0,19,5,356.6543920548773,52714.95471927502,731.059904659543,0.18337000770280532,5,1,1,1
18,2,0,1347.0789012899515,191248.59863823204,5682.1566827546285,0.01521726691101326,0,0,0,0
2,14,3,506.96471202547707,20134.23057753467,2008.8685700655901,0.2317040966175415,2,0,3,1
23,9,6,852.6409094307922,40344.57189887925,724.6197412334537,0.22421771168659602,4,1,0,1
14,3,0,1677.416988401975,253983.00314570757,7906.696510472123,0.02888815815677613,1,0,1,0
21,4,0,1872.9136384492863,496993.7912064915,5946.637732323174,0.015328621161345105,2,0,1,0
2,18,8,373.4083929058918,13569.10197513564,1075.5564084953019,0.35045383880254216,6,1,3,1
14,5,0,1445.0825144137877,338274.6314948221,4469.30806402641,0.03703862616975285,3,0,0,0
14,4,0,1311.4254757441524,360250.09698088677,7112.909005514285,0.031853495470755964,3,0,1,0
14,5,0,754.4441388141809,367638.1719703795,10000.0,0.014712809989356474,2,0,1,0
2,10,4,422.07646142628994,23686.127334103057,1647.2164254341035,0.31745224773156966,4,1,0,1
23,8,5,110.05213314954898,40316.04968053255,1173.7496794986537,0.1,7,1,1,1
1,15,6,789.8670967789865,19316.508803105746,552.7795096202002,0.14999215935961296,2,1,1,1
15,5,0,1149.9677872119933,285505.05495774193,6165.932137263672,0.024305278694608703,0,0,0,0
18,1,0,1243.9229411427732,306111.7302697617,6713.746626635783,0.01937582150841627,3,0,1,0
3,11,9,369.66618548597353,18743.391061810617,1218.3657617809638,0.5146652619161853,4,1,0,1
15,3,0,1192.5170018891913,427094.11935773276,3000.0,0.02419003773866448,2,0,0,0
1,7,10,171.10417302496535,41988.61703750355,1584.8850712327448,0.19958574463180362,11,1,2,1
0,22,5,578.7219647787133,6044.513665216804,2125.3010520426556,0.21788835145781163,2,1,2,1
22,3,0,1603.3417974776053,304043.9839510999,7895.122371276167,0.015857381452896262,3,0,0,0
14,2,0,1765.2243374016168,271752.22892167745,6164.176500981087,0.001,1,1,0,0
0,19,4,302.17475572620856,10222.361999653593,2328.3043995626344,0.2399146958139289,11,0,1,1
3,11,5,306.17335739041505,17494.353313835494,306.06053199649455,0.1,2,1,2,1
22,3,0,533.510879664553,381779.7248535721,8138.258872148599,0.01312487628639817,3,0,1,0
10,1,0,1252.2973383648523,193088.23393011786,8426.065004434015,0.013477052046748974,2,0,1,0
1,9,2,353.134666793387,26718.958666754104,1448.928219393419,0.1,8,1,0,1
21,2,0,1986.3783408026202,308358.6742629307,3435.5761939420654,0.026194247636018988,3,0,0,0
3,18,4,196.73144810634295,15914.489341307708,758.0837869954541,0.16334438265109186,8,1,2,1
19,3,0,475.082088300617,195748.74628684117,6967.071747871336,0.004097266796064203,2,0,0,0
23,23,2,748.113801991956,28439.17152249838,1074.9468555109918,0.24777338438523466,7,0,3,1
0,16,4,411.9232238176299,32458.912172913053,2520.436891210172,0.3801738809697215,2,0,2,1
23,18,3,574.2630610688824,22339.8941559605,1541.1190197091867,0.30523386929642826,2,1,1,1
4,14,10,387.52152331835396,6616.436472516882,1937.7315827735108,0.3910224169974719,10,1,1,1
1,9,10,133.6837741754103,17140.11600106144,1267.605078681699,0.23964083729593083,8,1,1,1
4,11,2,298.0508621563839,42094.50834990718,200.0,0.2791926987713812,6,1,3,1
14,4,0,1409.9470311541234,352623.6001852,6537.557283966983,0.029719250936635612,1,0,0,0
17,4,0,1173.9204462600703,249518.4634901303,7415.632641276303,0.021235835956091784,1,0,0,0
19,5,0,939.3252325235188,293457.19055778126,7817.566659560265,0.042644361479458874,1,0,1,0
3,6,8,481.7326894225505,31046.173404221827,1352.0892815088105,0.34889640042753767,3,1,1,1
0,24,9,399.4210606984657,36331.13323907218,1790.08312824945,0.2883739359876363,10,1,2,1
10,5,0,1184.6336762792248,266825.22079000616,10000.0,0.026256174317358046,2,0,0,0
3,22,11,245.97012635794005,44428.5626845037,2287.7564664691017,0.1,9,1,2,1
2,17,9,50.0,30085.204042391197,702.3941201435638,0.1,10,0,1,1
3,23,6,499.33458689077594,50919.44760864416,2159.109600451915,0.1,2,0,1,1
2,10,3,681.7156739187465,32577.234150397268,1182.3793720418653,0.47184391833105843,8,1,1,1
4,8,8,400.07013117030226,19007.213556793096,1899.6826736234027,0.1,3,0,1,1
15,1,0,1592.7668653075566,224107.34591807626,7694.808416985077,0.030074425212393455,1,0,0,0
14,2,0,1040.803290044311,415749.07312024984,5395.289497374712,0.026353165710718787,0,0,0,0
3,24,5,206.08176922790983,14128.963523401095,1173.0101597416192,0.24725096138337468,8,1,1,1
0,19,5,518.6965359673745,40307.68327029046,200.0,0.4682888906107243,2,0,3,1
3,13,4,232.17149670651423,24566.457232342786,652.5928884054249,0.1,11,1,3,1
13,1,0,1396.5460548930528,421364.58541964774,9552.684623751496,0.012637512841937606,0,0,0,0
4,15,2,405.55227407700494,18577.212092571448,1024.2397913611776,0.2694398883055857,6,1,2,1
17,1,0,798.6623745015652,207564.2868141521,3807.5418014930056,0.022805993251845822,3,0,0,0
17,4,0,1350.8918346379385,334239.9349995849,4028.6595571995404,0.0010619374766449446,3,0,0,0
17,4,0,1533.9669389707014,158169.70918261434,5523.122527536617,0.03751973390464926,0,0,0,0
11,2,0,1146.8757564790096,365862.180874875,6362.555597887114,0.00858217016298935,0,0,0,0
14,2,0,815.49180033981,524405.8511936747,3000.0,0.013837371843115006,3,0,0,0
3,16,3,455.679166173755,30175.572509844853,1744.3326125917088,0.1308195357382206,11,1,2,1
19,1,0,1729.290779109965,427444.8052555209,10000.0,0.021100112660898906,1,1,0,0
10,2,0,1529.8681573278052,219288.6658437925,4179.275345133656,0.024326156495595563,1,0,1,0
18,3,0,1315.23620879493,286338.93465323985,5569.898085174712,0.01912577686130105,2,0,0,0
4,6,4,316.970740229953,35075.73454431231,2105.479072355036,0.1928728852729782,5,1,1,1
19,4,0,1206.2316055238207,213563.84975742493,3000.0,0.03430685316519251,1,1,0,0
3,11,6,302.6712596574688,23668.017066162367,655.7652897097558,0.3022588828642145,2,1,3,1
3,12,6,203.3324856368693,58367.578526277415,828.4579901659821,0.5027364594000003,8,1,2,1
1,21,8,662.7254514106421,18222.242237534432,367.36112965580287,0.3042136633915076,9,1,3,1
3,12,4,429.496129870025,8206.441202764858,1969.9503381430777,0.26768344465835353,7,1,1,1
2,11,8,546.524387370164,10390.48057299056,1811.1417603835714,0.26277609460294993,6,1,2,1
2,9,7,441.6925865075773,56183.81556669831,1991.2358234810122,0.19837944511313682,11,1,1,1
0,7,2,515.748937627237,16829.556681656035,1379.326472437695,0.22959310978871086,6,1,3,1
2,6,5,591.3803935197833,34785.71339408734,1204.3708125538956,0.17919089732317267,11,1,1,1
13,2,0,1203.9082269412966,411181.6825565053,4551.933798028426,0.01720432320615726,0,0,0,0
11,4,0,1406.4220059102258,340745.6296175835,5661.016058385592,0.01442023110580196,2,1,0,0
2,9,6,456.176119326182,23794.493238496572,2613.797953282889,0.4919700934750486,7,1,3,1
1,20,4,545.5413675510782,20787.21231073095,757.7230309169342,0.22901422830703938,7,1,2,1
5,20,4,283.7887136692871,40564.86605657716,200.0,0.1,11,1,2,1
13,1,0,909.783536409983,143295.3427193994,10000.0,0.008040700412026425,3,1,1,0
0,17,11,662.6960199426649,21649.815071212528,1359.7273917143882,0.2746560450174345,11,1,3,1
17,1,0,1398.8327764012809,157112.20454711563,5287.146603544409,0.013814325920937731,3,0,0,0
3,15,6,361.4459222075486,24092.298220244564,1235.0856540976888,0.1,7,1,3,1
1,21,3,483.71240462646296,44258.63845620637,1915.4271411863172,0.45943438696077465,4,1,0,1
23,19,3,646.4633109268914,52307.03273229516,821.367743980463,0.25964983297131516,5,1,2,1
17,2,0,1369.7437759693196,295087.72773774096,5573.198144203045,0.025903439118771278,1,0,0,0
23,8,8,348.396985268833,25324.792031614907,1665.7200086542869,0.25903351210005926,9,1,3,1
3,9,9,288.2415994349772,42580.88364376401,1635.7680134657307,0.2267435646270193,10,1,3,1
4,6,7,290.8067489051814,40554.20487656168,1316.018794915169,0.2688517903528316,9,1,2,1
15,2,0,505.8049859329419,296579.74085687683,5166.4734455566795,0.0051494432581114385,1,0,0,0
13,1,0,1517.358080710223,333892.93847996776,3770.3950265057065,0.0018621917548163058,1,0,0,0
2,10,11,50.0,11077.69197930535,1662.8225769118933,0.35523212653450836,5,1,2,1
11,3,0,370.28767186816424,249398.97107964303,7804.569999743853,0.021015769677417896,0,0,0,0
17,1,0,1439.7086683491002,319250.4937018674,6236.867292124598,0.008811808608058193,2,0,0,0
23,10,10,800.3412946655646,51986.66560466103,1298.5070687589773,0.1929803363738264,11,1,0,1
3,20,5,174.91711489597725,40669.18833298558,1584.762147236754,0.4823711532449153,7,1,0,1
13,3,0,1489.5647867035946,378480.9309457392,8960.741499971344,0.02814424155242702,0,0,0,0
11,1,1,1280.0002663326643,210692.13993950177,3000.0,0.0085941606705443,1,0,1,0
19,5,0,1461.3914624874933,216224.09001378156,6317.116371458671,0.027683281208536387,1,0,0,0
3,11,11,239.58080099861039,32215.67148630991,2073.344428378341,0.40016981888167696,8,1,2,1
1,22,6,562.0267478196494,26691.349214748745,1700.154872655508,0.10429501419438988,11,1,2,1
19,3,1,1512.6896753257254,227152.59841152484,9125.064827095619,0.02846853693399184,0,0,0,0
5,13,3,308.8230975415228,21326.677182665433,1414.2452480472184,0.30915120788014794,7,0,2,1
16,4,0,928.1942737697573,372523.9850496269,3000.0,0.03339434166590949,0,0,1,0
4,8,4,352.88134238661655,43502.81258856752,1304.5608647546721,0.1,10,1,2,1
1,22,4,245.71504104355876,50276.06803970672,200.0,0.476125278082156,9,0,1,1
13,1,0,1235.8829050740017,326500.7269235057,4684.592028064138,0.028976155168636216,3,0,0,0
2,15,9,469.00233171621477,20124.800939652465,2030.8816960883014,0.15212753639955645,3,1,1,1
5,6,2,578.4990058491497,38224.98330699234,817.6505012168911,0.1,6,1,2,1
2,22,5,108.37588320254372,12309.218285944233,528.2723329883197,0.10884883807733806,5,1,2,1
11,4,0,1789.052100265223,153222.8659344743,8975.608696641026,0.012454064309665992,0,0,1,0
18,3,0,1978.2670010213103,378714.9049896537,10000.0,0.029888247717224873,1,0,1,0
15,5,0,1391.5295640031252,262863.78706681094,7757.124195346629,0.023123608726250532,1,0,0,0
12,1,0,671.269155300883,100000.0,7957.177226783615,0.0236604771985666,1,1,0,0
5,11,3,506.15815656803557,33797.715948493846,1899.2820396961824,0.1,11,1,2,1
23,8,9,253.92757498355067,44657.87933123387,984.3144161889339,0.5790233954646035,7,1,0,1
16,2,0,638.4426594399383,208098.02089310583,9709.763160265757,0.02055163861744686,0,0,0,0
0,23,3,411.0459430393847,31766.498550549422,909.766961765946,0.40289635037310645,9,1,2,1
3,16,3,196.03301948866476,24205.5938388816,200.0,0.24580211861203755,8,1,0,1
19,3,0,1248.5167323600328,273935.6663944875,4772.828355419361,0.001,0,0,0,0
18,5,0,965.5191125570867,366800.0873941423,5769.525822798737,0.040409470601154907,0,0,0,0
10,3,0,1855.2222393483762,287618.46574043966,8565.143978459151,0.022858276735903363,0,0,0,0
15,3,0,1130.7114274592939,195679.65988109124,6039.306003697081,0.011849687358558257,2,0,0,0
12,4,0,1706.3196337465379,390025.9023220565,5096.159433802986,0.013336762184554759,0,1,0,0
21,1,0,1000.5234300761219,301909.6712312091,7835.86093370663,0.02976486512778806,0,0,0,0
4,8,6,365.1795980034644,1000.0,1019.4198623751976,0.45268955244431863,9,1,1,1
2,10,7,263.58540467068144,40166.24098159802,2065.2305864865975,0.37550451088582393,5,1,1,1
1,9,5,494.26564297263343,30096.178562516907,910.2280845932011,0.3218088732005093,2,0,2,1
5,8,3,267.62526287699353,9437.95535848278,1919.137256190492,0.3169704628757956,4,1,2,1
0,22,3,436.8026600112465,23507.592001840952,2999.129768707901,0.42813686034430487,7,1,0,1
14,3,0,1373.0317288339393,100000.0,6736.147893142155,0.030250168337050274,1,0,0,0
0,16,7,442.8321949110066,8256.303886782764,1786.4497122288526,0.14708555690929292,5,1,2,1
23,10,4,98.5117569453538,30625.1979324244,959.9441439519745,0.23461206256633735,10,1,0,1
10,2,0,1015.8372314012106,276316.85410344275,7440.894886511776,0.011287906366893818,1,0,0,0
19,2,0,1009.6065902699108,332663.1962256793,7131.055983629082,0.03555375087288903,2,0,0,0
0,24,4,496.1700647318922,32476.106453027158,2288.0913683830036,0.3487601525266527,6,1,3,1
1,6,5,516.3937476302726,49882.20658560298,1345.9964933879005,0.16720281659213082,10,1,1,1
2,23,11,512.3896546155169,1000.0,1800.2149850878322,0.11057511180153606,6,1,1,1
1,9,10,360.12916931026433,47165.12902140396,2525.9366890601927,0.22507255119035624,5,1,2,1
10,2,0,733.2682860315565,280439.7237572239,3000.923302052984,0.019948832448178622,1,0,0,0
16,5,0,1425.1359985286417,353030.993624796,7150.699094362412,0.021937722962823526,2,0,0,0
12,2,0,1139.3385311863185,258664.97032395468,7756.437213270367,0.027721617816522343,0,0,1,0
10,1,0,1106.8359170039023,265579.84023349953,5649.421417744693,0.0018648571483034365,1,0,1,0
2,6,8,166.48102238675673,32626.29649567468,1074.782908555791,0.3360238659704842,8,1,1,1
20,2,0,1820.111529631426,283650.10412711126,3953.792787169767,0.01621337458750665,0,0,0,0
18,1,0,1339.1042592907565,308277.95366616204,10000.0,0.01738975786266557,0,0,0,0
5,23,5,265.8543165051723,17434.70086212349,1183.205833925991,0.1,5,1,3,1
10,3,0,709.5729894214262,274311.47708962345,3000.0,0.005970844775050355,1,0,1,0
2,16,6,486.8966967321452,32755.093790769453,1517.5480741179074,0.22022051365626674,3,1,1,1
10,4,0,848.4031947215558,173235.97033531964,4571.055987228103,0.026384421456431495,0,0,0,0
5,21,2,205.4720868681882,20259.842061887983,1114.9442694982754,0.39551331127368794,8,1,1,1
18,1,0,1202.9131948201677,104359.25488207638,3000.0,0.015022429369823988,2,0,0,0
22,1,0,415.6596808668429,328926.37602165644,9663.856179866743,0.016574453334137,2,0,0,0
23,19,2,219.12552535931314,27563.06897405711,1502.1596806099874,0.29734096887215283,6,1,3,1
20,4,0,1527.522540842791,230830.51767236955,3962.671406782182,0.005592665950336384,0,0,0,0
14,1,0,1352.9321311199549,108032.44996617088,4050.801388891926,0.026126977170240866,0,0,0,0
20,1,0,1112.9392436859732,191101.23881278065,5951.555903587832,0.026559567258048162,2,0,0,0
18,5,0,425.69106766414984,287899.27967571164,8884.593296339946,0.01516016608136729,3,0,0,0
1,13,5,625.7267973312075,26022.116299219666,2126.351556610808,0.3336231048909424,4,1,3,1
23,7,2,558.2904680887792,27665.99056483051,2303.3958470122448,0.14356969152050097,7,1,3,1
23,21,6,618.3818220386479,32755.225600328016,473.1022561771226,0.1,9,1,0,1
12,5,1,976.769627085642,319816.8483182254,8303.24121362833,0.001,0,0,0,0
11,2,0,1574.7013054121703,125181.21527593379,5229.038280339651,0.005278902936726939,2,0,1,0
19,2,0,1111.299192797036,165999.600497542,4154.776329066367,0.017944045689546627,2,0,1,0
22,4,0,1228.348748190145,443321.4850447274,3275.5115789499255,0.035825518837169695,1,0,0,0
0,24,4,203.38095720249478,33485.327485310685,801.7839867943989,0.13511547685016592,3,1,1,1
22,3,0,515.404605854024,402919.059020358,6906.103132523845,0.004846119735207039,2,0,0,0
5,21,5,219.56837468291144,28553.514506308555,346.6837534949227,0.19379416342806255,9,1,2,1
23,17,5,254.12261077625513,40176.35012709153,2587.5039548563022,0.2727668788011289,11,1,0,1
0,20,6,227.88110888516474,11111.207726219662,1402.0047063453537,0.5566831442776548,11,1,1,1
16,4,0,300.0,168131.49390738062,7754.202005051916,0.004997769374684326,1,0,0,0
2,21,10,620.7787824742252,26601.214664459112,1596.2503430706442,0.1,9,1,2,1
3,22,7,424.26653511691933,61998.94882909994,200.0,0.2486171853470231,2,0,1,1
19,2,0,1375.108584521389,337513.60721755633,6540.388242558628,0.02236623521814096,1,0,0,0
21,1,0,1799.2337446822821,170085.40582443058,3002.350172209276,0.013198699851102145,0,0,0,0
15,1,0,1272.0366155244342,350606.413789305,4666.440404257377,0.024462231525782904,3,0,1,0
2,8,6,380.0660835969061,35572.50444399433,1563.1044607942981,0.1,7,1,2,1
2,14,10,361.33307259628214,31953.25604313772,1769.5948393202123,0.3360657943567863,9,0,3,1
14,3,0,1749.2169317539206,318539.2640516553,3260.123390946066,0.02734454441421493,1,1,0,0
12,2,0,1177.2573600540932,237456.41980003763,4874.645404863952,0.033747631356160684,1,0,0,0
3,15,2,256.6913046574401,39258.84587354682,1719.366614053391,0.2428543146620261,2,1,0,1
5,20,5,446.54155569231403,27927.216269078326,1441.1012047166598,0.1,5,1,2,1
1,13,8,392.9948104675275,42304.2593875971,1295.748876926545,0.27194972550943014,4,0,2,1
5,15,6,118.73763348936296,1000.0,2267.8767685817957,0.3312710610148586,11,1,2,1
2,24,2,552.5466072949862,3488.3225022265615,1813.8941093334465,0.1,5,1,0,1
13,1,0,1429.494192891946,263434.8531151186,8258.876100037472,0.025179705107653143,2,0,0,0
5,24,9,372.51810406943696,37876.33924609368,2258.160951328513,0.2559034116465726,2,1,1,1
12,1,0,1209.2572050263775,266243.34113638016,4689.8316114489,0.007729092461254659,0,0,0,0
3,7,3,359.8191564539021,29767.561838183723,1398.0427469647682,0.5215870246249908,2,1,3,1
13,3,0,1570.6833892038858,377594.30787368387,6031.477159464637,0.00852601884171653,3,0,0,0
19,3,0,1259.509361800437,421550.68050230795,5869.501887997676,0.019368652705094087,2,0,0,0
19,5,0,1380.5755066133902,317194.14031740034,5514.222074347886,0.02517533445762506,2,0,0,0
23,10,11,480.67520524456296,54775.530301130246,2895.422050804318,0.2617222239808761,9,1,1,1
11,5,0,727.10143920464,108243.53809784882,4558.467506903041,0.015446995899700002,0,0,0,0
21,5,0,1433.348892508566,232828.63431225845,5024.530008854204,0.013708507449720384,1,0,0,0
16,3,0,2092.3273087244606,307989.5952963048,5988.923291573289,0.023297778582886394,2,0,0,0
2,7,6,283.31242653803906,15306.591932108764,1365.7262859791408,0.1,10,1,1,1
23,22,7,378.2717724630459,13762.933141845308,1559.8369118271291,0.15512102055098978,6,1,2,1
5,11,7,168.36594671684173,54271.241418225916,483.49291357135155,0.25230465719530676,3,1,2,1
21,4,0,942.178827243604,206300.57710799578,5674.590318228353,0.012749178272274092,2,0,0,0
2,16,9,587.297837733076,9343.708648096479,1026.8664734275155,0.19226938462673349,7,1,0,1
21,4,0,1436.2661186817513,263755.81789094076,5977.805895787633,0.023649673802584512,3,0,0,0
5,16,2,165.0396871825223,26415.245422247124,1348.7543953774987,0.1,3,1,3,1
2,7,7,280.7523255814572,1000.0,1330.867606312025,0.28589790343610666,8,1,1,1
16,1,0,1102.606871287307,301022.54742527456,4876.853687914093,0.03440467739401277,1,0,0,0
4,23,9,253.02981948324248,11336.241109206007,1508.5272986219284,0.2393359075761215,5,1,0,1
4,9,8,50.0,48918.590822704005,1574.9309632091552,0.4213652865158047,3,1,0,1
12,4,0,1151.0188745849018,307876.62296373415,10000.0,0.021697590647872224,3,0,0,0
12,2,0,666.8768084706006,260895.02740209078,5441.721123775364,0.018556612734801886,3,0,1,0
4,11,4,126.58380000404759,20481.341123611226,200.0,0.1,5,1,1,1
5,21,5,350.68663492110295,39192.18868893608,672.3972297393706,0.196869118490683,4,1,2,1
3,23,9,465.5328825621988,5056.896713839145,3000.0,0.1,3,1,1,1
17,1,0,300.0,375027.4508493475,3315.2339370767663,0.005558552817775378,1,0,0,0
5,6,3,349.68539274356334,30632.484727161598,418.25433513777693,0.5409352308635476,6,1,0,1
22,2,0,844.5158597573095,332838.85415530024,6272.6231743242215,0.03368115418049712,2,1,0,0
0,9,10,154.57922996278114,33130.70339632726,200.0,0.18167903978067818,9,1,0,1
17,4,0,1583.0071110573303,427334.05520516424,7801.297195026859,0.02941249634251797,1,0,0,0
10,2,0,1561.09754220752,202478.2206382,8834.214181790194,0.031419506102101105,2,0,0,0
10,2,0,1136.019646172679,377493.49594220496,6405.522538152526,0.03505748882446692,3,0,1,0
1,23,6,397.76622927394646,3042.290779717714,1292.404833940621,0.10616099164817261,7,1,3,1
21,2,0,963.2708493178856,145266.43135344196,8437.864263213432,0.013761842263977399,2,0,0,0
4,12,8,468.2768422050411,40293.95249432081,2754.6096561450568,0.1,11,1,1,1
18,4,0,1433.0922233310253,382233.40695724904,6439.973936563018,0.022017562692604922,1,0,0,0
4,20,6,467.96320070683305,37970.68027982989,657.654591434266,0.38318117570777493,6,1,2,1
10,2,0,300.0,298250.2654344894,7737.458025696397,0.001,3,0,0,0
2,19,11,562.636565766076,27096.167886937048,1105.8605987842407,0.6162106604389721,11,1,2,1
16,2,0,1599.8756615781424,262905.449814538,3807.116712117975,0.03828662128029406,2,0,0,0
0,21,9,460.10767950319735,19290.597620418477,2431.9395471536745,0.1,11,1,1,1
2,14,3,425.04121468794784,30056.000554930964,2468.719278843832,0.13212267432689662,2,1,1,1
22,2,0,841.8166745122394,301809.9964323895,7027.63844755278,0.029403749264536302,0,0,1,0
13,5,0,901.4254563090874,135490.27458602193,3000.0,0.0281203506689471,1,0,0,0
23,9,10,163.26441312909301,20353.41859975764,3000.0,0.1,5,0,1,1
4,10,8,239.4796732972127,32317.810701529237,2185.2958409458483,0.4092689505578032,11,1,1,1
2,16,8,316.4590198864548,13773.772820992403,1954.1802577760639,0.1,6,1,2,1
18,5,0,1121.0000196525343,248530.25886837626,7827.161152428726,0.03717394551251721,1,0,1,0
2,18,9,152.59848980672922,41751.85750699741,200.0,0.10560159115731266,10,1,0,1
0,14,9,754.8836795406796,28196.505395659053,2787.779093962952,0.15375448580506576,3,1,0,1
22,5,0,912.3865616150028,427935.2676366089,8716.30538229667,0.016615770418667217,0,0,1,0
16,2,0,1402.2031030367182,310073.5246317518,3000.0,0.027216119262181735,1,0,0,0
17,4,0,402.82547372792953,348913.4487074537,7104.050472981986,0.019089926071129578,3,0,0,0
16,3,0,1091.0481507659097,338752.7958242145,5341.536333686057,0.030606030025775693,0,0,0,0
15,4,0,980.6308443487641,330786.7587477243,4790.28698534372,0.02530502437774453,0,1,0,0
22,2,0,943.7367909588947,545169.8675901089,5187.351544061978,0.015420367716420372,0,0,1,0
15,2,0,1365.3926463518249,227913.37501668735,5289.9549798743365,0.01816863900482756,3,0,0,0
5,12,4,212.44139128990315,15378.156782583173,1884.86578076061,0.1,10,0,1,1
21,1,0,1598.449064100926,339204.25819185335,8261.8775851237,0.010428048779443198,3,0,0,0
1,11,2,252.14595966239597,35046.850337011274,973.0383494670733,0.3766350400231575,4,1,2,1
14,5,0,1896.2084919349572,355149.8529995759,7046.430983865575,0.013102726593166908,3,0,1,0
13,2,0,822.7414888089991,285717.69520405843,6040.738109892582,0.031000499416430207,1,0,0,0
12,5,0,557.8467891760778,226555.99999142857,4623.31942150279,0.024847698286095034,0,0,0,0
20,4,0,611.0970546068108,238014.73716428108,5440.013862384363,0.0061380357461055055,3,0,0,0
0,15,6,392.07835462687626,34876.63629225702,2822.441266298856,0.19546608580790545,7,1,2,1
14,2,0,1522.0335154648135,190825.0570775664,5359.448676337456,0.012960220074897916,2,0,0,0
22,2,1,608.2769015266442,286405.2041942326,3375.671740289208,0.03845339877174641,0,0,0,0
2,23,2,670.9122404289401,42004.76807309069,1492.09051749464,0.20958252255621637,11,0,2,1
0,17,5,169.68060603563137,32736.772202223336,1244.1518937868655,0.3413939285404228,5,0,1,1
15,2,0,975.5527810972353,307931.1476402807,4492.045409225765,0.012274986030828619,2,0,1,0
0,15,9,535.1150190962774,1000.0,3000.0,0.25275909016416837,3,1,3,1
1,19,4,50.0,59742.57412340307,2416.6483319795093,0.3655799046734003,9,1,2,1
3,8,7,261.30486353497315,27443.375501510003,2527.128969191317,0.1,5,1,1,1
23,8,6,411.7039290049517,50422.48924511719,1320.3427728589534,0.16993635681017158,10,1,1,1
4,14,3,481.5745513080178,27915.266632227715,1221.255958413226,0.28224096381026553,6,0,1,1
23,21,7,355.1382626095011,51642.86251623288,1721.5572494825656,0.17551039084344522,4,1,2,1
4,20,6,340.8041230833676,1000.0,689.9937281976461,0.44236195113264787,11,1,0,1
11,3,0,1173.535378477767,373100.4245066856,5358.54087379992,0.01201552774498351,3,0,0,0
3,9,8,476.29752696042954,35305.30033765498,563.2288245742849,0.5214239456650815,8,1,1,1
15,2,0,857.7231199305088,351150.2999132293,5227.715952522933,0.001,1,0,1,0
2,15,8,296.978400559109,21135.49734434503,264.45434467458995,0.4040096260139304,4,1,1,1
21,5,0,785.7189288747554,268960.35150449345,7454.505212784137,0.01975180377753872,1,1,0,0
22,3,0,757.8471274539753,255583.2578636286,3134.5199851382663,0.0010996073639497964,1,1,0,0
23,19,10,483.0564605225705,42949.657059058256,2098.6118565585216,0.34037346440073807,4,1,2,1
4,13,6,402.07111243887215,17940.684005970317,1613.882950398866,0.19730314008231287,4,1,0,1
1,19,8,420.925265117966,28818.998278256746,1280.3937892465253,0.28651532094742493,2,0,1,1
1,9,7,336.6920776687809,35625.69142418716,1644.928373975082,0.3249011899459057,3,1,0,1
15,4,0,1571.0659645490146,192866.12498419383,8312.912975534535,0.025700019412929036,2,0,1,0
3,13,11,553.4413865147484,36802.94822267548,200.0,0.14083201371626286,7,1,1,1
4,6,9,516.2670791419571,38570.89651747754,1446.0633987436083,0.16490620778610038,8,1,1,1
23,17,6,481.4172870895658,37461.71723273237,2291.536131541788,0.2527227211612903,10,1,2,1
4,11,3,137.9644909575727,1000.0,924.3678419429302,0.4512725184210847,8,1,1,1
3,13,10,196.33323525763572,37812.977295717545,200.0,0.1736843392027433,9,1,1,1
14,5,0,794.3139964812688,320788.2428633328,7486.796467289752,0.015700679858193366,1,0,0,0
17,2,0,1699.4364544997409,405939.0567189696,6145.384843351752,0.01686463635135309,1,0,1,0
18,2,0,1203.2458793888845,256037.52334656182,8212.1409471927,0.001,1,0,0,0
17,5,1,1329.024198399021,355977.8494786625,4693.15524250353,0.02504027247161608,0,0,0,0
1,8,10,363.2591993784851,70673.92634668783,200.0,0.1,9,1,0,1
5,10,5,392.24495905375534,20183.48921085861,1414.2851245198253,0.1744051629787327,7,1,1,1
15,2,0,1305.744771183273,262135.23330999652,8117.832071790566,0.023052118030793774,0,0,0,0
4,8,8,318.6018177951763,34064.76020766453,1696.552461014559,0.23171899498322118,10,1,2,1
4,13,8,470.0167971044425,14284.481434954454,1145.988238974841,0.3915630342609987,3,1,2,1
17,1,0,1371.330965667769,300011.46437703597,5770.961593416887,0.0226583052463183,3,0,0,0
0,16,7,50.0,40346.93042520333,2397.0224697168615,0.1870461066912401,11,1,0,1
17,1,0,1343.3546452512699,370802.1195867737,4648.088111380401,0.024976221175523533,2,0,0,0
14,1,0,874.1989630870329,101016.2206873812,5034.174305543217,0.008741573290424862,1,0,0,0
5,22,6,163.23065353058993,28114.725884908094,1915.3478186347074,0.45973526955210586,3,1,3,1
5,15,10,155.92065887117158,29337.23770855478,983.3893264795792,0.18899798393444123,3,1,0,1
21,3,0,702.1108812324935,191613.78619436116,8837.302012878961,0.010202660724758165,3,1,0,0
4,7,7,269.28937754964585,30174.299469445654,1905.654065806562,0.15299506230570475,5,1,3,1
21,2,0,907.7561834474288,313131.6833160054,5385.12383781965,0.014261394619152618,0,0,0,0
5,20,10,303.46605752495645,7204.416811518477,2347.438557863869,0.1371641645652879,2,1,1,1
10,2,0,1160.9540484406184,352146.5363701863,8141.684705717866,0.02430758005142529,1,0,0,0
23,7,2,359.4500448954556,11466.624202040246,1692.307117177919,0.22215907362991613,4,0,1,1
14,3,0,1509.272605124055,136170.40857976073,3559.4296317207654,0.001,1,0,0,0
3,14,9,557.7917024650073,37128.1588305864,1501.0719958516381,0.3859818851904626,3,1,3,1
11,1,0,1571.3379898232567,511505.16821422026,4264.495870625142,0.023975613033717844,1,1,1,0
2,22,5,210.7114730914106,15988.163847587954,643.9973310537965,0.501230564928667,4,1,1,1
16,2,0,309.706665044444,242825.31105819182,6019.6200565429135,0.025266941014666915,1,0,1,0
3,10,4,50.0,22910.8330482392,817.3251104735948,0.1,11,1,2,1
21,4,0,773.1881581623684,211364.6522689262,5937.156200192115,0.018900028911573285,0,0,0,0
18,3,0,609.0603164580492,377902.95379797136,9314.021467850862,0.016890847806337445,1,0,1,0
10,2,0,1341.3266829006775,167362.33538237307,6231.548492111083,0.01901556191930111,1,0,0,0
22,3,0,696.2514900136148,372509.97286994103,4890.845964364276,0.004221827209604775,2,0,0,0
4,22,8,244.1283580102948,17684.53069920658,2455.7787290509,0.15562227399021816,11,1,2,1
15,5,0,1467.8322293921221,399079.93854841025,3799.9346440452223,0.02271016280240554,2,0,1,0
4,23,3,317.19336022346926,52046.921790962035,1308.2262180916443,0.10400038263695924,10,1,3,1
3,9,10,330.48638973772984,46538.275175186434,2061.6161239090234,0.2476265651389605,11,1,3,1
1,15,8,565.5421478516025,21618.69112193075,1678.573585037739,0.19389670846790577,2,1,1,1
0,18,9,770.831609561088,29426.632390150844,2447.5944373865614,0.106172601006226,8,1,3,1
15,4,0,1541.9152005652188,311533.9790393837,3000.0,0.013268968381508681,1,1,0,0
0,12,4,185.6903070929497,36247.07040640428,1814.7043901315574,0.209743072383037,10,1,2,1
3,10,5,378.6905362857336,15248.016125421034,865.9851995156255,0.1477139964564093,5,1,1,1
5,9,6,103.16559482366767,34451.79528475556,2080.892413138349,0.37334582445616965,2,0,1,1
0,12,3,262.4538009481581,45693.54066694565,912.7057448380041,0.1,10,1,2,1
19,5,0,1024.1782579656958,307152.204427778,7442.662016523501,0.023617611077617177,0,0,1,0
10,4,0,1553.3036064910264,241584.89401989078,7628.350206703129,0.006529082402936497,3,0,0,0
5,24,2,386.15100432014265,25804.104898509268,1463.8727409009755,0.3529275008231394,4,1,1,1
23,23,7,324.25652942748826,31600.079876826374,1800.8757930098259,0.34226494010544445,7,1,1,1
21,3,0,1496.2190143294727,346455.69014871505,3996.796318626417,0.026528198911803372,3,1,0,0
4,10,3,186.99785326029942,53940.999461798885,802.1501398137531,0.2766995364240901,7,1,1,1
16,4,0,1186.8893192169212,218735.2944110949,5128.494441545008,0.017232275658219397,2,0,0,0
4,18,2,487.44704729428076,13893.963694506218,1514.393009160734,0.2666308444818159,6,1,0,1
20,4,0,1212.0055370466498,370982.5988527264,6594.2998317841575,0.03155161698227009,1,0,1,0
2,22,11,519.1604241965995,21934.534884538793,1906.5725293413377,0.1,8,1,0,1
21,3,0,1897.6839290368243,324400.7629649519,5219.735295776638,0.01585037409767096,2,0,0,0
19,5,0,1380.5953929899786,429834.4096105355,7470.751109908971,0.02223978902153021,2,0,0,0
3,9,11,751.6469104046727,10690.086961164321,2092.6425554608822,0.13394897998042485,3,1,2,1
12,2,0,1080.8354688007717,173377.7335662041,6576.832942757591,0.024895673685482938,2,0,0,0
1,22,6,502.5594234700525,13925.929535725034,1026.7798691249554,0.2773643176843542,5,1,0,1
0,16,5,409.2620394224755,31774.87834707896,2263.5631332914454,0.49834908262086897,11,1,1,1
3,15,10,50.0,10580.312028749238,2193.9153133287155,0.24668618678921153,4,1,3,1
4,12,8,712.7014103333552,36543.801560242864,1683.6087690900822,0.2491425210451977,10,1,1,1
18,4,0,517.0268358204465,493918.4700712658,10000.0,0.01397588877967406,3,0,0,0
14,3,0,1601.5207558542131,264138.00506369484,8017.739005534282,0.028816814590029778,0,0,0,0
21,5,0,580.9537946561784,306221.5074428532,10000.0,0.026229286263720307,3,0,0,0
0,8,3,354.4014973430095,15512.884737098899,1652.1015183893355,0.30927366126449013,8,1,3,1
12,3,0,1226.9039838099588,212399.71097962972,6785.556385464064,0.02600894688291098,2,0,0,0
16,2,0,1315.86140836012,481053.4841351558,4854.574640337395,0.015022732409653718,1,0,0,0
23,24,11,806.2671815362166,14142.276307527429,1115.3875005271084,0.3209983849854637,4,1,3,1
3,10,2,508.64483200469823,32032.0356555547,1815.5500523545152,0.379331478948728,5,1,2,1
13,4,1,1077.1231562478577,320289.3379266125,4400.066706503179,0.02478568565826214,1,0,0,0
23,14,10,569.5457173192713,9100.784744377466,2345.3050370116243,0.20388608138004716,9,1,3,1
0,17,5,329.51407272961745,51159.69092707644,529.9381068755031,0.329219491273283,9,0,0,1
1,21,3,174.72797469706444,1000.0,1363.488261010008,0.2372554202787307,5,0,1,1
16,3,0,816.7912369258848,392688.3750554976,6236.162199797579,0.017032759870064834,1,0,0,0
2,18,4,631.4701661098893,69025.4679985398,1504.8964177165703,0.17889147961036284,8,1,0,1
2,12,11,358.766224871639,26927.97626454903,953.3375481183816,0.1,8,1,1,1
19,2,0,1543.1794398497373,404307.0491970361,3000.0,0.021429909571841082,0,0,0,0
4,7,11,164.87484516338333,44187.64322773979,200.0,0.1605705606810396,4,1,1,1
14,4,0,1605.9577368252035,256604.45029275224,6046.325171280271,0.023713069185677303,1,0,0,0
10,2,0,921.5206110783284,293942.30597485445,7182.101158318443,0.017401627799989272,0,0,0,0
23,22,2,442.0616401705644,57514.853195449694,439.7003816336926,0.3263912245736075,5,1,0,1
5,17,7,584.7509767236868,31518.97300938316,1718.6545616170617,0.29562728073655453,8,1,0,1
3,23,2,304.29983582577216,39449.99924266663,263.3669206511652,0.21731718897490143,8,1,2,1
23,18,5,490.72839660490064,11851.479575133097,3000.0,0.10732923191279861,9,1,2,1
5,11,8,50.0,25475.505991955768,1932.8536976931025,0.4079915367210988,5,1,2,1
3,24,8,331.32365676388997,41929.34369768299,1772.9447974864802,0.1,7,1,3,1
22,3,0,1538.9662852600397,282163.5689458926,6009.771481860387,0.001,0,0,1,0
2,10,7,357.14416207253083,26140.19369414789,2570.9621395365702,0.40456050900331886,8,0,3,1
3,15,4,483.1253870595548,40578.93942025046,991.8435168114609,0.4217890451414393,6,1,0,1
14,1,0,879.2665652320914,258328.47437718528,4521.458258753046,0.02488798641403044,1,0,0,0
17,3,0,1388.6113936700956,311143.2332724312,7917.928886560596,0.010018396992601408,2,0,0,0
1,9,4,265.85652882582224,33683.50106787411,2329.8414480579286,0.1,2,1,2,1
1,13,3,50.0,37356.24884099664,1204.1253611995344,0.1,3,1,2,1
18,1,0,1286.2200002581167,100000.0,8451.446403811067,0.017248121213400774,0,0,0,0
17,3,0,1601.0017819528155,425220.06555545784,8517.495314843369,0.006865459809444656,0,0,0,0
11,2,1,1007.1429555981204,281136.5336147824,5504.724490351361,0.011877715032085274,2,0,1,0
3,21,11,481.49809895828946,29129.87192462131,1145.012810729537,0.27091887333716413,8,1,1,1
0,17,10,404.0575102294846,42328.42661323966,1538.4918925866352,0.17158279677441363,3,1,1,1
3,22,11,286.4452605144726,16321.63275455637,1537.5318483324907,0.1,5,0,1,1
15,2,0,727.5478147045401,223802.2768293352,6021.418818878836,0.03525812745509924,0,0,0,0
13,3,0,1294.473662119156,446022.8179738963,6711.703218301894,0.013944825768867587,0,0,0,0
11,1,0,1642.9272746063734,170280.44245667182,9114.753997528489,0.02591076235420115,0,0,0,0
13,2,0,1701.8979349350614,383079.39231033094,4855.55768345141,0.010430634553029254,2,0,0,0
17,2,0,733.1262984609355,329852.4705343576,9877.884261271429,0.021689431746404347,1,0,0,0
11,4,0,960.5407447202654,141459.93630609583,8091.405783929932,0.023762302712479436,0,0,0,0
0,20,2,578.4757053342746,36565.22725327303,730.3228604066339,0.28383007555494444,2,0,2,1
3,23,8,290.0746939617178,24583.94384396363,283.1725943161673,0.2209130065831417,4,1,0,1
3,6,11,187.7421290175325,23168.57815736633,2891.5862166693905,0.37322477227903006,8,0,3,1
12,4,0,1657.1101066670208,363407.66610392346,5279.424822773282,0.015157497795617396,2,0,1,0
23,9,10,458.7081816567542,11796.273803241096,2000.0349714964134,0.27504072352622116,2,0,0,1
2,23,8,662.8001360878876,43761.42912145757,2020.160839478966,0.1,8,1,1,1
17,2,0,1289.8968478328698,125666.85979334317,5391.8590109803845,0.02180729528142323,1,0,0,0
14,1,0,511.19056767415225,424959.49332371197,7524.608931160611,0.020640799133873677,0,0,0,0
1,12,11,100.09581194560866,61170.67186594224,1301.5344020401096,0.4376491955250888,7,0,1,1
18,4,0,1228.3385584209136,223675.68013392185,4364.827576674036,0.015823600218081102,1,0,0,0
15,5,0,882.8209988055615,236513.76233584151,5761.866432189765,0.01550867185734433,2,0,1,0
4,22,10,403.53484923165644,80000.0,969.348127128907,0.1,8,1,0,1
1,14,4,502.46142972774675,33929.45794695284,200.0,0.23057566739560292,2,1,1,1
1,7,8,174.71428511887487,10135.287604075504,200.0,0.6358123236781286,3,1,1,1
21,1,0,1300.0577790930215,298671.1052127354,6983.002159211098,0.02856460687831434,3,0,0,0
4,15,9,270.2474270258645,1755.3301025016117,1870.7148530365696,0.28185361670144143,8,1,3,1
0,9,6,598.7739464458322,40575.74813476044,985.9938564182901,0.16701619991809097,10,0,1,1
1,12,8,458.523955508607,3917.997614855056,1181.395546643109,0.30132644204298753,6,1,2,1
17,2,0,1487.4386093000148,320767.47804842476,5787.2840051404055,0.023044566615733907,2,0,0,0
23,16,7,642.4059403738949,17727.009896744836,1682.8535321237873,0.1,10,1,1,1
11,2,0,1473.829890014339,154431.82734064848,10000.0,0.024353203803530045,3,0,0,0
2,21,6,541.1089882833621,53786.034069175184,864.4487522080448,0.28502491345128333,11,1,2,1
17,2,0,1213.0990590117601,362547.83881772653,7706.135734198622,0.02346573067792319,0,0,0,0
21,1,0,1187.9835373007352,381482.53797881113,4906.483703975892,0.03047863802346406,2,1,0,0
23,17,9,474.87411238174974,30794.141884555567,567.5241173068914,0.1,2,1,1,1
17,1,0,1509.0167276205277,350997.47407083964,5985.79975556853,0.0079420873856036,3,0,0,0
17,2,0,330.65956804172436,459402.8473067265,5710.919559103215,0.009939678369666381,3,0,0,0
4,23,9,524.5932740059885,46395.968360503655,1500.8493210321094,0.21326094811406682,3,1,1,1
17,5,1,1133.7274684354525,259279.80382553022,5151.999019463586,0.006494670033577354,2,0,0,0
23,8,6,441.3344515410625,35829.9517640366,342.3656411029515,0.2224742677380059,4,1,0,1
17,5,0,1306.1275481792877,189633.07290328096,7382.198500137343,0.03370839583519286,2,0,0,0
3,17,2,323.458607688316,43100.54613699152,867.0743747159765,0.3247664091244109,10,0,1,1
22,5,1,1611.664330987851,352010.5082478144,4684.6005656438065,0.035076440077917256,0,0,0,0
15,5,0,1249.5632982544278,435280.21496805106,3101.2591342881824,0.016402508307315593,3,0,0,0
16,4,0,1141.1807741207813,297204.7869751417,8702.661094215307,0.0010399411122544687,3,0,1,0
19,2,0,643.0213893987248,182082.67812636914,3000.0,0.004368937765015114,1,0,1,0
14,1,0,348.07592645605325,314510.3793883629,6300.381674310385,0.02801782782072592,3,0,0,0
0,18,10,513.7801895474174,30987.590271577115,1751.481531386001,0.3770002507416602,7,1,1,1
0,13,2,512.6484531075819,56270.77789983011,1615.6112673980908,0.3561158445697319,7,1,0,1
17,3,0,1081.6112827150957,376874.44546116225,6682.885245528806,0.01998393165380798,1,0,0,0
2,20,4,375.2589976845906,30829.134390966145,690.0743345409192,0.43543790912153313,6,1,1,1
18,5,0,1216.1321603556576,378015.77172566624,5404.149182086013,0.012376476283279838,3,0,0,0
16,2,0,1843.5552373652552,225478.27162723953,7267.335882497116,0.03080466160071235,1,0,1,0
19,5,0,1281.4099020859485,263438.8681005931,4857.540920129486,0.01594781565325329,2,0,0,0
15,3,0,1074.671650868948,140334.01984761885,6897.799572295061,0.02869426378169567,2,0,1,0
21,1,0,1029.0909672937853,224913.458287695,5038.179991401177,0.026842739744515065,0,0,0,0
2,7,9,446.2775372079746,22483.232843175443,828.9478098854831,0.18082158647363455,10,1,1,1
5,18,4,148.52374631054,31165.439316328448,590.5623532169125,0.1,6,1,3,1
2,15,6,475.053872467921,44638.684772191555,1874.058322939626,0.1,5,0,2,1
20,1,0,674.422201316012,265821.96250785154,8050.0970190011085,0.01362742505397408,3,0,1,0
15,4,0,1380.389124300683,366408.6228770222,6809.208070086004,0.023045373985159576,2,0,0,0
11,5,0,1149.8889451549678,458713.24514543836,3760.4202493291054,0.02788897060464273,1,0,0,0
12,4,0,1684.0085245782975,124601.71792578202,6001.975318318024,0.02209869217105292,0,1,1,0
11,3,0,1151.8845153984814,393322.05155802827,4412.236909603358,0.013080968969124425,0,0,0,0
15,4,0,1662.6472135660053,321264.2482326825,3000.0,0.021254445192762577,2,0,0,0
3,12,5,166.97631093073628,1000.0,1420.7932762885628,0.2874805114283632,9,1,2,1
21,3,1,585.5673297736375,355919.9603440875,5065.3980462361305,0.00493823647047365,0,0,0,0
17,1,0,1051.1461834634606,315180.97138155124,6187.447092653476,0.002608398053889363,0,0,1,0
23,10,5,444.39381952209527,17230.729580675765,1587.3577795315953,0.37531462568063967,9,0,2,1
22,3,0,300.0,339428.9545961148,5498.364464786584,0.017358318937440883,3,0,1,0
14,4,0,1684.9906815848037,157498.56644361163,5732.052350697428,0.027333751863632832,2,0,0,0
5,15,2,778.4234905146362,25238.768032367316,1250.9015989516927,0.4370324898096649,4,1,2,1
14,1,0,1167.1877454763367,420825.67326532246,7294.530308743387,0.026621744429725612,3,0,0,0
14,1,0,1523.8513112248638,402731.40059700044,4830.047794083627,0.001,0,0,0,0
15,4,0,1488.3374408522743,264162.1901767732,5096.06430361345,0.018113314656197005,1,0,0,0
10,4,0,1258.3272392085157,369481.6142923094,7624.381495337728,0.025738875295691604,3,0,0,0
2,9,11,536.0275604335272,46946.87448268251,337.5409048782019,0.1,6,1,0,1
22,5,0,1103.96507201312,323722.2964034124,3337.811002309832,0.03498469844878099,0,0,0,0
1,17,10,322.7156999822968,27593.50718212237,1832.598906771598,0.44627166730863843,9,1,2,1
20,3,0,1320.8600949727434,265805.4188168748,5354.588200263127,0.014543849088508452,3,0,0,0
21,3,0,1513.3080867746917,410922.75359342084,7969.681329995468,0.02211317029425544,0,0,0,0
20,5,0,1503.0443747705242,206558.91489617212,7170.264078527526,0.019807214407713308,2,0,1,0
3,7,5,171.46672481692175,12625.210151859872,453.7425574513393,0.37635133480960814,6,0,1,1
0,15,4,221.71775893645722,16412.931451201217,200.0,0.1,5,1,2,1
3,6,10,162.26880265852807,37601.37953079116,726.72151775457,0.2650195087231932,7,0,0,1
14,2,0,1086.2496563677357,367559.5516064319,5427.556304280547,0.00831975808168259,3,0,0,0
13,5,0,1379.0687963347975,274272.5109857047,5881.737899280843,0.02435688465529501,3,0,0,0
18,3,0,1463.5396564508974,243374.24310739303,6045.831976876261,0.0292963718302185,0,0,0,0
14,2,0,1470.8009589254943,256695.0685261629,7239.490378722784,0.02524748016463519,0,0,0,0
1,16,3,436.62209822359785,37790.809328033276,1748.1885011526476,0.5803505448282638,8,1,0,1
5,20,3,391.19792224858963,56166.506130587266,824.7740616389796,0.3899626254581696,5,0,0,1
20,2,0,1352.654827080814,373612.2332376626,3177.8652883191407,0.03149128652594351,1,0,1,0
1,9,11,194.10971584474837,37430.23602203205,1734.7892660174568,0.6077155410955783,2,0,0,1
17,4,0,1632.057666608038,370324.1728822412,6533.265224925499,0.022441270208860817,1,0,0,0
15,5,0,824.1258735274787,313851.0583017735,6224.72307148771,0.033362840635003846,2,0,0,0
11,5,0,1055.131624456619,350869.00801902084,9126.396306514072,0.02672745194286869,1,0,1,0
2,21,10,227.24916173783507,23393.9772522016,1047.5377182779525,0.11166882201344291,6,1,2,1
11,5,0,1446.04754233017,295003.1209189467,5638.561168788259,0.01629931347760225,2,0,0,0
3,17,2,707.4291832709862,7561.403679543386,3000.0,0.589167774504832,9,1,2,1
13,3,0,300.0,452269.69735158375,3000.0,0.02026110352955186,3,0,0,0
5,11,3,358.0609792336486,31887.31878444804,1864.235380516688,0.1,5,0,3,1
23,16,7,555.5334879239695,36493.210217287815,1240.0950482968133,0.200609881019093,2,1,0,1
16,5,0,1343.3827864911418,168824.14555246828,7244.270373063121,0.02927948025131217,0,0,1,0
10,2,0,478.2369110011696,369722.817939583,7919.432355662272,0.024476359805878412,3,0,0,0
23,20,11,222.49312022546363,18709.820728376028,200.0,0.37491760906350274,3,1,2,1
10,2,0,697.6732863030694,318074.0215328341,6932.243238499726,0.007905155145103522,0,0,0,0
17,3,0,637.5535275761046,334329.76909241546,10000.0,0.009354073295574368,0,0,0,0
17,4,0,1214.1088770581214,311197.67660807504,6028.153642662862,0.013307892798889148,1,0,0,0
0,10,4,410.1954720079792,44482.37590880539,902.7092049335449,0.2824740949356515,11,1,2,1
12,3,0,1256.8900802785531,317154.50505633204,6088.65086873094,0.014705575563129042,2,0,0,0
10,5,0,2278.1954837876337,199554.88586155314,6087.658295370615,0.026831883264593744,3,0,0,0
4,16,7,445.677517541243,59256.6585419677,1342.9319316708393,0.3880037286900351,11,0,3,1
10,5,0,1115.8782020031829,361877.2739584806,3437.333939628439,0.03135044377775029,2,0,1,0
12,4,0,1789.8524510060488,438860.9786892936,7420.6661733509545,0.017808975158039406,0,0,0,0
13,4,0,1366.2902039919147,367315.9335294313,10000.0,0.027847563316218807,3,0,0,0
5,14,10,204.07151105003675,41303.9862991281,1048.3651236174555,0.3726653093602792,3,0,1,1
1,16,4,543.7502134675543,23474.25087146569,200.0,0.14875264351914116,6,1,2,1
1,17,10,261.80702775696636,24161.8873471266,1624.8563287479053,0.28058393236218737,8,1,3,1
10,1,0,1328.774577675855,208553.8008528778,3129.5962476971886,0.02497462309566455,1,0,0,0
2,6,5,50.0,14874.41607303381,2762.231976932686,0.10975578434733232,4,1,2,1
10,1,0,1288.2427691835526,223708.29760290933,5239.241389886404,0.022271782297216457,2,0,0,0
0,22,8,563.947644052809,32693.0708001979,690.1596000584592,0.13717625130541694,9,1,3,1
23,6,5,167.44576187087566,8313.603491154077,2398.132771482665,0.1,3,1,0,1
16,2,0,1184.704596928763,249540.4441250955,5525.219252147027,0.022967518017019333,1,0,1,0
12,5,0,1514.2185279592113,197933.22700982017,8623.873153403203,0.012913006357717272,2,0,0,0
3,23,3,318.25272029389976,58074.581395903195,547.4130751641064,0.2823669290318267,3,1,1,1
3,20,9,430.0509980334883,42135.841839382214,1571.8641760627124,0.11172373864643886,4,1,3,1
13,4,0,1587.3500665413917,307268.6727282062,7083.6016546340015,0.01822721523712201,2,0,0,0
21,2,0,742.2587166618232,531388.727342603,4091.367517702035,0.001,3,0,0,0
23,21,7,563.5612154808564,28544.37030219859,1484.708791076143,0.1,8,1,1,1
0,12,5,243.68093746339048,34569.20726648807,493.1348542921064,0.10440693795569903,4,1,3,1
4,14,9,317.47818212213565,75020.68623664154,1347.9446600917208,0.1,4,1,2,1
10,5,0,1736.2664922413567,235334.4366405707,8045.768833137974,0.02930048575295144,3,0,0,0
10,2,0,590.8182112174208,228001.82622849874,3098.1364318396354,0.012781214651424174,1,0,0,0
5,23,11,50.0,48939.449566016316,2220.7658656555404,0.23944235241498046,2,1,0,1
3,24,2,378.1547733016723,38694.05338113513,1421.8022449327484,0.37534443982717725,3,1,1,1
22,2,0,1381.3713956889399,316624.3794979291,5283.93091448647,0.019383684547998065,1,0,0,0
20,5,0,1155.986630296116,364141.9768866717,7472.205746595331,0.005427428876920803,3,0,0,0
5,14,10,203.86854102499439,44680.2490058152,895.0143130925223,0.3430528534288425,7,1,2,1
0,21,10,473.2444013496805,16803.409363724593,1641.4543992718839,0.1,9,1,3,1
18,1,0,1496.2902731930567,149976.59564967421,3064.3734150021564,0.030401704164265304,1,0,0,0
22,5,0,1293.7438762915929,252372.6977232622,5655.3985677879255,0.018411908756309932,2,0,0,0
4,10,9,183.5420974862029,27189.065170069694,2049.5372898315472,0.1,7,1,2,1
2,17,4,955.1173933292251,17141.979798646735,1490.3199106232466,0.4361050263960053,9,1,1,1
0,19,4,345.8767786777874,25338.44046099867,635.2537840025672,0.6547862787999896,9,1,2,1
17,4,0,1019.9105787853475,282486.8244360656,4687.656704814926,0.02307104576425052,1,0,0,0
23,19,11,345.59360032716035,52212.032749994665,1872.2820543373168,0.2671574448842635,10,1,2,1
5,23,5,721.6236677240474,8830.272914589383,1887.6515638771666,0.12774736723940117,3,1,3,1
16,5,0,1142.2678128787625,192914.270444837,4550.286648612331,0.03216758238361086,1,0,1,0
1,24,10,582.8612628035621,10846.306803827232,1789.117886192783,0.3506101934056124,9,1,1,1
0,11,7,50.99939846091297,13411.749475611145,957.2299969477177,0.3631654449480967,11,1,3,1
18,1,0,1522.9561642615613,378426.1569502426,6889.407924455983,0.02711593538024513,1,1,0,0
4,24,9,496.69884497039885,26058.6460666591,990.4495170762057,0.1,4,1,0,1
10,3,0,596.0804366065893,409176.1364101454,7454.826705036132,0.01213320444558088,3,0,0,0
15,1,0,1691.6734503763196,249330.29031606243,8427.544557261652,0.010863937928190343,3,0,0,0
2,22,11,309.531417801012,35545.83353664791,2017.60471880266,0.28088719943066276,8,1,0,1
13,5,0,1487.913180666917,317506.5046793389,4465.900172612792,0.02137403829309199,2,0,0,0
22,5,0,1689.24211759054,432973.07914204185,6800.277799426419,0.03877002243395443,2,0,0,0
22,5,0,711.4286006323696,335492.99233926495,5806.040000211059,0.032481244897723194,1,0,0,0
11,1,0,1318.9602765564398,139314.20536371574,6645.522113752916,0.010846392381563994,3,0,0,0
20,2,0,1545.979535204655,121667.65148114238,8956.975302297267,0.02285523158319643,1,0,0,0
3,18,4,50.0,32701.83070951276,1361.0656228147966,0.1828933503339882,11,1,1,1
16,5,0,554.329466014064,282878.74962178885,4997.232581213683,0.010371086403757918,0,0,0,0
17,5,0,1272.7075581535269,452559.11527890165,8045.506657341294,0.02156355523316917,3,0,1,0
2,22,11,87.1540163192044,43634.02382969154,1696.0002328992432,0.34850835651516177,9,1,0,1
16,4,0,1209.642867315158,423324.2982485753,8548.330561186594,0.014731224440404825,1,0,0,0
22,2,0,811.6060539137239,254753.8188564995,5200.391669560673,0.01904055493788407,3,1,0,0
11,3,0,1172.7908437180486,237638.96093943584,5883.678606993832,0.011971299732566389,1,1,0,0
5,11,7,400.3336970721492,10572.384978586375,2692.638513701314,0.6875977713772277,3,0,2,1
15,2,0,1382.4158353534779,345879.7499273339,6488.929486702487,0.02449039485835376,0,0,0,0
12,1,0,935.7073976444111,419774.1936627171,3000.0,0.03604522946221803,3,0,0,0
3,14,11,569.8448525291394,6525.396553443803,2685.929173819326,0.24982739153851063,4,0,0,1
17,2,0,860.0366988959498,206796.31344126462,4414.726512105402,0.0251301593078462,1,0,0,0
5,9,11,697.4186874094943,66770.7097392953,2159.2229532250312,0.1,11,1,2,1
10,5,0,1102.8790850752198,173309.25379417842,6635.681915049808,0.02893496763223529,2,0,0,0
4,16,7,719.0605850684965,1000.0,1541.327691540763,0.2090543682648261,8,1,3,1
13,3,0,1187.9937071808392,257012.72657879072,5720.526235652458,0.010768362202611,2,0,1,0
5,7,7,537.4376533232082,38644.01984708808,1104.3584499548056,0.1,4,1,3,1
2,10,8,50.0,15800.652442880144,2477.8052078371074,0.47931089465411125,3,1,2,1
10,3,1,300.0,274784.31491644215,3844.2638141273783,0.01988856072394249,0,0,0,0
15,5,0,938.8392059286203,359994.160894085,4521.40512727891,0.03717687813280042,0,0,0,0
4,8,4,316.28981759787416,18343.510812328535,665.6726218207527,0.1,8,1,1,1
5,7,5,792.4891511927092,33782.749229774796,2141.015850641435,0.3286306151235402,10,1,2,1
0,14,4,256.6226138682498,30859.026598141638,2829.00748688043,0.13526449174788924,11,1,2,1
3,7,5,683.1420965191398,28857.224669113915,983.648237129519,0.3344678714577669,9,1,1,1
3,13,8,310.8445804427979,4941.086879632876,1209.0089528625758,0.25097807690150903,5,1,2,1
5,23,4,68.75457771314484,70331.8312733168,710.3118437506863,0.3945108709490015,6,1,1,1
22,1,0,1279.5582689396701,304496.17617583513,7071.406309148505,0.022027818683807692,1,1,0,0
10,5,0,1236.2335693925986,342144.718273019,5116.297820998047,0.02209473897843027,3,1,0,0
23,13,4,287.79429861486875,38363.792421373175,850.1752135495465,0.11516205833356702,3,1,1,1
5,12,6,234.21199342459406,56859.57176519703,1055.4660098922689,0.1,2,1,2,1
18,2,0,628.1077375055969,199764.78900694975,5146.238864658592,0.01793369011197487,1,1,0,0
1,14,10,60.18412693355009,15647.418424153131,2177.5440065369985,0.3733780087869485,8,1,0,1
21,3,0,1026.9696971507683,163353.67289635338,3311.391987551444,0.011477338090196607,3,0,0,0
23,6,5,753.0181189666239,68984.54559992041,2159.624680799775,0.10230644667080191,3,1,1,1
20,4,0,1207.4159781156136,237159.09360378262,5479.384445758389,0.038651071593741544,0,0,0,0
23,6,10,534.6601270760189,43226.79470142704,990.6989771614228,0.42541707536208695,11,1,0,1
20,4,0,967.6899465257525,428284.7553046021,5328.9909003784815,0.007332410033013961,2,0,0,0
16,5,0,1798.7027143961895,346515.3994826919,8386.936857094417,0.02221116456013394,2,0,0,0
12,1,0,985.986766123372,128406.09274477672,8253.819369406438,0.012709160526112824,0,0,0,0
19,4,0,1058.866437659457,237567.80234017016,6149.728597884229,0.020854323465807963,3,0,0,0
5,10,6,529.5106841706663,27913.971918612835,3000.0,0.26105137106290865,6,1,1,1
10,4,0,1638.8885318687298,204251.31417554006,5755.629284462403,0.0052445322345431155,0,1,0,0
23,13,9,773.8091138871949,8364.538340148469,878.5353045668878,0.3415130391504884,2,1,2,1
5,22,6,240.0536002055733,41185.48462165837,1423.6920551982755,0.1,7,1,2,1
18,4,0,1143.9735894889432,224276.41511117603,5287.106958351697,0.018319413358585987,3,1,0,0
22,1,0,1164.1018655939545,202531.36812824226,3201.9294068188838,0.010468451797761031,0,0,0,0
14,4,0,1435.171307199146,169906.65692359413,6337.805784858228,0.033051585709987306,0,0,1,0
1,23,8,50.0,56348.27833845197,293.92266169072286,0.38212681946535443,4,1,2,1
1,17,3,88.68964405785579,17374.969124540286,2154.0196209274977,0.22365824017805963,2,1,3,1
22,5,0,812.8110438498113,169845.3616814654,6142.674230056772,0.011531625212022613,2,1,0,0
21,5,0,1879.6582326092807,313176.187600039,6382.245719503208,0.013590860516058059,0,0,0,0
5,10,4,202.075350320372,6446.102555318546,200.0,0.2012307211687539,10,1,3,1
0,8,4,347.96938560584533,29889.190733756182,200.0,0.3802994856853279,8,0,0,1
0,13,7,541.6641488352227,1000.0,1168.9737491614344,0.4492611787831505,7,1,0,1
16,5,0,1441.490230183013,323105.80532319826,3000.0,0.02121022475377251,3,0,0,0
18,2,0,2029.2057612014091,421454.744200496,4590.727608080734,0.040985659045592426,2,0,0,0
23,9,2,272.62698942634694,2555.5286116215248,225.18708916712967,0.40487361141734823,9,1,2,1
10,3,0,1203.0306639112248,281831.35217745305,6878.128651705468,0.011587709608385004,3,0,1,0
16,4,0,1453.1274544436399,251267.94638912083,7313.523956745024,0.028745380094335048,0,0,0,0
12,1,0,878.2599368671603,250713.2177328096,7473.221528413769,0.02904167914614625,1,1,1,0
2,19,3,225.8444477575228,3950.9586340983224,688.0391902072228,0.36509617289899104,7,1,1,1
19,5,0,1542.9485460702545,445420.00122758234,8087.872340845432,0.004694434138049271,1,0,0,0
1,22,8,500.99779694733525,31282.78493678699,200.0,0.346591097595967,5,1,2,1
1,8,9,408.6858544863442,15041.961383988246,1253.6534007956602,0.20693262541895596,8,1,1,1
23,6,11,305.3002058513735,31171.88311757644,2075.5466840726585,0.35439411006132476,4,1,3,1
3,16,10,497.54730092312525,35132.880907917635,400.5218237407371,0.24398457975085253,9,1,0,1
14,3,0,887.8382889157956,444471.0884523378,4352.803309661458,0.013934332737607379,2,1,0,0
12,5,0,715.4555464201871,214018.0545667617,5923.256131411343,0.008999374117588001,0,0,0,0
19,4,0,1174.790809048044,333432.82535335247,4362.634249677272,0.0031958728836836217,3,0,0,0
16,2,0,1282.9682339845733,444454.8075479422,3460.74647607549,0.01929759949021915,3,0,0,0
2,21,8,187.71271304939327,44819.99536771282,2941.459678954579,0.380301322072767,3,1,2,1
23,12,10,350.8833972412459,16281.532678924867,1653.268575256346,0.1,3,0,0,1
18,3,0,1217.3487826733399,333010.8010115152,5083.10986235716,0.0257709390793733,0,0,0,0
0,21,8,433.3587989640507,29509.262047818396,1008.6809026936726,0.2710425764775947,7,1,3,1
16,5,0,1207.3676744746163,232547.19220847858,6441.542436843396,0.017135960246497897,0,1,0,0
10,3,1,1654.5371183647399,262508.0327949425,4304.179374582218,0.0167986803788877,1,0,0,0
1,14,7,668.6410085603422,34295.41108616392,821.7770464869716,0.4606877900755665,6,1,3,1
4,21,9,633.7086434696058,33763.01609979228,1047.4360239159128,0.4370021146928624,4,1,1,1
15,4,0,1642.164962085993,308752.6349845019,5615.829528313905,0.0013699605246915714,3,0,0,0
12,3,0,1511.720189092894,324384.36724935065,3000.0,0.021364766079120048,0,0,1,0
3,18,4,546.0533523224871,7967.744123064444,1863.3033590097912,0.15840919901117573,9,1,2,1
12,2,0,2361.1766514021374,427834.42016559304,6154.752655238941,0.024055739987908328,2,0,0,0
2,6,6,448.2457509653554,48940.26085178462,2372.519308154221,0.16167985447235317,10,0,2,1
21,5,0,1442.7138587817349,167804.36780696723,6292.5400207236735,0.021392973241256975,0,0,0,0
15,2,0,1581.214146039103,419846.51733852207,5580.098936435518,0.01258794965361832,2,0,1,0
23,18,11,256.962813918994,25234.820017302107,607.0516214564963,0.4564243035072728,5,1,1,1
5,18,11,368.53494476876836,19726.074023053836,2748.583290957822,0.1,8,1,3,1
11,2,0,1494.0620927957004,399505.2746657046,5398.692137352556,0.001,3,0,0,0
4,9,8,435.27435119207985,24051.95326339976,2751.4461298542665,0.40056752265783363,5,1,2,1
18,4,0,1395.6230002166221,190612.41147197632,6157.782275526284,0.020310623417660968,2,0,0,0
22,5,0,1745.2193285107005,481235.6292509493,6429.545436983697,0.015662670326886636,3,0,1,0
1,20,4,268.44536784657555,34130.37164728876,2019.2123535985354,0.41331234035399755,6,1,2,1
18,4,0,991.2417049567038,438882.4414144988,6446.074102306202,0.012785279813958689,0,0,0,0
5,14,7,50.0,1524.3386995533292,1741.6571422402299,0.30890350712121095,11,1,2,1
18,3,0,1078.8286936777495,192648.89531033754,8800.53963102625,0.022364129820967804,3,0,1,0
15,5,0,920.578780246913,196336.35486218217,5188.336445358531,0.027532975451762778,3,0,0,0
1,11,7,377.32278744998365,15270.196536451816,2365.7170731556325,0.1,3,1,3,1
11,5,1,1514.813388779939,156485.4407129979,6053.396818071714,0.006320588867949114,2,0,0,0
13,5,0,947.012633475946,341956.5315988303,4774.786919468434,0.012361734318630642,1,0,0,0
18,5,0,894.2735079088704,511718.1539989773,9023.893661738974,0.007784246329551521,3,1,0,0
12,5,0,1239.5117750204236,258219.0778415741,5379.108269518066,0.0390515706017608,1,0,0,0
16,4,0,1026.0692834929055,301591.49630506703,4297.84476464836,0.00202360192763245,0,0,0,0
4,15,3,536.2216117628564,21989.954316573603,2013.9361089451538,0.2589299106822961,4,1,3,1
3,14,6,458.08609839729877,23934.781593491203,634.8538460503278,0.1,3,0,1,1
15,3,0,510.9849029624794,304851.4662219559,5384.111887349916,0.02158553217282111,3,0,0,0
23,11,5,434.9816317486715,55324.49375876054,2171.1997817808115,0.12820320965246262,9,1,1,1
15,1,0,994.5611798258631,331562.2330828383,9126.166249349384,0.020412456855927092,3,0,1,0
12,4,1,1448.3366992133354,444571.8112142327,9624.461324424725,0.012086243079859872,2,0,0,0
13,2,0,895.3787298295156,296074.0316124751,8209.636465919906,0.010419472901856524,0,0,0,0
21,2,0,1127.288306887957,329574.7786470118,3906.6911613495163,0.01856673211003347,1,0,0,0
10,4,0,1149.7697648279666,221691.52751650652,8059.842954024333,0.029815823325972546,2,1,0,0
5,12,3,653.5942653608968,24565.79916924551,913.9565806566553,0.43411805335577014,5,1,3,1
3,8,5,241.1052437582405,6958.615871318772,2445.176252120703,0.22255595902537825,10,0,2,1
1,9,4,610.5929415974128,15580.93105047812,835.903136690026,0.30429637398466747,4,1,3,1
12,2,0,845.033832921267,542146.5132961809,6584.271394393208,0.025556588918570416,0,0,0,0
10,1,0,1022.5902340798399,188938.64733346587,7058.165963459521,0.030341167309060064,0,1,0,0
0,9,2,560.0902486529873,36830.89203872425,742.6649032823645,0.26038171170597413,6,1,1,1
1,23,9,139.46680807257655,36246.66829851712,2332.0822329644743,0.35291093813543695,5,0,3,1
18,2,0,1946.1174397155914,190655.9574281442,6841.255212108096,0.019239777954433983,1,0,0,0
22,4,0,1114.90399277376,244065.05201956828,4444.061672760674,0.004489359599816474,0,0,0,0
2,18,5,199.35590565855566,31362.66677570144,952.145030314632,0.3370539649786662,10,0,3,1
4,18,11,467.63747424075274,32212.31701306725,2286.959525035845,0.3974009219316367,10,1,1,1
5,11,8,211.26616737536327,46063.80671074301,2271.7609646532705,0.2577016533271535,11,0,0,1
23,18,2,601.0485234360169,7321.47325730219,1233.2847253260452,0.19005391011379796,3,1,2,1
10,2,0,1962.221066857493,437975.0063877683,5848.273814013266,0.02586023744055136,1,0,0,0
15,3,0,438.4550099503199,479637.0774758677,5664.074517347079,0.001,1,0,0,0
5,16,9,636.5328991095132,50204.73836796185,1959.782802138806,0.4844164621181392,3,1,2,1
23,11,7,358.5142421142806,45403.76385587508,2423.020393704993,0.13167698660650748,7,1,3,1
15,2,1,897.8334799003768,441151.1788539762,5205.16607992309,0.010488296757268872,2,0,0,0
21,5,0,1220.4815642295857,130326.40572489562,4355.40377552129,0.024732330748923653,1,1,1,0
17,1,0,677.5369198084186,320118.90594004426,3000.0,0.015680041702796545,1,0,0,0
14,3,0,1373.4929576112077,280049.47946307086,3224.2450742252568,0.03229629079123055,3,0,0,0
2,16,8,507.478566520941,51533.25453852325,1358.0499348395351,0.1956965687270142,3,0,2,1
2,8,8,655.50787461139,30360.158026436486,1273.645865331566,0.3239756525444475,6,1,0,1
1,14,5,106.35420707408463,30312.29130328159,2302.8842248886294,0.1475134775318584,8,1,3,1
14,1,0,1437.8794119923248,191164.5548926995,5619.53578552109,0.020420927341247824,0,0,0,0
11,5,0,586.5997556752094,294421.3773092977,3366.829228193949,0.026461648718881698,3,0,1,0
5,21,7,804.5380168790459,38290.47364755174,1064.148943568812,0.250646046396071,5,0,2,1
15,4,0,1749.650157000864,324970.88064074225,9744.641681439442,0.00967649249432748,3,0,0,0
18,2,0,999.6237851213673,234220.3230403785,3000.0,0.023279470574077678,1,0,1,0
13,1,0,1478.6265373830167,301397.8623619685,6499.026298757466,0.004874085334679796,0,0,0,0
2,19,11,502.1738753036733,35958.89491727732,1920.5305459389847,0.20291938730198933,5,0,3,1
1,19,2,499.77029982820477,47976.53124369234,2146.9943304611006,0.1,2,1,3,1
10,4,0,1321.1581050171724,365763.56647244125,7686.919792617239,0.026605288871095784,1,0,0,0
19,2,0,2171.5738952307615,309149.1426401006,5787.727883255172,0.0251390906501423,1,0,0,0
21,2,0,1422.0563242502278,399210.7421151511,6900.231681830397,0.010226472661683101,0,0,0,0
5,19,7,400.3946016258504,8800.417533725034,550.020299954434,0.2745774427753364,3,1,2,1
0,7,10,308.94386218172866,34442.235194225555,1062.3354431943546,0.11240438886452817,4,1,1,1
20,3,0,1383.8031066554647,174679.19587581285,3951.256272625126,0.009895756135763776,1,0,1,0
19,3,0,1066.709605055039,268967.45426713733,6367.858652543193,0.003688360109211381,2,0,0,0
5,6,7,66.20956574620698,35836.601837622766,1072.1323422134353,0.30299176123298405,6,1,2,1
2,14,8,554.6423984814288,28277.18801464657,1726.2146004533306,0.5688546686465776,4,1,0,1
23,19,5,543.0296669040115,39877.564444281255,2135.5971054615693,0.10374932072092419,5,1,3,1
15,3,0,1449.8693414795785,382110.67539633904,4267.156860235294,0.031224997968594313,1,0,1,0
20,1,0,1422.250729117949,253780.48167370434,8518.5179936861,0.022779167959189828,2,0,1,0
2,24,7,60.85246486140869,1000.0,2513.4055653943424,0.2714049435455022,11,1,1,1
18,5,0,1272.1051175606046,282163.56027865194,5406.431124517633,0.021550218671402523,1,0,0,0
16,2,0,744.8537301384863,497498.6823540918,6998.649228454953,0.02940910883879347,3,0,0,0
5,22,10,234.21758806513938,57353.93706724819,236.6048968930154,0.2857874105431527,11,1,2,1
3,24,5,165.8344213785285,76865.80766400316,1618.4595619692334,0.1,2,1,1,1
16,4,0,1506.9903671256739,392687.66994609043,7661.392789016284,0.04376255803259792,0,0,0,0
21,2,0,1250.3239813941175,317792.1010079158,5902.511803830934,0.037449174627747134,1,0,0,0
10,2,0,1326.13258825777,444059.9892079389,5391.966209468021,0.03189942929147282,2,0,0,0
2,8,4,348.4404004201107,35949.38043471476,1899.5429744470996,0.16910982601333846,11,1,1,1
5,16,8,469.43352997672673,18487.11194657126,1265.4718698421423,0.3397572668828735,2,0,1,1
13,3,0,1968.3484599759145,192657.90577210824,4345.507882415872,0.014559555604035376,1,1,0,0
13,1,0,1271.7793566946298,309825.90150681935,4307.022139950244,0.02757363531208882,1,0,0,0
0,9,6,391.8270482323465,36571.060503769186,1199.6614550907384,0.44480246014455116,2,1,1,1
2,22,6,236.22524812820365,19288.15132083489,1812.0194227698664,0.1,3,1,3,1
13,5,1,811.8802015623937,230006.47907335078,8308.325560842914,0.03349144474247619,2,0,0,0
0,24,8,506.44376214331277,34893.84467221631,1448.29407863191,0.31098889936983687,9,1,1,1
3,11,2,480.2478652661745,45137.69595701451,1311.290540496472,0.29413431001376183,5,1,0,1
17,1,0,1235.343196462429,188677.69435229394,4110.142605374396,0.02189976441274826,1,0,0,0
1,20,4,446.2490125960674,48470.10286893248,1494.1575451147082,0.1,8,1,1,1
2,13,6,494.6515660648397,36161.789308019404,669.1407943071346,0.18088723911485885,5,1,0,1
21,5,0,1377.6465704673658,117911.20245428605,8026.206854459131,0.00862917049679114,1,0,0,0
23,10,7,852.8879286737645,25027.42345757065,2781.07507613063,0.1865446451092297,4,1,2,1
10,5,0,941.0717593993872,223432.1382015758,7052.935129229367,0.0110626757505056,3,0,0,0
10,1,0,910.879505160811,351825.85984333133,7267.263656248288,0.017485875803872553,0,0,1,0
16,4,0,1168.8823642250331,337663.53761798155,4504.98587507163,0.012387407588675074,1,0,0,0
23,23,10,520.6966855515993,37764.341797240195,1566.499514703482,0.1,9,1,2,1
3,10,8,342.9902668024476,38732.28938725882,1317.0520761243758,0.1,2,1,0,1
21,5,1,1322.209586490648,262805.2735305429,7594.3566968166715,0.018576195047809003,1,0,0,0
13,1,0,1253.3773116175923,300725.5173636001,6149.382568464566,0.025320483836433965,0,0,0,0
3,15,9,687.7813599448089,38268.48899121692,1029.5405123717142,0.1,6,1,2,1
5,19,8,290.23813110725564,36485.02628159269,1516.241754910532,0.1,6,0,0,1
11,1,0,1822.2459845850904,160448.53136271198,7205.9155719267765,0.019627861436263844,2,0,0,0
23,21,9,207.05405920456428,36018.39001686197,636.9228438417439,0.32166875716722326,10,1,2,1
5,11,3,208.90207068095015,30465.548601075403,2284.6048172819624,0.1,2,1,2,1
5,9,7,338.7548079136263,17258.81270722171,1777.4484350028335,0.31459129527949853,6,1,3,1
1,12,5,690.367137656288,33704.18630871833,2266.6027882167973,0.1,5,1,1,1
12,5,0,1413.714151683137,327683.9148130241,4445.291250718071,0.011250189446515882,3,1,0,0
4,9,8,781.3071281665209,39066.471339020645,200.0,0.16678896196399007,9,1,3,1
22,2,0,1035.380420678901,490499.9840410247,6832.553661904462,0.017715604982685873,0,1,0,0
2,18,7,604.0470022733756,31609.637433658856,1576.832290203283,0.4403068234401428,9,1,1,1
12,4,0,1364.6900428964968,245573.45019033487,3655.2272684292857,0.024060193396797967,2,0,0,0
20,3,0,791.0761375808262,185307.1487664568,6214.714635174473,0.03134823905993749,0,0,0,0
23,13,4,331.148886949235,36483.64299419065,919.0665950160566,0.36839536287630736,3,1,2,1
20,1,0,1602.343593786343,295057.0959792517,4905.198114475436,0.023690347090314867,1,0,0,0
5,22,10,92.79676695943579,35944.03715787957,200.0,0.2683728796444662,4,1,0,1
23,8,4,292.584068619337,7662.330954018431,931.8187487230254,0.4702238891922351,7,1,0,1
23,15,8,408.4389064369385,37624.73736068896,1929.6688299777632,0.25829040849808105,4,1,1,1
5,23,10,310.4922303404181,20198.698973276136,1477.628498670647,0.3480209174456834,2,1,2,1
20,2,0,534.7062083042042,264136.11092118704,9806.626162848494,0.020300663876451925,3,0,0,0
1,7,8,337.1397868788037,27941.318685128703,1621.5258696247317,0.35792717465067775,10,1,1,1
20,5,0,1902.9096868288577,304618.26021902746,8725.153720844128,0.028662652183210666,0,0,0,0
16,3,0,1045.1395776600705,241856.82962828566,7020.528769850649,0.033700994866880024,2,0,1,0
0,15,4,238.92725571204613,47051.602535655664,880.2859691537626,0.2500591114647301,5,1,2,1
10,2,0,1402.9142030402554,147165.8417837119,6311.176427729749,0.02859464415251526,0,0,0,0
12,2,0,1004.1853312037739,402505.9392625229,6648.567249645094,0.01791982408641302,3,0,0,0
14,4,0,1158.5934579748541,538198.2369408583,6837.483828909476,0.02762860484430528,3,0,0,0
17,2,0,1627.4749414635628,229383.779317793,4906.3405877782825,0.0202398752617553,0,0,0,0
20,4,0,487.43004017934754,446486.6106504817,7609.677682342968,0.023291114496732303,0,0,0,0
0,7,10,105.81733624464152,43871.555763333556,200.0,0.1837072515779734,5,1,3,1
1,22,3,429.8145194000183,32657.292551338753,879.3074355509804,0.459319490360481,10,1,3,1
4,12,3,189.51560564989185,31590.895264570554,630.6339826041084,0.36452712111804153,8,1,2,1
5,19,6,70.55604497635375,24130.28060114172,1709.6508008241435,0.145899295606758,10,1,2,1
19,3,0,877.2086933440255,339817.8788015309,3000.0,0.028507048835988334,2,0,1,0
5,20,8,422.87840158741614,56426.053149623884,1293.6440968197417,0.17007154895945836,11,1,3,1
13,3,0,1223.94252973835,371425.0845898901,5610.450717600169,0.023936251091857944,0,1,0,0
20,2,0,501.7056341693615,329209.04179848597,3000.0,0.017885084212452006,2,0,0,0
17,5,0,955.8347416407464,294885.43681783654,6369.923854170989,0.02630970950029144,3,0,0,0
3,22,8,307.19219966786613,41517.80970049398,1428.2883073037526,0.4242863914870536,9,1,1,1
1,7,5,356.3536196262024,38881.52363916186,1659.3189495447198,0.32730670927494526,4,1,0,1
0,21,8,435.2724045958044,41649.93697500588,1905.3179833450604,0.36635321294963796,8,1,2,1
1,20,2,719.7891929721441,31994.854934029117,813.137252948657,0.3925004459582127,6,1,1,1
21,2,0,1165.2095609493103,256955.266132357,7559.471755410579,0.028210058599325502,1,0,0,0
18,5,0,1320.3170841257897,421972.58729209297,5078.6937239445915,0.008201251585617395,1,0,0,0
0,16,11,487.3305922918915,47736.27803259078,200.0,0.10668708424724876,4,1,2,1
2,8,11,542.3848652065708,29737.524828799265,3000.0,0.34513437310143313,2,1,2,1
1,17,10,359.2989245371383,48232.37601687533,1442.9891324667503,0.2905953905934849,8,1,1,1
17,2,0,1389.5089447435394,296108.6255090024,3919.36340450935,0.011009513261587684,3,0,1,0
2,6,3,517.5902164348173,22189.256265375396,2016.2819482617094,0.1565578440226666,2,1,0,1
20,5,0,452.97442542449744,510039.56109556707,3323.246930328464,0.0344641298775778,1,0,0,0
4,24,5,50.0,53904.26681639474,2632.466342423624,0.23524825444399305,5,1,3,1
4,20,8,928.2652722086435,38464.77641446903,1388.9342678200667,0.1,5,1,3,1
23,12,8,606.9386978201646,23265.654524397338,1338.1200593544454,0.11121500017792924,10,1,0,1
0,8,9,601.1169096337418,25942.381323658265,2734.745227202862,0.37961185793519026,11,1,1,1
4,7,9,867.427583272517,45420.39529512211,2744.4537503782763,0.1,8,1,3,1
3,9,9,165.01457441844983,10542.42200242227,1157.3565842778698,0.3307607405431869,3,1,1,1
1,18,3,648.5206494726995,9307.249206888071,1560.2813376151573,0.341629291851915,8,1,0,1
4,6,8,454.3773163661265,21654.360885556744,200.0,0.1992321196457284,3,1,2,1
11,1,0,1140.24231455903,220249.34195209917,5866.594749068552,0.024530772267523943,3,0,0,0
4,7,10,724.4572775851093,30975.67615152313,896.2339161880739,0.36008615032167596,2,1,2,1
2,14,6,317.44611865201995,34067.68167897111,1371.823657100219,0.34515990593181045,5,0,2,1
22,5,0,936.2017166729531,302367.5056330267,10000.0,0.015129342888409057,0,0,1,0
18,4,0,1259.7062041573192,208605.6647691992,6928.144812857783,0.003354885921292003,0,1,1,0
13,2,0,1082.3968955470489,234211.41493126308,7845.508436709649,0.03192717860873246,1,1,0,0
12,5,1,1076.211570120224,255555.86606644027,7589.828123418491,0.03546182362620166,3,0,0,0
23,14,9,464.11916322483614,18939.483790049962,732.5498305220887,0.3715649289674018,10,1,0,1
5,11,2,86.13679049848099,38166.26956617314,286.46146339781467,0.2531965094289008,5,1,2,1
2,14,6,551.9455168548948,44776.90082029533,1151.2931239020577,0.12346261791419413,4,1,2,1
17,1,0,1333.7210790501035,324427.6628970527,5610.93717160957,0.02027898314691622,1,0,0,0
1,10,10,283.63565624354476,32932.30435236729,2154.6075746992647,0.24075143035504462,10,1,2,1
19,1,0,1273.9787077304316,403329.9000054421,9035.828572446024,0.02613731846975706,1,0,0,0
5,10,7,170.28025081521028,25713.90910945586,839.1674639529225,0.25159838747100455,10,1,3,1
23,24,7,595.191835110965,9762.780564806057,2470.8989675924568,0.1,8,1,2,1
1,21,5,454.60936231383613,37055.05653898562,1694.380179017448,0.19788275770568098,10,1,2,1
1,16,6,459.0980047522634,28016.72394131684,2639.3292908797102,0.1,4,1,2,1
1,8,9,470.6432435771522,22068.170585129432,2555.9558871698746,0.3599431031073298,3,1,0,1
4,15,3,217.50786245803678,34273.17629122985,1746.7817476988039,0.1,2,1,2,1
14,3,0,1942.5310853449948,121029.87274473559,6321.961120754644,0.013347821205098438,3,1,0,0
17,2,0,1310.9991889735463,254016.843793537,7359.7793494121615,0.029987894719666116,2,0,0,0
12,3,0,1157.712790119561,278134.11427482346,8155.517168236647,0.013691457114999656,3,0,0,0
19,3,0,910.038829496011,160278.57540754095,7465.35181074297,0.0027516550767321714,2,1,1,0
3,23,8,376.73402736377534,25732.942565187645,798.5999200539136,0.35631506251557465,8,1,2,1
14,5,0,1451.6719431498218,350599.3066567987,5774.646997197069,0.03549554397030649,0,0,0,0
15,1,1,1163.1532648305401,306942.51340896887,4211.836300168377,0.010987472998312809,1,0,0,0
23,21,4,278.1767617652504,27140.11070914369,1328.7908269183372,0.3443539445829823,8,1,0,1
12,5,0,1241.229216769635,362045.98024623364,7859.754191693678,0.03179103870133981,3,0,0,0
16,1,0,1490.4959493083857,185588.38113764618,7630.978664599354,0.020709250307028196,2,0,0,0
5,8,6,311.97066856603806,34873.37854987339,1299.6773173353376,0.11408766421345456,9,0,0,1
3,24,5,437.7464249969479,58458.88043618214,210.82452997253267,0.5079931753643765,4,1,3,1
1,9,4,652.3701395882064,35823.5875184671,865.2479455629339,0.18004693831835505,7,1,3,1
2,6,10,794.6167643984907,19214.6847794871,1472.2328458147858,0.15056093464255188,5,1,1,1
23,10,6,72.93534801638668,17914.687612096164,396.6881666723923,0.44566395517438695,6,1,3,1
23,22,11,572.6335625438643,37859.2177610098,2379.7122866755863,0.22731566060413602,3,1,1,1
10,3,0,872.555299179859,357014.73246469616,5111.3756183261685,0.02594382370773892,0,0,0,0
19,4,0,1013.4203232372522,286548.48721767176,4493.496830681917,0.01191102728789159,3,0,0,0
18,3,0,1218.2242790879404,168598.33364197897,3000.0,0.014898967801528322,3,0,0,0
4,9,5,632.2847098114858,25084.842999736582,1121.0636485572284,0.48171045723103345,8,1,2,1
11,3,0,1385.1149546113231,324521.4704704373,7009.306881068224,0.0166963629674539,3,0,0,0
3,21,8,398.5006170252442,28871.228107985666,1667.4118838034574,0.22717886166055226,11,1,1,1
5,8,5,551.2603737461138,62806.24704138988,616.1109374469047,0.2101694074263823,11,1,1,1
12,5,0,1531.7168445367527,460689.2700482211,7544.456202831178,0.030074186779447728,1,0,0,0
0,15,8,461.36757857783743,7737.027045993258,2020.1738618566387,0.1295893149457243,6,1,2,1
3,10,10,483.59878836069925,16085.298297310404,1392.5198435444363,0.1,5,1,3,1
16,2,0,1228.8552215406667,304085.67213138187,4589.366268057867,0.037938578884156096,3,0,0,0
0,21,2,663.9424191037369,34033.61466187622,912.1997387817148,0.1,5,1,1,1
16,2,0,1049.1946868052837,318290.5159458254,3000.0,0.016823830866246704,1,0,0,0
2,12,5,389.584063436644,46639.19614497281,954.4064489699509,0.2022697893961293,9,1,2,1
3,7,3,339.56097570762984,5879.91102633538,2310.2590592559195,0.1,5,1,1,1
5,9,8,196.08783836990068,48428.41313535106,1947.0257944170373,0.3959976063889093,7,1,1,1
4,16,9,557.5371402585295,29505.246850189666,1536.8483068701767,0.2682679987277352,8,1,1,1
20,5,0,878.2923801885324,295158.67407879326,7693.908616671193,0.030545940642878196,3,0,0,0
4,24,6,554.1474036327,12565.824527149987,1609.54341829377,0.2400370609109935,8,1,1,1
2,13,6,793.3700718534326,19002.107623394942,1171.826572754993,0.2653021414272782,5,1,3,1
23,16,7,179.0013403343273,26728.02653197396,299.2784889134675,0.1,5,1,1,1
5,18,3,624.9927930835148,45513.11839467753,2087.947840611584,0.1584275904609976,4,1,3,1
18,1,0,1543.4411826497994,232357.21139207674,8508.138671247109,0.028437599628684786,1,0,0,0
4,23,2,517.1643827573407,25166.572971744557,445.79397950395037,0.24946157907874772,8,1,1,1
13,2,0,1394.8068625681124,359724.20907518815,3950.8266137090295,0.01909304280377189,3,0,1,0
14,4,0,652.7003020075937,329407.29628189444,4609.403085374977,0.04691794673814491,1,0,0,0
16,2,0,635.8941887304013,156127.02500536302,3173.332067194534,0.030078683541915206,0,0,0,0
4,6,8,356.9704504026685,33689.560920420845,1822.3911329636644,0.19153135143863714,10,1,2,1
14,4,0,1307.467170041534,317041.4268811586,3000.0,0.017467901517934398,2,0,1,0
3,22,11,144.4991896965386,22148.708131938823,1686.520841296578,0.1,8,1,0,1
5,21,8,263.09656437365595,33868.67498051374,200.0,0.1,6,1,1,1
13,1,1,930.5469694277939,232291.4576548337,10000.0,0.00646944068951052,1,0,0,0
4,15,4,646.7069204411798,25313.43277354862,2883.7509305896165,0.4015447420748124,3,1,3,1
4,7,8,493.6622978693393,27177.720357161896,2932.5729447349795,0.1,7,1,1,1
0,14,6,247.9548884859163,15153.22002625105,385.9469101137274,0.24637959036785215,5,1,1,1
23,23,6,668.5483452066114,7438.205042718902,200.0,0.40816669370703,8,1,1,1
4,24,10,604.5541758312468,43623.56635470044,2115.6703108383986,0.1,6,1,1,1
16,5,0,1119.5138088431636,315643.58673593105,7440.628850348862,0.02107643667136195,1,0,0,0
2,13,5,253.59640490598193,30066.347036566636,1633.1896718094129,0.3078023454272337,10,1,1,1
3,15,11,532.2448477528063,27988.629722684036,1327.488151733397,0.17128704674677753,3,1,1,1
0,6,9,351.37241994745386,21617.369219732664,2739.1853632192287,0.47643814755210234,11,1,3,1
18,4,0,1621.0597554591043,171675.74328540254,5848.124725658433,0.001,0,0,0,0
12,4,0,799.6763223829225,267980.69803653524,4697.278336614083,0.001,1,0,0,0
14,5,0,1684.861839347398,234380.92633638458,3000.0,0.020046872473717003,2,0,1,0
13,3,0,1750.2363042609627,343453.6339523483,5665.209438143756,0.014298973847365951,0,0,0,0
17,2,0,1253.4927706381388,525790.7698801984,8445.69098012595,0.01782956573716058,0,0,0,0
12,4,0,785.7608100880295,347091.3063557952,7108.591794912939,0.01613935544366056,3,0,1,0
0,15,8,545.5170461378848,50175.045644379556,1644.1639983850432,0.1,7,1,1,1
0,13,2,223.77107662557765,44255.15027650187,2318.552954012822,0.4958327669562091,6,1,1,1
17,5,0,1786.952804214197,100000.0,5949.025925888777,0.001,3,0,1,0
16,2,0,1502.5146914408917,299934.6926084458,3000.0,0.016870034178530457,0,0,1,0
15,1,0,1188.0800095220714,382973.38809873693,4625.355149485087,0.012884084160421163,2,0,0,0
0,17,9,460.8684666393871,19583.017887986643,1492.3114416766803,0.13088283076292043,9,0,3,1
23,8,4,316.05837762146587,29407.098951882737,1973.0122933945822,0.33152184751416475,3,1,1,1
14,3,0,1124.4157985334275,335595.1214844326,7501.350309003899,0.041809088193684736,3,0,0,0
12,4,0,1059.145513671583,285707.9767742622,10000.0,0.0207592102322837,0,0,0,0
12,5,0,893.6383956215807,311661.07956322725,6165.032345500523,0.01847718885557293,0,1,0,0
12,1,0,503.83541037757925,170513.43483738028,4145.399570149603,0.010982649669493411,2,0,0,0
12,3,0,1847.130689427192,212259.79840139847,3872.2308729972888,0.025949099580142958,3,1,0,0
19,3,0,925.9926228259743,336698.5756551027,10000.0,0.024053146362044982,0,0,0,0
23,15,6,498.6035835306555,21364.131741467936,1935.4174897097578,0.27651014334571206,2,1,1,1
2,14,5,510.16152975086646,21156.869897546956,1639.8819361214073,0.426351206847265,9,1,3,1
11,3,0,985.657309372241,404611.3105847575,3940.8142794870832,0.04238832894884811,0,1,0,0
18,4,0,1208.0495611982828,357912.53871425067,6973.655256222203,0.01858951553815888,1,0,0,0
12,2,0,1698.365539447383,280637.2640376353,5309.769718140889,0.03365352724596748,2,1,0,0
18,4,0,1297.1775649403264,199800.0181824065,5186.073105197728,0.014857006921557402,3,0,0,0
19,1,0,1281.5621405379616,349487.1200201624,9116.810445212337,0.011274109850764671,0,0,0,0
3,19,3,632.9081933277259,19068.231555440856,2480.5032493397616,0.1,8,1,0,1
19,2,0,974.1190584008219,332830.7175621334,9228.22903218856,0.015142468303040554,0,0,0,0
14,5,0,702.8266612357727,302737.24786932085,6243.213629138928,0.011222711511581886,3,0,0,0
3,9,4,505.3364726315706,32407.25287540804,1768.0561487874234,0.3542725662180923,2,1,2,1
3,8,10,656.5342949224157,22437.008683425003,2872.183337005704,0.1,8,1,1,1
13,3,0,459.29410149183263,309802.95824436686,4742.03918159037,0.012324293521138589,1,0,0,0
3,6,3,359.81382281516636,36137.76764475946,1340.0153322827423,0.1,6,1,3,1
10,3,0,607.8478450697366,381273.56647019065,7028.119361745839,0.001,2,0,1,0
16,1,0,1004.5378413553067,120099.91597885924,6678.549423009007,0.033696410053828695,0,1,1,0
17,4,0,726.3116424424754,325776.4553408552,10000.0,0.03380785786697017,2,0,0,0
1,13,7,584.6227364233707,52471.71369526003,1361.2589961605702,0.39125980066009614,11,0,2,1
18,5,0,1193.1757251438141,149567.89069122772,6490.394180363676,0.025969809306267067,1,0,0,0
18,2,0,1211.2306137978196,389563.9141163063,8983.909883311433,0.032706425129889166,1,0,1,0
20,1,0,1330.290013697452,430065.0204369242,4651.946905460134,0.04767032371420166,0,0,0,0
4,11,6,503.10189949911046,45170.4753922752,1313.807090841767,0.3741968639844645,5,1,2,1
4,7,8,451.99704278225664,10777.165165220391,1550.9054965805794,0.23279125041013363,4,1,1,1
5,6,8,545.5867707806185,28846.256108734433,2455.510348096806,0.1,6,1,3,1
0,6,10,388.43288623742694,31942.289630211417,692.1324353034963,0.31170736636886326,7,1,1,1
0,9,9,50.0,31272.77452308095,588.9627295886005,0.19174227994058263,10,1,2,1
23,22,2,241.09811184023604,25178.21277146499,1573.1126061126463,0.25664601499256495,3,1,0,1
20,1,0,1476.7315165246941,439544.0490587553,3000.0,0.011140767216457128,2,0,0,0
10,1,0,1082.584826285113,141366.49248681098,8962.633030117484,0.019875239493883524,1,0,0,0
22,1,0,300.0,117985.07849543612,5170.932118596892,0.01378835998006654,0,0,0,0
16,4,0,1438.971814211555,371112.5760108645,5412.401849380005,0.033057947677352394,2,0,0,0
0,12,6,502.727053304506,19905.24911095015,1427.9415764485914,0.1,2,1,1,1
5,6,2,54.03744492983225,16150.746006407351,2081.125888404174,0.1,6,0,1,1
1,8,4,504.98444740177206,23927.55288689917,2147.7390374564316,0.14806980340205678,7,1,1,1
21,4,0,713.1024425491462,239284.70336976222,9218.09557100506,0.019114025712065757,0,0,0,0
0,20,3,244.12859912943946,35019.12707887589,200.0,0.1,7,1,2,1
20,4,0,1373.9545361454338,133243.10240517312,5337.815377752165,0.012256627105648444,0,0,1,0
17,3,0,1852.0502984039308,393905.19244075613,4957.480614700419,0.0279046658316451,1,0,1,0
12,3,0,953.260563603314,272292.4111944049,6138.05444698157,0.0029405975028140054,3,0,0,0
0,8,11,720.7403284003759,42375.063855238,1742.5225678846207,0.2918245323501177,9,1,1,1
15,3,0,920.1433511730106,452740.92087643524,4745.363359093912,0.026985311210775336,0,0,0,0
21,5,0,1466.1427150579816,248531.4616575231,6363.501081517193,0.030862332842069934,3,1,0,0
21,1,0,527.0175876252327,219267.05970786,3907.500940237965,0.004273172307271492,0,1,0,0
18,5,0,1143.4095186137613,262476.8848712047,6430.154042632058,0.039507346407829824,0,0,1,0
22,3,0,424.64357549511385,106595.60782523808,3000.0,0.011725847859141833,0,0,0,0
2,13,7,213.2206104717672,12315.436527902697,200.0,0.24343390054508043,11,1,0,1
2,14,7,92.61574922525136,7415.977647541757,746.4615562788337,0.25666868269961096,9,1,1,1
23,20,11,676.7824128770693,34534.23204706261,2227.1417387771803,0.17310592273259645,11,0,0,1
15,5,0,1003.5348563852986,286184.0377136027,6126.695855290223,0.019827332537110665,0,0,0,0
3,17,9,294.88060249650704,25801.074651059345,482.2715714285954,0.5361769778670038,5,1,2,1
3,23,5,552.1350388926229,6897.523833346382,2270.718190213739,0.22241431183951627,3,0,3,1
13,4,0,1170.366935173524,433441.68995455897,6848.01485680063,0.001,0,1,0,0
19,4,0,1000.1669438752645,390671.56838508835,4966.143478275663,0.00914486977325267,2,0,0,0
4,8,4,446.1508107418464,20965.610100685903,1594.0263364298223,0.3568571971671505,7,0,1,1
20,3,0,1307.3062838128808,299706.8781493711,3000.0,0.030058719687416212,0,0,0,0
21,3,0,1696.963723158482,187525.34691356213,6686.230559412187,0.031266515630387626,2,0,0,0
0,18,5,325.05185872362415,1000.0,1677.2073140743332,0.49952283295575073,2,1,2,1
15,1,0,622.9457315947277,214161.188579346,3041.6216028380954,0.001,3,0,1,0
23,19,5,57.30149441238996,45052.85745288229,200.0,0.17231722731884697,11,0,1,1
19,4,0,1390.0806511788392,296252.25719730416,5846.049902757971,0.02838989968965097,1,0,0,0
4,6,11,343.1066384456315,34338.35129410928,1158.5639247536233,0.3187614711746282,11,1,2,1
2,23,5,185.4288100142918,14150.843081709892,692.7310464345032,0.13002710293812858,10,1,1,1
10,3,0,300.0,404458.5604541466,4555.148004557569,0.015187977544427977,3,0,1,0
1,24,2,55.572870148311324,46664.9815105069,712.3991069710438,0.1113690372065132,3,1,3,1
2,13,4,494.449158998629,39272.5075469362,2570.3971698892756,0.42777375592681666,3,1,3,1
23,10,4,356.13652141374996,41021.508369363284,1057.6021299836889,0.19988578094078815,6,0,3,1
16,1,0,1495.0556800239524,377042.6771906321,8696.445134113996,0.011255944369355233,3,0,0,0
16,3,0,920.5212258964766,576649.7489123994,5241.420372827731,0.008953943949839036,2,0,0,0
3,9,4,137.55646473491976,1153.1436050115735,1620.9050997683462,0.1,6,1,2,1
5,6,2,340.4322518185447,36218.50987672637,1791.4827986879716,0.1,3,1,3,1
10,5,0,741.357921461791,554164.1059840153,3670.9423478429526,0.02510482759827689,0,0,0,0
2,9,10,271.53635932928864,38763.917983251806,2257.2380711270553,0.32086046596584705,2,1,3,1
22,1,0,1905.8959009767184,196382.82784122165,5916.395504496741,0.03663888035502801,2,0,0,0
4,17,6,473.778812711389,25657.648729635577,2835.222404161107,0.11441694417525347,7,1,3,1
4,19,6,420.5093193862579,33837.96403850949,1430.8828353391393,0.5173522548045946,10,1,1,1
5,12,11,50.0,44738.59396928187,1529.9342107750451,0.1858724872457717,6,0,3,1
0,6,6,271.23551354319136,44748.532753595944,1774.7266559189648,0.3952418993272643,10,1,2,1
21,3,0,821.4323410860993,161800.6448825246,6521.146412060972,0.02688360609197598,1,0,1,0
0,24,4,109.49044226695025,19316.428680662022,501.740278627008,0.2620758635306498,10,1,1,1
21,3,0,1348.8667049464434,338802.18052986305,5937.289425247948,0.021459903611612836,0,0,0,0
22,4,0,1550.3349315062815,114268.10494802287,9942.565079028534,0.012748560695176568,2,0,0,0
18,3,0,660.6209003875568,291647.4323814304,7355.084813116612,0.01910610638060517,3,0,1,0
3,11,5,153.2875422023796,5939.668415905882,375.40771887675464,0.7058482966912619,5,1,1,1
4,18,10,545.5681971542593,28249.5627776865,1690.1135904767586,0.15535806652691053,7,0,1,1
20,3,0,300.0,275695.59373552527,5645.572591839085,0.04078247327281108,1,1,0,0
5,10,7,341.80508741736105,1000.0,636.6116467670137,0.1,4,1,3,1
3,15,6,325.5863870487959,56170.275815346766,1757.4618454171455,0.1850643610227159,5,1,1,1
0,18,11,258.4486203834616,12451.264996115464,599.040534857881,0.38911171360150354,2,1,1,1
23,23,8,121.53464325162815,37082.91434421619,973.887857410943,0.420696919266358,10,1,3,1
22,4,0,1031.7019404407731,190301.43079113023,6654.191910785199,0.014946772175814818,1,0,0,0
23,8,2,169.64930321379282,1410.8517689795444,1210.6921860904204,0.24025581817559136,4,1,3,1
16,4,0,524.9180550296738,361282.1044442915,6727.9612076992935,0.010713558445348253,1,0,0,0
0,9,7,240.5106164131877,27402.294631133,1983.5577897575376,0.3115314601179315,7,1,1,1
23,7,9,209.2666527953631,51213.55717830547,809.2081471652832,0.2378774984716223,7,1,0,1
22,2,0,1270.0617762665895,339157.1703885087,7638.275628140036,0.041530213889678674,0,0,0,0
4,22,10,879.4956030640376,27356.77516468703,2296.681494767057,0.22476923401152907,11,0,0,1
13,4,0,1019.3495645175483,267611.7759118942,3827.2002267967623,0.013064921746578976,2,0,0,0
23,17,11,253.50576492977552,50977.698399296474,1571.6776591666414,0.38926183002934517,2,0,2,1
5,23,11,251.92875174967625,48129.31458749175,1492.2720569184328,0.16355820760802156,7,1,1,1
3,23,6,548.4599464913267,35373.27022795084,353.7667460743926,0.11076668450321517,9,1,0,1
11,4,0,1289.1208406875442,311299.24343179754,7328.240966935797,0.01621506074388622,1,0,0,0
23,21,5,466.63122556599126,32164.368225406608,690.121514893287,0.13685495726847727,11,1,1,1
3,18,4,559.0482172644656,3165.377863354621,2009.185677016052,0.28953584313584446,8,0,3,1
3,6,6,298.41885023606875,40998.769393706425,1295.9891882689633,0.2743186405810279,6,1,3,1
1,13,9,265.23475342658753,19398.766794368992,1029.6968109178076,0.23448728194723995,7,1,3,1
16,5,0,1152.8681129626984,469711.1480473132,5687.531212293919,0.017565906539555184,2,0,0,0
23,14,11,713.9224242808773,1000.0,799.7343091262428,0.35892570447515737,2,0,2,1
1,11,8,621.2511860041787,1000.0,1019.6134193117734,0.12672544973352715,10,1,1,1
5,20,6,467.8617287657794,33826.86612973309,1573.1960881088617,0.3569002602106418,4,1,1,1
22,4,0,1054.3038071794888,316127.4593803102,4372.888695704776,0.036644355555083545,3,0,0,0
12,3,0,1602.2235388024712,220226.61262000783,4676.289811272616,0.031500311485400063,2,1,0,0
0,7,2,664.9817356788478,50123.043625765975,289.1495266269576,0.3322802154225109,7,1,2,1
17,4,0,1496.4396913066846,270901.3258899866,5375.433731740291,0.024756605614182477,0,0,0,0
4,20,9,292.69006093481426,41514.77354185433,2262.4422949296427,0.1,11,1,1,1
4,22,11,156.33613342727242,24825.38611101626,1402.0682007300754,0.1,6,1,1,1
2,18,10,318.8696079296976,12460.875859062679,649.1317141311321,0.5689399056259441,7,1,0,1
23,7,3,147.6389047254759,21789.84592182305,1738.0905021008525,0.18387811780137647,6,1,2,1
0,22,8,352.2977943770613,11699.238696563869,1393.6596284792656,0.18375256676872812,7,1,1,1
16,4,0,1581.6390641503901,230771.75306142817,4892.071909278597,0.017603183876682353,0,0,1,0
22,3,0,2118.5357263717433,293049.40500209783,6711.479215245761,0.00854708979790064,1,0,0,0
4,9,8,249.62798989514113,32717.58597564227,1852.2956294935623,0.3391203442525601,11,1,2,1
23,22,10,333.37382916783747,25471.591989163036,1086.5473164996797,0.25961211674848184,5,1,3,1
5,9,3,242.4119293079842,55453.634096891496,1266.9386571728535,0.1,8,1,1,1
3,16,9,286.69287704608433,47096.0799322535,875.5712476630434,0.3506108020427834,8,1,2,1
18,4,0,1719.9675912247246,304624.90620655013,6065.080202574493,0.039235822628018044,3,0,0,0
23,16,3,425.8374389165891,35798.18357317188,1854.0533665899068,0.1,4,1,3,1
17,5,0,1146.9625781514644,183710.4683752199,3649.3047276971183,0.001,1,0,0,0
12,2,0,1092.6514824164126,373010.6097999499,8198.344594700633,0.03247260852694475,1,0,0,0
19,2,0,1630.9975244584657,373079.4590313698,6391.567644643206,0.03115654871666828,2,0,0,0
16,4,0,1111.285919568643,152802.07229705708,4266.968177982226,0.019261217486833952,3,0,1,0
2,17,4,580.9763994244402,42787.38132192809,666.0453002171279,0.2710084330588917,3,1,2,1
16,1,0,738.6889386354369,137415.87314164027,6141.255657396683,0.023888237215173108,0,0,0,0
4,11,9,487.8029272947093,39453.89808579597,1774.1486528257797,0.29435331836076817,8,0,3,1
0,17,5,651.644674269856,25458.21209337309,200.0,0.3851365331306389,5,1,0,1
1,12,9,522.7222896178688,43467.18916126151,1232.1092731628607,0.4211571116493068,8,1,0,1
16,3,0,1581.8318324424713,267317.06544833834,4239.468721045935,0.024521786316203126,3,1,0,0
23,9,7,438.05143587174655,34085.55777635745,2037.2046075117742,0.32485430499338486,11,1,2,1
11,4,0,1307.4042102988356,176087.1976097732,3000.0,0.015498195772683005,1,0,0,0
22,2,0,1449.70766173633,100000.0,6108.09627963967,0.022895054098202507,0,0,0,0
0,6,3,442.99864161448875,45479.630671201354,1817.6605678425797,0.204964101111646,8,1,0,1
12,3,0,1126.059855739788,251264.70607899406,7299.105778900564,0.011747197503848915,2,0,0,0
19,4,0,1264.8898453512638,265003.5584494119,5003.052886031702,0.028830936491984774,3,0,0,0
5,22,3,671.7933265716122,4726.1869535560945,1140.5616643100761,0.33393687718767956,8,1,1,1
5,17,5,259.74423221729006,28826.709803288926,2286.21367673495,0.1,7,0,2,1
15,1,0,716.3004982153585,398225.75212039216,5205.640245130945,0.0239773524366567,2,1,0,0
22,5,0,800.6659242015312,358199.3804417174,4015.3796767280255,0.01872474645461829,3,0,1,0
5,9,8,294.50125484418584,21004.046109521252,200.0,0.2772907268579773,7,1,2,1
1,22,8,248.37532809320285,22703.17694451104,2541.6347132925584,0.41255154911875674,5,1,2,1
4,23,2,746.3787063961704,32168.72880650205,1004.1998829193514,0.30029464375494447,7,1,1,1
20,2,0,1369.5729246454193,338944.0017717032,6707.854711453611,0.02871024480536483,2,0,1,0
14,2,0,1602.1304102665251,118817.20575444025,4254.080144998115,0.019996882192420344,0,0,0,0
19,5,0,1143.5237671638652,401094.2108052981,8484.133717929668,0.025738218468920535,2,0,0,0
18,3,0,863.2908369284496,286035.6358758419,7368.408814261333,0.02020468180008705,2,0,0,0
0,23,9,312.17737599912897,43686.83036801179,402.66224771751445,0.43506779337742796,6,1,2,1
20,2,0,1217.610383024724,469855.32060672215,6022.480467722057,0.022420320646062007,0,0,0,0
17,5,0,688.5453181768833,370144.1383817183,5540.62856359858,0.01943607943433585,0,0,0,0
2,23,3,829.0901594760445,57120.05622489788,1360.8291928681447,0.13740077395862266,2,1,2,1
21,5,0,1738.863717363442,252500.63128425018,4244.307243960489,0.026846711770762893,1,0,0,0
15,3,0,1500.6495844185429,180792.17354241828,6750.1056206902,0.01721593011712227,1,0,0,0
4,11,4,374.76650584168647,40005.446784934924,2156.0799429033245,0.1,8,0,0,1
5,11,11,373.5399335369976,20514.4587975104,2350.4953760428984,0.3822297248888722,5,1,1,1
20,1,0,1827.0714148858615,475579.0543532984,6052.4230926031905,0.0196222643056549,2,0,0,0
18,5,0,2078.993488421833,401484.77281470806,5850.353107175673,0.02384797113503655,2,0,0,0
13,2,0,1073.6967967131623,315206.2659153398,5701.1148445183335,0.021318261754811142,0,0,0,0
23,7,6,412.92228069089936,22329.544813272365,1684.472302219152,0.1,11,1,3,1
21,4,0,1313.9484069643372,364064.41757628246,6707.113563314272,0.004488814891428388,0,0,0,0
23,16,8,564.1795985666481,17997.545428114907,1545.644210270393,0.533221961296952,8,1,3,1
4,23,5,186.9608074855929,26132.618501858156,863.2853869334701,0.2656889645010334,7,1,1,1
5,6,4,319.16209898299485,30108.212516136216,726.8155995994056,0.1,11,1,1,1
4,21,7,75.3844999232432,44566.67189569364,3000.0,0.3159182053706373,9,1,2,1
18,3,0,1505.123475829318,340408.9614216914,8724.892847750318,0.011717171321768008,1,0,1,0
2,21,6,663.3533375765085,22764.353010354975,1672.0949451961842,0.11999415776404831,2,1,2,1
18,1,0,1782.7157804362027,225785.35762156773,3789.6348834807472,0.023269740849523435,0,0,1,0
11,1,0,841.2862457110346,428540.23401596287,5262.134818051939,0.021782854252936086,3,0,0,0
16,4,0,1165.7586670749058,388663.8721113739,5084.5076060220545,0.02661889603517041,3,0,1,0
23,20,8,275.71848638007634,43868.34889930712,685.2054208374566,0.3505491989064461,11,1,1,1
10,4,0,1107.1474988790712,111397.69931316699,3000.0,0.02482843231284735,0,0,1,0
2,14,7,118.62623997841212,39444.81664011145,2102.5905782824775,0.3753041663300761,6,1,2,1
1,18,6,342.14332795236794,21815.909429727377,2378.3170491619667,0.29285789106801996,8,1,0,1
2,17,8,312.7983325019254,32292.463856460585,2037.6046056508158,0.1,8,1,0,1
23,22,11,214.5244652535412,43054.80308981372,225.07950777523683,0.10513861089500773,4,1,2,1
5,12,6,224.2202401953135,24888.151462414527,1096.8928349967591,0.47414018898562776,10,1,0,1
11,4,0,1547.8033928000477,280747.9768929111,8569.607399742494,0.022325133563860684,0,0,0,0
22,4,0,889.4894064128094,330784.38329171896,3484.474082876543,0.03037509052437578,3,0,0,0
20,1,0,910.7937206855729,182044.2978316609,6587.051745223311,0.025443006148308526,0,0,0,0
16,4,0,1479.9262892420063,322652.1540241668,3780.9392858881633,0.02935261564975432,0,0,0,0
21,3,0,1679.5387502466995,325289.44168422004,4883.881279365466,0.010055575786728398,1,0,0,0
3,7,2,403.1788576308288,41874.28321229476,1624.2623680047836,0.17363425264998728,11,1,1,1
21,5,0,1219.8575054270075,338389.4699844408,9451.124372220194,0.021800805413792184,0,1,0,0
12,2,0,1311.320820625271,323107.107448192,5996.216870808365,0.024926479695246927,1,0,1,0
1,14,7,253.70491399928025,34239.64678780556,1208.194778858995,0.17604510227567977,11,0,1,1
23,14,9,243.8097018575216,54260.69296948089,510.41246427750013,0.21529056146819558,7,1,1,1
17,4,0,1509.6718074172907,327298.990449045,5426.603106948043,0.01611996177371885,1,1,1,0
15,5,0,865.191961423554,345104.3633745891,6723.667820355545,0.017106168652329258,3,0,0,0
21,4,0,1271.3239825262774,225976.3989505038,5912.807931098371,0.0035770980435821734,1,0,0,0
14,1,0,422.62273907563315,494842.5334132413,3942.772158469265,0.03285092823747467,3,0,0,0
10,3,0,1257.743315290173,236291.28000613113,5814.930612276279,0.02008919871847262,0,0,0,0
4,13,6,298.413067189393,23176.520791036288,2271.348293114601,0.41002991318122217,8,1,2,1
5,16,9,361.56634749377196,52909.888412236534,832.9517685424917,0.4866239470814413,10,1,0,1
0,16,5,491.9218124657446,22121.284589141505,580.1195694722726,0.22537864713544337,8,1,3,1
1,15,8,147.10666506382276,1000.0,1858.2348121473688,0.20826315613496127,5,1,2,1
21,4,0,1245.5590287993919,312766.13498434494,7380.949869674667,0.028107593597556706,3,0,0,0
12,4,0,1055.0908066029544,186095.71114219114,6752.621659466708,0.021889085703147192,2,0,0,0
21,3,0,1171.428141504998,229770.90949622335,6597.238934156516,0.0074926771159895995,2,0,0,0
3,6,5,665.7195362411978,36163.418638856165,795.3240627738555,0.16729577319472527,2,1,3,1
0,11,3,297.4119006060029,48565.92504369414,1140.6272530412002,0.1,8,0,3,1
1,12,7,241.77403743255815,38520.75002274075,2302.675934055871,0.18354038549295457,10,1,1,1
0,16,3,619.7360727294065,37465.53352721067,770.4882386064468,0.18536153475541123,9,1,2,1
23,14,11,712.5475092980649,18565.328793163986,1444.9757394371707,0.320580255083728,5,1,1,1
1,14,9,86.44095933372336,12569.190101001419,492.7284592789824,0.1,7,1,2,1
12,2,0,1467.5675505374888,415108.68603120104,4888.589750431964,0.006075313919212755,3,0,0,0
0,13,3,628.9736534630136,14580.780506258394,762.5893287423055,0.4155427297308859,5,1,2,1
16,3,0,1178.808690028188,285000.95492202323,7762.158652505982,0.010687474589596275,1,0,0,0
16,2,0,1102.3810508478375,283136.7090308091,8481.463954547351,0.027101077460467075,3,0,0,0
23,17,11,50.0,40902.17962180917,3000.0,0.3448183849040751,10,1,1,1
3,9,9,202.0401747269722,13183.68876771212,2287.4029689815807,0.1,3,1,0,1
23,9,2,706.7368821001135,25516.12034727496,2603.964015476212,0.1,3,1,0,1
23,14,7,313.5064239313137,42828.15154518982,284.3044529055553,0.39755860906524676,7,1,2,1
21,2,0,891.4411138226423,486146.0224679264,7985.702163684537,0.023727414701351368,0,0,1,0
23,8,9,205.5262553733942,20591.711543390185,2643.3595812684416,0.18982224215685564,10,0,2,1
16,1,0,1631.6343085388744,299885.04351953336,9282.335818944877,0.0147694376107851,2,0,0,0
5,18,2,402.7451424681745,38703.85595416437,1582.7388765625944,0.3767610470520828,7,1,1,1
11,3,0,1178.871304188969,254595.36018403157,3000.0,0.032106968400430536,0,0,0,0
18,1,0,1377.8070174931806,367718.3143116426,7497.234064098889,0.001,3,0,1,0
13,5,0,1037.307447393928,235718.05690808583,4991.826341739651,0.023857236375570304,0,0,1,0
22,3,0,1333.6795772687065,244463.17431771202,7071.9106848869515,0.013725923616766424,3,0,0,0
4,13,9,637.8145568343419,1000.0,1059.1140606431736,0.17989504440973839,3,1,1,1
3,9,2,127.57227995919078,26863.667519932336,2652.494454223731,0.3715912740436199,9,1,2,1
3,12,9,779.3237768702777,34975.726235791604,1674.6611040808261,0.3852431731101905,6,1,2,1
2,19,4,536.0089392085047,51496.52103785607,2227.9318281606643,0.32065884398666383,2,1,2,1
2,6,7,808.6736461563803,41589.57270445346,1832.173353044104,0.18875219702536594,6,1,2,1
2,8,11,249.29997369977153,47597.03660858727,1252.485703629019,0.35445518768485984,9,1,2,1
0,24,10,153.1148306112612,22573.31556660521,1871.9379644475698,0.18240569979252402,3,1,1,1
1,19,6,562.5431478550893,14977.927700729451,922.1000822859119,0.21304297508890574,11,1,1,1
1,24,9,582.8128649326445,68706.01516723596,852.4386677946717,0.4961096631634665,10,1,1,1
23,17,6,404.95978052743703,27481.87156089279,1436.8401426900953,0.1,6,1,2,1
5,10,2,123.59823706107454,22280.540036870087,533.0249942102603,0.1032004693675258,2,1,1,1
0,16,5,331.22934344979853,3979.351866498557,1970.4679902873322,0.24433475335089772,2,1,1,1
1,16,6,733.009455596299,56330.17027688991,2491.495594785085,0.39168794583132094,3,1,3,1
21,5,0,300.0,368335.8823497036,3464.759620594915,0.014676316437733813,2,0,0,0
17,4,0,1705.9854239086633,240740.17160525717,6746.965300594266,0.0191289479464147,2,1,0,0
15,5,0,1426.4286229239924,369647.6464167981,7493.105703307158,0.015283408651368702,2,0,1,0
11,2,0,870.6263620173063,170237.44628191745,7699.713003475647,0.011642788439705119,1,0,0,0
0,19,9,248.4910562631596,27057.17424566697,1743.8130602037384,0.4133430261881928,2,1,1,1
0,12,6,276.936743490843,34994.21888319362,1252.3402269704775,0.31415683164000185,11,1,3,1
2,18,2,155.89522236971115,34398.047699676754,2062.8241178379853,0.19156472247346695,9,0,1,1
17,2,0,1219.9977708481229,108922.95643278601,3000.0,0.012179367187603351,3,0,0,0
1,9,8,384.1681211762819,3446.3662262876605,1780.1974209125135,0.10898834284085523,6,0,1,1
2,22,11,641.9021526988965,31138.569321297186,1743.454856234884,0.3975289303264887,6,1,3,1
18,5,0,414.5319504555715,370503.51073346287,7766.072343451099,0.02904306931262608,1,0,1,0
23,16,10,420.36701921563144,14213.623739378081,546.2483646145841,0.1,11,1,2,1
14,3,0,929.5403791793133,318186.29132550233,3000.0,0.013255062940019463,1,0,0,0
2,20,5,304.19624073155376,35356.67640947286,1317.4389374102027,0.1,11,0,0,1
4,16,6,482.5718161794467,47032.45178950102,1161.914146000835,0.2966899388406815,8,1,3,1
22,2,0,1325.3452604567076,100000.0,6289.3027830809,0.024844988581727026,1,0,0,0
12,4,0,1312.8027947024243,120704.94227158063,6110.487021151818,0.01995273425017838,3,0,0,0
12,4,0,709.1483452359918,456429.02635270136,4613.3399953724875,0.008056131146321999,0,0,0,0
23,19,9,503.2808929775579,19978.891846326296,1193.7246183041732,0.45399077278566613,9,0,1,1
15,2,0,1064.4127796706655,257347.7551909907,3698.9300586013865,0.027669429412022002,0,0,0,0
3,11,3,436.2117738373063,26534.232731948752,1382.722843478827,0.23194730295700705,3,1,1,1
10,4,0,1577.6168592596339,397472.5600905728,6233.801066592619,0.022651115008012458,2,0,0,0
2,24,3,230.2409229922854,28136.802595311572,927.1906175247362,0.2509707143199315,7,0,2,1
11,5,0,839.4080844566272,361054.6936630688,3000.0,0.021083006360360843,3,0,0,0
13,1,0,898.2468562542788,274831.0509230947,3000.0,0.026589678730153735,2,0,0,0
19,5,0,1167.5752552461706,475230.9969710899,8083.8997876823905,0.011894004304797564,2,0,0,0
23,6,11,394.37967696737235,21185.157263842353,2298.287552631542,0.22801150146783492,3,1,2,1
13,4,0,1335.9389555861324,299714.7729326851,5207.81192409785,0.009295950072110423,3,0,0,0
0,17,3,462.6354235253674,17556.210497920933,1244.6000252242538,0.3037496511577447,8,1,0,1
4,11,9,377.18624595038784,21008.719030685883,2320.197640073163,0.1,6,1,2,1
0,9,4,208.59127571731136,34363.31223483325,2711.5286143231806,0.3248826864760433,3,1,1,1
20,2,0,1599.8708387628155,293727.21210203023,5786.621896673211,0.029092939001787013,3,0,0,0
2,9,8,365.8717886559949,27303.871880869476,971.5426084132016,0.5372068655268554,4,1,1,1
3,7,2,457.75714160092423,44554.339483224,2387.5798607833904,0.1,3,1,3,1
1,6,3,451.9957844157261,1000.0,1680.1723879994004,0.2543239013552592,9,1,3,1
17,3,0,1184.0676018864078,355488.23050956853,8196.637133907387,0.007565491980755219,1,0,0,0
11,1,0,300.0,261331.36780160086,7415.81223532029,0.026014773275666384,2,0,0,0
3,12,7,656.0510002583321,12378.465086911616,1659.004541917262,0.25340127750459795,8,1,2,1
22,1,0,1191.6808677871154,300324.43440781994,5108.013884113137,0.026619481726630805,0,0,0,0
0,15,3,91.47394522801375,2109.08730687328,1606.4576239824355,0.4935254252196629,11,1,2,1
20,3,0,1019.3637387011685,252800.78273766654,7698.308608160412,0.018812009925278324,2,0,0,0
1,18,2,605.0279728623266,42774.66856123335,2535.7931099688185,0.1090629534996117,5,0,1,1
13,2,0,678.2845350789022,335083.9474424641,6135.563914343054,0.02061250747154364,1,0,0,0
3,21,8,522.5558144994853,40017.04384502007,2906.0250027578804,0.22134954912543822,6,1,0,1
12,5,0,1214.4882281861067,247369.27643250918,6685.897528217779,0.006318935320701154,1,0,0,0
20,2,0,1952.3044584810593,382261.53699736483,5288.341842213904,0.02057403977019311,3,0,0,0
23,13,8,421.5076531639822,45007.39574885362,2180.843230084224,0.1446962053345533,5,1,2,1
23,15,10,612.1138030096718,49322.11691079338,822.7211658449218,0.3001453514197543,5,1,1,1
20,5,0,729.0056105574236,302782.2885627764,7428.6598049712775,0.016888765560200966,1,0,1,0
5,22,8,225.0995680549114,28704.20415555701,2550.4168295931986,0.4544428495896491,8,1,2,1
4,24,2,61.17807476253108,42869.78807696814,1731.5215762448272,0.10033463056118791,9,1,2,1
13,1,0,1306.4341684268163,276180.1959732389,7032.686001088113,0.007537235738779702,3,0,0,0
17,4,0,807.5016205597321,410900.7436554807,6135.200592464898,0.02675747650845586,1,0,0,0
0,22,8,682.9474223482613,65109.79007143946,3000.0,0.1,5,1,0,1
4,20,10,286.8473703087569,1000.0,2690.5108529474537,0.23763405094214698,3,1,1,1
17,4,0,904.6299976224544,260043.5630939962,3000.0,0.012775197866909976,3,0,0,0
20,5,0,1769.3167793695334,278107.7726587988,5937.618327387924,0.022943192490353658,1,0,1,0
4,19,7,568.9652377293419,20385.637144203116,1624.5879162808037,0.2508006740917381,6,1,3,1
2,23,9,372.6121162440252,22087.818028361886,200.0,0.23573161885789362,2,0,3,1
10,2,0,1211.254204880502,354674.93539641233,7109.71518712602,0.01921085457528331,2,0,0,0
17,5,0,1272.671148862238,342251.81443416025,5534.79593655187,0.028205486334003223,2,0,0,0
23,6,11,554.8854418842255,32638.23965142543,1497.3720560916674,0.1,5,1,2,1
10,2,0,703.205856020736,394633.5562864714,4845.959894041202,0.014123542951635395,2,0,0,0
10,5,0,1108.0785186736905,457981.9244832888,6222.172835393898,0.03564885380182647,2,0,0,0
4,24,4,166.08416713859756,31552.005329943706,343.36568347848674,0.4587377668209459,8,0,1,1
10,1,0,1793.8761610395031,301590.76198238914,4866.169860955676,0.024477592456772904,2,0,0,0
10,4,0,1260.5800281108584,138244.54690696718,6333.1005152068155,0.02293499640716907,0,0,1,0
20,4,0,1324.5768338516002,462738.59145912447,7053.698711414607,0.011954841147085159,1,0,0,0
1,22,9,50.0,53380.032051267845,571.2598355622166,0.2791126789736086,3,1,2,1
4,18,10,555.5352172263831,30036.980499521207,1823.6858411576604,0.4618998618200454,10,1,0,1
23,20,4,306.44523784231046,9711.053966757936,1839.1356742942185,0.15977648580426995,2,0,2,1
3,24,10,447.19928585964766,26528.326549405334,899.8886984125727,0.4023531874181081,5,1,0,1
21,4,0,531.8823976976597,218034.32383665268,9387.969267555089,0.026506960908912313,3,0,0,0
1,9,8,681.2926744266024,43925.4173577075,1173.27936721528,0.36462202575652075,7,1,3,1
16,4,1,1460.2958816372634,289270.0995696211,7288.581186204922,0.02850018124094554,1,0,0,0
0,23,11,231.04905912566488,41266.602549450356,380.2959217475459,0.262114446965395,4,0,2,1
23,9,5,78.42935658237184,31246.15671037821,2873.1666050139083,0.5105441741607151,9,1,0,1
2,23,3,50.0,13612.702806772733,2029.6919540167717,0.4352970859945119,6,0,2,1
16,2,0,1269.5076807829093,100000.0,5677.566788815128,0.0030001787532651786,1,0,0,0
11,3,0,1322.3013236136242,346427.4646824965,5125.326785229572,0.0049890282996296505,0,0,1,0
5,19,4,225.69637169662877,1340.8377603919726,2212.6779651039938,0.1,5,1,1,1
2,15,3,339.87502016390584,13531.548159846243,2604.4674266988914,0.246328946121914,7,1,1,1
11,1,0,1615.0866462684469,100000.0,7189.080014837898,0.02706467748897977,0,0,0,0
16,4,0,1233.8919754000551,299823.0977140758,3000.0,0.03403770260315929,0,0,0,0
22,3,0,1887.3813662277717,100000.0,5589.054464734169,0.025197831464991396,2,0,1,0
5,14,3,293.7603870108569,19616.966013068653,2132.176831518119,0.2998743284872533,4,1,0,1
2,17,8,369.28504488473226,43584.826006928306,2412.196051823555,0.43686397836987967,7,1,2,1
22,4,0,1475.0190858484898,305281.2202494264,5832.538900649584,0.017838662426623596,1,0,0,0
15,5,0,976.937768360539,351901.6980640679,5350.8626708090615,0.01218514788814617,3,0,1,0
23,23,3,615.2920032438735,68341.2043821965,2165.067068509995,0.21286489977914255,11,1,2,1
4,17,10,478.46463227232687,33079.24235660736,1736.2385675898709,0.329484569522942,2,1,0,1
23,24,9,371.2313552026577,46041.9935407958,2323.893820124299,0.12425909917393402,3,1,0,1
10,4,0,1352.5406324619664,184619.6306764093,5919.336912804348,0.03275682245025044,2,0,0,0
3,19,11,296.09687840617596,31110.68518835596,1115.719388446815,0.3469145157093151,9,1,3,1
17,1,0,1418.9751085662203,478657.71239787346,8101.677090873418,0.01813591648110944,1,0,0,0
1,19,5,722.5991136108538,36311.61192182031,1440.7781333923099,0.1731551679960025,11,1,0,1
1,18,9,50.0,34351.12243603158,2600.779249765094,0.2200772064599727,2,0,2,1
15,2,0,1485.71359044055,376686.086739672,6877.676603868937,0.02060397345910972,1,1,0,0
16,5,1,300.0,260614.14328307856,7205.673971889017,0.011163326244011318,0,0,1,0
20,5,0,1081.4405393815273,201255.60659301636,9683.645054550278,0.026527676617035097,1,0,0,0
1,18,5,261.6774035280083,31376.24587800885,1389.5531288273185,0.30264407300519536,3,1,3,1
11,1,0,1650.9817468490198,285166.78936988,3932.6023743854007,0.011220869163897373,2,0,0,0
13,5,0,1841.639288879614,482794.34714648593,8321.330464136832,0.010969516232640884,2,0,0,0
14,3,0,1591.1740833148388,489303.6145403521,7764.732848484987,0.027215264311289795,0,0,1,0
23,21,2,379.9951264707838,13238.01089162999,2548.0893754574963,0.3539486749460789,5,1,1,1
5,8,2,454.4794173963994,46619.19513129362,716.745088590219,0.312224478222913,7,1,2,1
1,18,9,214.4505640815686,11389.870444127173,3000.0,0.19493189764348015,6,1,1,1
11,2,0,605.6667041811265,289279.5287901851,7923.72566130218,0.012999590245573168,1,0,0,0
5,17,5,376.4521816172572,12129.61431461549,1514.9027348236202,0.1,7,1,3,1
1,22,7,685.5020273828551,24323.17079067892,1252.0107280377003,0.2872991016823972,3,1,2,1
20,2,0,1680.0566350105669,402946.70082259964,7678.443482221838,0.021629336644195054,2,0,1,0
0,20,9,216.28169875423023,28607.531272439403,3000.0,0.32513081019406026,2,1,0,1
23,10,8,596.8466670516141,34967.47109440237,200.0,0.4491499043865983,2,1,2,1
15,2,0,1207.8577823843384,223038.72369727152,7023.912419102228,0.001,3,0,0,0
15,3,0,1671.3205779772843,233611.04943868335,7409.630625783666,0.02584128321459197,0,0,0,0
2,6,5,213.28876115725862,20440.721911761888,1903.7726392528755,0.33120348466256844,8,1,0,1
17,1,0,1057.3446023443826,256269.3773812208,7570.309715899464,0.027106968339888026,2,1,0,0
11,3,0,1353.5294255325077,622982.9126809528,3060.4210147297026,0.024807685298317034,3,1,0,0
23,6,2,694.7008512972267,39138.19642405887,1240.675070512762,0.1847527945821533,9,1,2,1
1,23,11,829.7129530976389,36949.66251362824,1515.888077729103,0.15788106039697863,10,1,3,1
22,1,0,802.4074477556838,533527.7786576755,7317.654489586404,0.015960530064808614,1,0,1,0
2,11,6,582.3737295592533,18857.065096639933,1254.732833453996,0.18641641887382845,7,1,3,1
3,23,8,209.3862332892227,26254.19426075526,1200.6358319620604,0.3215361429535134,10,1,0,1
4,7,4,519.5794148727852,22739.092696490297,1821.599673300959,0.1,4,1,2,1
22,4,0,888.5669417015372,398580.39103443024,6438.340427380866,0.03457485527235258,1,1,0,0
3,16,4,575.8864376786795,14917.39092209154,1573.3993519532435,0.1,6,0,0,1
14,3,1,956.6159674270957,391274.9779913846,3000.0,0.018576574358533854,1,0,0,0
1,20,9,325.0110101300679,38494.99420361359,1421.4902879202818,0.22445072599400234,4,1,2,1
2,18,9,431.77065969973063,21528.82843528244,1632.8564392113149,0.3895525810306921,4,1,2,1
21,3,0,1273.1893441221046,233032.9540262936,8995.121615094087,0.027949585272801898,3,0,1,0
10,1,0,1172.7188109905794,318909.76305471733,3810.789714124846,0.03340899601968892,3,0,0,0
2,16,2,469.58337061648683,33536.413528129095,200.0,0.32210249494838117,2,1,0,1
1,23,9,569.870176017459,7909.042890964924,784.3804322808544,0.28047068794145313,6,1,2,1
1,19,5,492.11532543818294,23532.498686030784,2230.589540084442,0.1,3,1,3,1
13,5,0,801.0490517003656,100000.0,6961.887276551071,0.009553812069097957,0,0,0,0
5,9,7,50.0,38199.011602290564,2709.795057404784,0.4387782122596823,6,1,0,1
21,1,0,1269.0246975963537,324720.33996266325,3748.745775886336,0.01353565357224787,2,0,0,0
13,4,0,897.2862325009237,291325.5552754668,7129.028884988142,0.025340804105823168,1,0,0,0
11,1,0,1167.4103307206908,320776.5878991904,7608.42206333929,0.02525869513556464,0,0,1,0
14,4,0,1070.691224113893,291583.24033408886,6315.553206693222,0.022330196827037026,3,0,1,0
23,16,9,50.0,52161.87504309495,1991.7640668554768,0.22357822093599608,11,1,3,1
1,16,10,288.96872460429705,49744.89756144198,1457.4922118857387,0.3625205696104373,8,1,1,1
22,4,0,759.5379435502307,241853.74407395744,5043.826939605215,0.017142763541247278,3,0,0,0
10,5,0,959.0967290871815,290692.0990648471,6808.1022822906125,0.02308601055508868,1,0,0,0
23,18,5,272.68534442433315,2196.989381273248,651.1663379166791,0.1,10,1,1,1
10,1,0,1423.7731381632304,268400.3355116688,7097.5660831749265,0.020012620513508245,0,0,0,0
5,19,3,281.4796623065415,33615.100277701684,2370.0995845298576,0.14289640869922193,9,1,0,1
2,11,2,578.1394771897509,30675.18763248922,2045.8687658686476,0.14910840018925003,9,1,1,1
23,6,7,222.70498109151274,44406.54700616294,245.53727243224102,0.2771456594968939,4,1,2,1
12,4,0,1173.7084222590267,381130.55056977586,3589.650959032554,0.010313551136278553,2,0,1,0
14,2,0,1835.2695712683817,265853.3127138361,4544.0376831081085,0.022967397631334794,1,0,0,0
3,21,5,472.71181996784685,19255.638011597097,1433.7082463953723,0.3928734846653825,6,1,2,1
3,15,10,234.4985963538032,15055.660220037671,796.4463784958442,0.21066416376052594,11,1,1,1
23,23,7,533.4805851978257,44311.793765428054,873.7744990224317,0.29785551122169274,8,1,3,1
2,13,11,338.99806349016575,32693.742742284972,1358.1647182354557,0.44383028754947657,8,1,2,1
2,11,11,678.6162828167867,8659.68598028343,1031.9371961921297,0.1755797892835854,2,0,2,1
16,5,0,847.3834911704669,131417.63637873926,5710.315508608938,0.005991050408232262,0,0,0,0
20,5,0,1928.9084906892972,150461.78175512742,3373.3858427626556,0.013713771834370449,2,0,0,0
0,6,3,211.117574206925,15178.898119123132,1899.4256510724908,0.18102494374247835,2,1,3,1
4,12,7,214.37376283472972,23335.530071168443,1669.0731006764684,0.35511269257502864,10,1,3,1
21,5,0,1257.280876998553,311498.53683772765,7164.612097005729,0.027138271263299023,2,0,0,0
16,4,0,1768.698593838197,315233.5159827267,10000.0,0.003410310421073537,1,1,0,0
5,15,6,483.26677075865814,31117.40979672719,1879.469448425101,0.1,10,1,1,1
22,1,0,926.43138986021,271406.68552665244,8565.117879329855,0.026780800073626505,1,0,0,0
0,18,4,457.9361839745965,26773.54955292543,200.0,0.34738200008570685,4,1,3,1
3,7,5,635.4891247164649,16374.793058682444,3000.0,0.43306306323000887,2,1,1,1
19,5,0,648.4333805130669,396048.4412294091,4185.24028882448,0.02332024602079938,1,0,0,0
14,1,0,1329.8558964586596,317913.37902429904,7241.608360039156,0.005745409154090249,2,0,1,0
21,2,0,1658.6689072513932,359889.96097207663,5395.535256366634,0.01917321529196296,0,0,0,0
5,23,7,322.07929119071923,30526.088715276073,2005.0133756138762,0.24278518017465597,2,1,2,1
23,14,8,642.8225879468596,30059.8609510962,2392.552402217918,0.1965173280642689,3,1,3,1
10,2,0,1223.657432676717,393003.7197223281,7219.421511273422,0.0323685930659742,1,1,0,0
23,19,3,163.7378284394468,54760.84047736838,1705.4535352176754,0.19084993730889865,5,1,0,1
3,19,6,473.67338583958,35761.97362824765,1002.74359985103,0.34891776503699307,5,0,0,1
21,3,0,1744.3145421916565,363204.8477121056,8130.812203588181,0.018847031110694672,3,0,0,0
5,7,10,241.89077807820806,30339.894008773266,1846.050039611463,0.22906804670790992,10,1,0,1
22,5,0,1432.3849178894407,228070.19682000103,6327.24159554997,0.02240708358708607,1,0,1,0
23,12,8,692.1941285946875,49191.104259061336,1740.4382929866706,0.34791765781499073,10,1,3,1
21,5,0,1195.4363684579337,317352.8026134496,7389.1002080072885,0.0014083696280884801,2,0,0,0
23,7,2,588.6777909033817,36177.215760479645,1801.3840568368466,0.17209806900247504,5,1,2,1
2,11,10,337.7397263810467,49549.46531431594,200.0,0.29074877818933104,8,1,3,1
23,18,11,250.17199135321184,30234.10222574066,2242.3187306525333,0.5698541085618343,5,1,1,1
3,16,10,739.9610141770733,40292.28755451342,1559.6365794153648,0.4331178821034013,8,1,1,1
0,23,5,557.0969333095558,28908.295820788233,1331.6805356316686,0.1,10,1,2,1
2,23,8,534.3424389613378,1000.0,2967.6337104988756,0.15347633954001294,11,1,0,1
1,19,7,146.6959958164688,31392.594957421436,570.3982340575436,0.1,8,1,2,1
5,10,5,346.20785757371505,30576.8911072524,958.7355181176165,0.3439026817083763,8,1,0,1
23,12,10,198.7909433428845,27213.342318082236,1085.7686847486823,0.48699564811651985,11,1,3,1
1,14,4,95.37051884435846,32322.72700568054,3000.0,0.26747389352588125,7,1,3,1
2,24,8,448.0830394820498,39550.6398778619,911.5054754409323,0.2173202856621961,4,1,3,1
21,2,0,1081.7934826977926,339944.91421961074,6671.071308193876,0.029979033696763774,2,0,0,0
20,5,0,1899.2721832277039,253412.2155220252,4598.3140289274725,0.01869391792095246,1,1,1,0
1,11,7,355.2745604990906,23003.314525330723,1599.0995249380542,0.23814443489030834,9,1,2,1
20,4,0,861.0743888595453,298561.83184903953,7508.700666042059,0.009814547055780666,2,0,1,0
15,2,0,1304.6473738184804,285021.37828798976,8459.340652779512,0.0020114061123313216,1,0,0,0
21,3,0,729.8879533614979,100000.0,4943.871975464075,0.013265713681269133,2,0,1,0
23,20,8,377.82421027756453,56562.91380733316,2018.9939855826617,0.3163557587691083,6,1,1,1
14,2,0,1214.8792787745072,353976.6430324154,4945.547778790744,0.010462281678372745,2,0,0,0
10,5,0,1572.5915306611942,429463.33037401293,6398.981997248183,0.021630454732018894,0,0,0,0
1,12,7,50.0,37746.0560797619,373.7961319532053,0.32688614821936696,8,1,2,1
22,3,0,1647.88016022945,333796.18166133785,3000.0,0.01579347432785479,0,0,0,0
1,15,3,782.3120186682694,22126.82978510767,2834.7206693840376,0.1,10,1,1,1
3,17,8,484.558321313011,36317.385031529295,1080.4848866211532,0.5409113298833472,2,1,2,1
15,4,0,1466.4358967305948,226210.16648816905,8012.88797980657,0.03405606024457332,3,0,1,0
22,4,1,568.2512369849859,449520.1274428798,5257.375970694072,0.03553768400370473,2,0,0,0
5,20,5,488.82568993791733,14209.720940318412,1104.1507833797386,0.3591134488135318,3,1,2,1
23,21,9,673.0389080316149,33973.669381617656,1510.8268339614738,0.3689958536340781,7,1,1,1
19,1,0,1774.2578880396873,273833.2511754359,4779.5293857767365,0.04181078578824122,2,0,0,0
1,17,5,50.0,38036.5706012567,2583.8430899051896,0.2849554051095971,7,1,1,1
23,17,6,152.76429465767586,9252.022359060855,1908.6109871667052,0.46764357891828656,5,0,1,1
21,4,0,1290.943968048331,100000.0,9286.532479819312,0.022865600696269514,1,0,0,0
3,18,7,649.8231988696853,53894.09202353711,2370.987409904996,0.12626571112021528,7,1,3,1
23,24,10,338.3521803543178,43499.7566460328,2166.947260013244,0.3624402349202501,5,1,3,1
2,15,2,310.440837401561,1619.3703215547212,444.2960755692768,0.23702656629866747,9,1,2,1
5,16,7,427.64649466948174,31197.65171166997,2153.410234839325,0.3685290398543699,2,1,1,1
4,9,10,364.49730532733884,35617.229051504735,1433.8451285299718,0.1,6,1,3,1
10,5,0,902.8263614834879,333859.37497892155,6904.341494582759,0.003990495088790867,3,0,0,0
3,21,3,605.064966484475,23692.259707317542,1500.1917303631603,0.14151148720961798,8,1,3,1
2,11,11,733.3721834910948,32552.696874786303,2035.3628459181155,0.26489023976572285,6,1,0,1
3,24,9,187.84797752531705,21125.468695376985,817.6461509927655,0.1,9,0,3,1
16,3,0,1793.4252966503836,325674.726103953,6075.496518397606,0.019297309658233296,3,0,1,0
2,18,6,53.708320520917084,29843.415703830295,1046.7976690561554,0.3668314328721325,11,1,2,1
2,16,9,273.23213282484596,46615.082944004265,1570.1975412545623,0.3810255088315588,4,1,0,1
23,21,9,778.1066559487672,16174.831021681515,2883.639418177948,0.29545624838088835,6,1,1,1
2,24,3,393.8902465528338,29970.17481808277,1602.7562861905953,0.1,9,1,0,1
5,11,8,308.31019944715325,33653.25015909556,1635.7249336711193,0.29348714384417807,4,1,1,1
0,18,9,444.9491763316148,41638.96238563857,2800.056469425163,0.45665001411893713,6,1,0,1
0,7,9,429.5061840221851,21783.96275797217,1649.9465428579147,0.48308238400765713,3,1,3,1
18,2,0,1327.4025594405498,315657.3748996736,5664.265876037774,0.034836257436653334,0,0,1,0
10,3,0,1444.6970426657617,311647.407729199,8388.812646841849,0.027695050512946493,2,0,0,0
21,1,0,1585.3017506356155,244641.79890637024,3925.9706064332795,0.00868644122348091,2,0,0,0
0,15,5,574.044461562527,24234.000318282408,2285.9717020551834,0.16223844476560717,10,1,1,1
20,4,0,1608.3918420590503,450269.7866344197,3000.0,0.021473743692798683,0,0,0,0
1,20,8,221.94394554348904,47958.67677124751,2359.701045460387,0.20025239727178062,5,1,2,1
23,20,8,293.382634121395,38635.91335891221,2103.679251007297,0.1,6,1,1,1
10,2,0,1427.7356691701193,395703.6830136223,9067.842888981368,0.025441076535168715,2,0,0,0
23,11,8,347.56691795580446,12789.923225117062,682.8030419840533,0.35544945837252706,8,1,3,1
10,5,0,1231.1876397533194,186114.50326929998,6687.430548507433,0.034133148334034843,3,0,0,0
22,2,0,754.5017918312502,289706.2741520901,5983.921489756776,0.01679658361843041,1,0,1,0
17,3,0,1088.0831337204063,438986.82046779944,4359.850923316188,0.02652723105595825,3,0,1,0
15,5,0,780.3106999811924,329875.5279574229,3997.288844789705,0.033818293630428355,1,0,1,0
18,1,0,1356.975081630491,367925.318570021,3000.0,0.01915773570374188,2,1,0,0
1,15,11,569.8021172150306,26120.110212155083,464.3265447230199,0.2840197382258772,11,1,3,1
14,5,0,1546.223506269594,320932.68514918705,3498.518598249895,0.02678349030131418,0,0,0,0
16,2,0,1037.5954586478454,290412.869373747,5869.352955441177,0.019550124164758115,3,0,1,0
1,8,9,1000.0,34901.04898969684,905.7165619948672,0.1,6,1,0,1
4,21,3,320.2275386518068,17084.80182611708,1826.288305308585,0.2509461157929203,2,1,0,1
16,3,0,1071.9688306911485,446584.5158983584,6565.116880971679,0.018383365654811662,2,0,0,0
12,4,0,1780.6823523107296,429775.3711787242,7898.991310561467,0.021706287454105473,2,0,0,0
18,3,0,720.5599392148237,221671.62211996867,5050.117487574345,0.022837333698103035,3,0,1,0
20,5,0,814.879294412601,382090.33054358576,5098.630097733824,0.020360328730952025,0,0,0,0
0,11,10,137.98460161479716,3700.2529236228656,200.0,0.23860010086342448,5,1,1,1
3,16,11,264.29590628478036,27695.023731104684,1393.1440745269533,0.2700272463260232,3,0,3,1
12,2,0,1682.7597395886924,100000.0,4226.135982870099,0.007842271192430235,3,0,0,0
10,2,0,1964.76929542793,387763.1471260267,6517.282338404654,0.0358881041380745,0,0,1,0
12,3,0,731.4342431624044,435967.6736501949,5048.1653866796405,0.02747147124842969,1,0,1,0
3,13,7,296.28095870979644,71985.8665104554,2214.245122558461,0.2586847485846511,6,1,2,1
0,8,4,429.5340242908799,20634.969109029582,1992.525984565772,0.43489007846963346,7,1,2,1
18,3,0,1508.9344161177237,180154.27064011968,8390.169779267966,0.0258717956901748,0,0,0,0
4,7,2,488.26245051854926,36240.175321147915,1595.149161254169,0.1,5,1,3,1
5,6,11,434.40790163742,22772.43285095542,500.32218452253244,0.10658197265450597,5,1,1,1
23,10,7,685.2217838522398,20937.698931837105,984.4006790680943,0.5849126129171851,5,1,2,1
23,22,10,663.6165593717953,26232.787272236124,2137.2831940711453,0.4129034296568211,8,1,0,1
0,17,9,362.5151106541727,22170.062903057136,1922.4895788283307,0.17885397978810702,6,1,0,1
23,19,2,504.40737717295394,33929.39336434794,1930.4816971537416,0.1,3,0,0,1
2,15,10,434.44841343010387,55284.5827346497,1111.7430173740718,0.24291417019553582,6,1,1,1
15,4,0,987.1482490408982,345988.224371382,4407.902299931531,0.017743816284713537,0,0,0,0
10,5,0,1219.9397007371622,215696.14735619255,10000.0,0.02274055756130115,3,0,0,0
17,4,0,1393.3774673113273,214426.84113571252,6385.434686979466,0.021430229087468902,1,0,1,0
13,5,0,744.4212511771472,382204.84403720754,5917.85894003265,0.01634089030234007,3,0,0,0
0,14,10,423.52080451555537,23099.848849589533,1012.589045779991,0.25927505609723656,5,0,0,1
5,14,4,574.0840727133345,26932.786363952706,200.0,0.24408036402935737,9,1,1,1
5,16,6,480.1813903653341,37200.87704657065,2394.3307060261504,0.3804254343935085,9,0,3,1
5,7,5,553.257580255417,17856.52657576437,3000.0,0.3277041078142308,11,0,0,1
4,15,3,229.88030079237456,11228.863707946639,894.6757778933411,0.2271504676019594,6,1,0,1
2,10,7,192.01981993026732,39641.88404002894,2407.05230512854,0.36322209948455486,11,0,1,1
22,2,0,506.7944846034643,281322.11959213996,5934.947700179862,0.016389005377017894,1,0,0,0
14,2,0,1191.7682291636543,156105.71365500597,8852.31660143239,0.012403878939523843,1,0,0,0
3,10,8,359.8052418913928,28752.186897068845,2137.6157820903577,0.1,5,1,2,1
2,14,3,80.33966713586966,30240.21765420711,2215.486088809774,0.32709563709656525,10,1,0,1
3,11,10,50.0,33525.544673471646,1641.9063917884696,0.4934178117162923,11,1,1,1
2,14,8,511.12398853720754,28559.736923738037,1195.4400894491546,0.22590841737292314,11,1,3,1
2,19,8,160.2850866291446,11344.978913250692,1909.3010246971407,0.422677166809885,3,1,0,1
4,11,10,484.89492360215206,5413.511018644629,499.0710744643959,0.3156943992407642,5,0,0,1
11,2,0,1166.757876633358,542975.6025803646,8461.203558530835,0.001,1,0,0,0
20,5,0,1062.9641543450812,161330.42257324382,5823.790239549646,0.012988777882709175,3,0,0,0
23,14,8,650.7858927228324,34025.016211955415,343.2603051376218,0.1,11,1,0,1
1,20,8,565.2318083178668,21741.060602695332,736.2846333131484,0.1562565737169086,5,1,2,1
13,1,0,1429.0461568227308,443908.0361126013,3812.7039332789773,0.031162341993677723,1,0,1,0
5,7,11,144.4642209148545,34183.621749395104,948.7242638649907,0.21184689167546902,11,1,2,1
1,14,8,395.93339680385844,28720.096087428155,995.9860208383117,0.439904390891641,9,1,2,1
19,4,0,1045.747295621792,209225.0049443893,5442.8036129728625,0.02868221588532805,2,0,0,0
20,5,0,981.7789589052452,204501.46465364346,7600.737360584647,0.03069413764731721,3,0,1,0
22,2,0,968.6451513106242,316999.6041472174,6394.829683666003,0.022631878332342006,3,0,0,0
2,14,11,235.98553280624938,20876.404479711367,467.2762627999764,0.3675677948841743,10,1,1,1
15,1,0,1031.9508090912427,286344.3463884537,7435.97828261659,0.02912954620306918,3,0,0,0
19,1,0,1191.9891212625903,428679.10024530103,4984.990876071243,0.03864150110711988,3,0,0,0
17,2,0,950.036015030768,100000.0,7143.113142077523,0.022954499326161622,2,0,0,0
11,2,0,448.9505399104728,292731.7246795715,5000.568656668587,0.01715426754721021,0,0,0,0
4,13,5,340.74119353912596,34785.821654481944,2377.624723333613,0.23019431106705204,6,1,3,1
0,14,3,403.81676566369094,17491.659527834192,1155.598211287603,0.1,6,1,1,1
18,4,0,1166.8400037131366,364740.75265997695,3894.33025869107,0.0324943728074607,1,0,0,0
1,13,11,271.1729427111034,1000.0,1888.448996359367,0.2874537982744229,3,1,1,1
2,14,9,93.069557385071,32169.431624801713,2674.8923661092713,0.1,10,1,1,1
2,17,11,751.9569444905976,63199.872242923484,275.021094166721,0.20704353133251313,8,1,0,1
3,10,3,50.0,46201.63953753032,1094.0220913293276,0.1,4,1,1,1
10,4,0,1638.668354998452,436522.60676801676,7056.808269180629,0.028879325447984123,2,0,0,0
2,9,10,335.86282732673055,54613.550561315584,2295.762292973918,0.3245600574229325,4,1,1,1
23,10,2,267.48227207151547,53013.04293416414,200.0,0.20191135130232352,3,1,2,1
14,3,0,1461.9165046672533,156934.74862787614,3015.6960853733767,0.018304294849189374,2,0,0,0
1,24,4,236.07046707900375,20075.214688841243,1482.0312172396618,0.1796487085896841,4,1,3,1
10,2,0,1992.6201000195742,207960.95721643674,7156.020710310513,0.024594612998204094,3,0,0,0
10,2,0,740.2049453686072,275591.4361441448,5456.250336181092,0.01569299426693689,3,0,0,0
14,2,0,1360.3444045867307,326089.70860571205,9012.313228305937,0.0384040376502275,0,0,0,0
1,21,9,555.6792731308021,30484.653091713757,304.676996041911,0.302229174890605,4,1,1,1
2,9,8,119.69482208249349,34105.035331702835,1342.8409805543859,0.3015692346880722,10,1,1,1
11,5,0,1280.633584256145,227144.98156691378,7151.498436633398,0.02495005745754151,1,0,0,0
4,21,3,1000.0,45418.008386199945,272.1940333270884,0.1,9,1,3,1
5,11,2,338.420685223159,22528.946865323644,774.4504305470582,0.32538365905162114,6,1,0,1
2,7,7,300.85499068402726,43027.9932781744,377.7565476645325,0.33153268090922366,7,1,0,1
21,2,0,1107.534889852931,284350.360942831,10000.0,0.02435573982875428,1,0,0,0
20,1,0,1106.5793825694473,239741.61868192925,6243.443981880528,0.012193623775627407,0,0,0,0
1,18,7,482.6533115632651,28756.499498179302,670.9865203714619,0.5675771131638788,11,0,3,1
23,15,9,504.63304883461024,41377.52575824956,200.0,0.1,9,1,1,1
0,6,2,515.9941851499843,24989.148504668487,2358.5126505668804,0.1,2,0,0,1
22,1,0,695.2440869092901,472402.07155655045,5248.9434803958875,0.025018095249542995,0,0,0,0
23,12,7,540.3325218392267,25044.197890003627,2056.3364884027023,0.2799354872384927,4,0,2,1
12,2,0,1650.3027396128405,333765.67976939643,5506.63426870994,0.01814441596533953,3,0,1,0
10,2,0,1498.2694093894338,485877.44285726524,8078.849990517363,0.01729978129702578,1,0,0,0
11,3,0,1012.7309937596626,204337.6367892304,7882.443863429299,0.03249272614183479,3,1,1,0
5,23,4,392.6486427267131,8327.280038187855,1149.725435410199,0.25799070868926316,4,1,1,1
16,2,0,852.6877072800158,137760.15032440977,3000.0,0.01251339378852084,0,0,0,0
5,15,6,50.0,25193.19685453599,2801.1495689626845,0.13950882973019801,9,1,1,1
18,5,0,1664.876421061033,296385.6402779462,6453.467603702405,0.03608283158597084,3,0,1,0
1,11,2,182.15983727399086,23814.950855180123,2600.812071103789,0.36240797842801387,8,1,3,1
21,1,0,1535.082239750355,369013.3776722439,6165.475844509758,0.033424074146459246,2,0,0,0
17,3,0,1079.431404302033,185671.35332656486,4555.137400114643,0.015030445184305127,1,1,0,0
2,23,7,482.2148861494305,25941.462289908093,1673.7847356100742,0.14355891982324734,5,1,0,1
18,4,0,1102.5502469154294,374272.3061424926,8141.999321583238,0.035076743346127724,1,0,0,0
5,10,3,575.7190487968883,27457.04973192301,452.4431362507005,0.21401328064072772,8,1,1,1
12,5,0,1265.9106116271719,398804.93146133417,7438.762076746119,0.010871935287623346,3,0,0,0
17,2,0,1295.8190883476925,247897.07231681034,4665.8825519886095,0.007966631564140578,0,0,0,0
10,3,0,1511.1751070321227,247945.08829465834,3000.0,0.017110544983842502,0,0,1,0
3,13,2,531.8630232621318,30607.441172613733,200.0,0.2352161132290448,10,1,2,1
23,18,3,161.55538106262983,24827.677635194774,1364.5865429611688,0.22098156349342718,7,1,1,1
3,13,10,548.5650353652127,10011.796570558803,2436.7390824721892,0.46683733893096113,9,1,1,1
23,20,9,278.195294946672,59698.96967285845,2488.034875713508,0.45994687684722163,5,1,2,1
16,4,0,1036.450652638364,309175.832675552,3000.0,0.02586222674855762,2,0,0,0
3,20,6,498.4833182244373,38306.278477262385,781.9377849622565,0.2245268511481414,8,1,2,1
14,1,0,2111.7251339392087,206968.8428854335,5174.774314926339,0.010827620841679106,3,0,0,0
21,5,0,941.4167161918763,348432.5437702705,9564.352431336487,0.026053733942869032,2,0,0,0
2,23,8,496.36288672850753,48723.66023627866,1850.13717491942,0.19593739758338613,4,1,0,1
23,20,11,604.6365079315053,3098.2472392107848,2249.3543199100714,0.3913050832338858,8,1,0,1
0,13,3,414.93388987345685,36510.17959318428,1957.665327284342,0.3148316414124916,7,1,1,1
13,3,0,1125.1404781436345,211338.7812474551,5828.046116751155,0.02006297492454958,3,0,0,0
5,22,3,514.8032021184388,6784.926828164251,244.56732571534076,0.19460685404277983,11,1,3,1
20,4,0,802.8310079879723,254980.49966994667,5079.871221068887,0.009450543564293827,3,0,0,0
0,8,2,50.0,31689.51157793329,2679.6048387573155,0.2703348992757869,7,1,2,1
19,5,0,978.7031263190315,470905.51833235816,7737.766720177172,0.0126221485935418,3,0,0,0
5,9,7,305.5918996627025,13999.534022125445,2190.210136278468,0.24244930633448125,9,1,2,1
5,15,8,264.7548571317641,18888.33746809264,2071.0164346591373,0.1,4,0,2,1
15,5,1,1552.1501692218308,254104.26662057196,5779.565445488791,0.016722911700868974,1,0,0,0
16,5,0,1853.843539531706,462401.9799472644,6045.888176026917,0.021856061628575986,1,0,1,0
16,3,0,1268.440560773071,393711.5507984259,3423.199732914946,0.01715168104748028,0,0,0,0
22,3,0,1485.4389954229243,188984.0356354664,8868.60830516131,0.025683900166935718,1,0,1,0
13,3,1,1260.2092822274785,310264.51029737724,5057.5848835436145,0.020099543490431956,0,0,1,0
23,13,7,745.562225948659,30686.992440405582,455.2023695023888,0.30085771443544607,2,1,0,1
3,12,11,453.0145808996307,2840.019556583782,926.7891430500215,0.25051962644223424,10,0,0,1
4,16,9,327.9110637589596,5086.45247281278,2226.5440274616117,0.1,6,0,1,1
23,9,10,634.8364078869589,36018.67860072068,1752.6920494538426,0.34093217716749413,5,1,0,1
16,1,0,866.1677690091362,147536.8680278958,5298.272054469087,0.02889710181603402,1,0,0,0
12,3,0,1987.2977820647093,510417.9275116768,5234.172828862074,0.00745710401089293,0,0,0,0
15,4,1,1356.0502153070388,393609.86445775826,6577.585710373388,0.03126164955076699,3,0,0,0
22,3,0,1291.576086065819,274822.97247351217,4446.729680116014,0.0264548548389605,1,0,0,0
0,22,6,416.6796842624345,24408.11652249145,2509.489638195421,0.3873374538428247,4,1,1,1
23,21,7,632.7053695427577,22701.980318321203,695.7554865525253,0.1624998415738209,2,1,0,1
4,23,7,456.9463770673991,36406.0762386745,1687.8733890218725,0.33043829293215154,6,0,1,1
2,20,5,733.9453571008827,48598.804455856094,465.2148371623814,0.12098460263431307,5,1,1,1
20,1,0,1726.1760872899845,341786.40261994407,5111.313717359422,0.012530541590738976,1,0,0,0
2,11,3,313.9466875996426,44494.58247146544,1444.705499793399,0.1657320697761861,11,1,1,1
5,18,9,290.07405906399026,39696.317621413276,200.0,0.397661730411982,6,1,1,1
11,3,0,1133.6429268614465,297123.9624489772,4932.8821044978195,0.007750372434697211,1,0,1,0
21,3,0,1418.7982899510544,303922.72303618316,3000.0,0.03964612249891539,1,0,0,0
21,1,0,2055.312926583502,302921.101571074,7404.22319897827,0.007873397519444167,0,0,0,0
3,14,8,546.5987584198298,21985.700239341255,564.9755106656825,0.1,6,1,1,1
2,11,10,314.9483851139174,30933.12854305189,944.8607961091627,0.20819731225843946,8,1,1,1
23,13,9,455.32764713456464,46000.73016873037,1509.997546810897,0.4761794377893142,7,1,2,1
15,1,0,397.05565909637903,190406.22203295975,7416.8946098973,0.016280999397296544,3,0,0,0
20,2,0,848.5389277483539,222258.23578008078,3000.0,0.001,1,0,0,0
1,15,4,246.60675848855254,28160.084886300978,655.5417496795529,0.3916268228187205,5,1,3,1
0,9,8,485.8014721204756,9112.193806487143,200.0,0.1,5,1,0,1
18,5,0,1788.304989728287,338030.1802444829,8317.68431399745,0.02780807560086921,2,1,0,0
5,15,9,323.4523291603095,15230.340912409718,1770.5966590587136,0.25897986481057267,3,1,0,1
11,2,0,1610.7302382348225,208400.21304438496,5130.7404342354475,0.015801522849270125,3,0,0,0
20,3,0,955.0424861114743,279670.74949191103,5219.941626684303,0.017089844461594762,0,0,0,0
21,5,0,1488.507232102611,114202.39751072632,6851.073585392056,0.020489732731980227,3,0,0,0
2,11,2,135.39559425163714,24135.701223076274,1759.1927186580406,0.1,6,1,0,1
5,22,11,221.11736019704273,11164.612317261937,1410.5143139015054,0.5400280814761311,7,1,2,1
4,16,7,332.85558498389156,40408.94402961868,1830.8078908745101,0.40399111409669236,8,1,1,1
3,13,2,50.0,70282.75787733356,2531.562368784619,0.2857072501839275,10,0,2,1
13,5,0,1031.8926903556578,330065.9448885967,3000.0,0.010686530131653257,1,1,1,0
11,4,0,661.3025925925843,331411.5849377392,3759.120059750534,0.00809901644912939,3,0,0,0
1,11,2,533.1941336506667,7699.330345851595,1265.6924047981788,0.2881722447847159,7,1,3,1
12,4,0,1461.791325164043,349640.0996978695,8491.325084878079,0.02154088033005517,3,0,0,0
10,3,0,566.8303349130189,375006.17971067235,6033.924299109997,0.035423451828678496,3,0,1,0
2,18,6,593.4468046076571,24300.36232741604,1872.4045132316323,0.34491183222271565,4,1,0,1
10,1,0,1892.873830871026,310044.4496859781,7263.852824590319,0.022884264351973157,0,0,0,0
20,2,0,1062.7223806942313,325865.6029983151,4152.595489024247,0.018854908675319713,3,0,0,0
15,1,0,1207.6136704864307,427609.88288178196,7854.343394402515,0.02316237251021202,0,0,0,0
21,3,0,1903.6866414249716,370936.73945834127,9238.819567787712,0.02009876062640021,2,1,0,0
0,6,10,607.205820829043,1000.0,1925.996036619218,0.14491513192834493,2,1,0,1
11,3,0,471.2572392918536,281207.06231992604,7774.791663845777,0.0209256105401408,3,1,0,0
1,7,3,284.3317686768453,3475.102480937803,3000.0,0.5054464113258059,6,1,3,1
23,22,9,323.4154710672236,51068.976207320586,2303.1256987792954,0.41644303215237466,7,1,1,1
20,5,0,1447.5539271460373,336482.8788942165,9074.566594723901,0.01210911324488113,1,0,0,0
23,17,3,439.2259732631761,9662.131473598256,1347.3261306004758,0.20004669410505027,9,1,1,1
21,5,0,1280.335895477642,292174.47844665265,4159.416698671729,0.019522103672133174,0,0,0,0
2,6,3,103.47461594954194,2281.7164547645552,351.54473507981083,0.438961797582343,2,1,2,1
2,13,11,266.5557081368934,42708.734473415534,2393.809695592356,0.4048987328442576,5,1,3,1
0,12,8,403.2821275200046,37084.87057245837,1064.3240396793622,0.5304222060351859,2,1,1,1
13,4,0,1257.3558985441834,187652.82809795835,8302.559377255006,0.028406013580168667,1,1,0,0
0,17,8,662.9361665558706,42763.743440788385,1728.4341683677224,0.5060377471375739,11,1,2,1
10,2,0,1251.2898166015289,326294.0778761096,8214.320758871327,0.016567135008489164,3,0,0,0
1,17,7,511.27228011341316,47144.49902392691,464.92917788086675,0.3138046558244896,6,1,0,1
20,5,0,1102.1499667834898,234644.95303941861,5654.645325941342,0.03141497835133962,0,0,0,0
4,7,10,309.3185491018244,36558.553324166816,833.623613443922,0.20496603256704718,2,1,2,1
22,3,0,469.3522026064676,226600.5721121357,5967.5253960745795,0.012243312008653738,0,0,1,0
16,3,0,983.8513518939964,384845.6456470064,5284.073953541632,0.009997191174613836,3,0,0,0
11,5,0,1993.073968643668,335972.2925143578,4847.013326143019,0.019427484322538133,1,0,1,0
14,5,0,1397.9141741320393,265004.172176398,3000.0,0.028443089442920132,3,0,0,0
4,15,3,244.92805525667256,35117.23023769789,3000.0,0.30847970352734366,9,1,1,1
18,3,0,1468.7505265970394,375319.41940567736,8830.01150564809,0.008246094367809027,3,0,0,0
19,5,0,1480.877164659852,286181.9506667727,8381.716219342547,0.01799318868787115,2,0,0,0
1,21,7,611.9407984348632,13533.387470339905,266.0978124344538,0.1751286957691126,4,1,1,1
3,9,3,511.9317803718717,24788.20481415061,2829.738541078921,0.1,6,1,1,1
19,3,0,1062.9515480609148,200519.57585980793,8104.3807755200705,0.025071855883761724,2,0,0,0
5,22,5,329.7627943326898,55714.16471036991,794.4691149518513,0.1970664446692357,8,1,1,1
14,3,0,733.7266905398282,410946.61819546466,8190.386199171057,0.034488450311811594,1,0,0,0
2,18,11,268.9176840489423,37567.79245364188,847.7746491179665,0.23156062459803176,7,1,2,1
0,7,3,123.4764421058311,29233.020029993055,2086.472552355103,0.1,9,1,0,1
5,11,7,50.0,25483.189777898573,1199.9924821523944,0.38723724754522715,8,1,3,1
4,11,2,539.8165052178219,43228.69834047817,815.1575518634654,0.4979665411045694,8,1,3,1
22,1,0,1197.0390415997394,334278.4043823959,3000.0,0.014119960285226562,1,0,0,0
10,3,0,1211.1697770717903,348667.6686069219,8403.840505997625,0.018211418960590618,3,0,0,0
2,9,2,56.9020380226134,18497.851940929184,1762.9450423466778,0.37250030177797294,3,1,0,1
13,1,0,1103.3288141946916,233293.47174702332,5044.387051599573,0.018271836213666546,3,0,0,0
5,6,8,50.406941389691156,27025.01655344562,1306.6610763926737,0.1,3,1,3,1
13,4,0,1592.1354680871054,435279.98456957197,8603.58553329084,0.021049359393857398,1,0,1,0
14,4,0,1538.4637050961135,309000.02829773235,8122.792086537529,0.01014395416472197,3,0,0,0
1,14,2,125.98900039985944,11959.021258041419,2723.478517159211,0.4388927584620108,4,1,2,1
23,18,2,321.1911519681822,24708.104351099922,1769.307300322435,0.3257254092532477,9,1,3,1
0,10,2,658.7572408329701,29895.414463562345,2158.97012947831,0.3449611098379907,9,1,1,1
3,21,3,271.119217132541,16450.425329821017,1744.2970913559689,0.3172603841879252,10,1,3,1
12,5,0,1171.4640005998388,319286.96764981316,6856.028951531798,0.0205040757921208,2,0,0,0
2,15,2,338.9701052708563,28864.312291829752,1844.2396042336,0.1748535852476759,5,1,2,1
17,2,0,1181.1826206806077,358112.09451637237,5453.148360774712,0.00685255642921441,2,0,0,0
23,15,9,266.1306576488876,28877.3346551925,1626.180756911118,0.44352517543686826,5,1,1,1
23,8,5,249.36315999667937,10082.99393756075,509.9254822536617,0.3400728229729712,9,1,3,1
18,1,1,754.6934924830364,163299.4721605118,3662.2560389176633,0.027822662040883062,2,0,0,0
3,17,10,491.18523605863066,9376.278344083687,1324.909785678829,0.1,10,1,2,1
16,2,0,1597.5711163178541,451939.4596941342,4028.1070540721767,0.018753086087679817,0,0,0,0
0,23,6,238.00875852952169,8348.81480983215,2593.843285577732,0.1,2,1,1,1
2,17,4,782.9999764560371,9022.364263753545,1017.729479904531,0.35686513856140123,3,0,0,1
23,19,9,263.58690592161656,32040.982637312864,1266.2813655258742,0.1,2,1,2,1
2,11,11,441.0033245725955,47304.11729513112,787.9343713006126,0.27999733051338477,4,1,2,1
3,12,8,331.19493197013395,1671.0766310539875,1509.6271634178631,0.15227883700714087,9,1,1,1
23,17,5,333.584972861674,38236.217700076224,200.0,0.3043047200707444,8,0,0,1
4,23,3,475.09819191345235,31632.925243116442,2228.014794752862,0.21451893341227746,7,0,0,1
1,14,2,698.5011725721315,26142.519636161862,1081.010323414038,0.17893068434207282,10,1,3,1
3,15,3,309.86376281163496,31213.12216364298,200.0,0.3200336580987194,11,1,2,1
14,2,0,323.758833439545,306983.1608294286,5075.804662022598,0.019916857875320017,2,0,1,0
17,3,0,1032.884220368374,465932.93931145675,6784.549509750783,0.025613987463917482,3,0,0,0
14,4,0,1300.6602662718558,275063.21616519114,5665.074630137912,0.0218071115594577,0,0,0,0
18,2,0,1050.6187776078239,159442.10894927982,10000.0,0.028607298667107546,2,0,0,0
18,5,0,863.5647491952127,217107.33709806285,5474.409046105795,0.008755235300465748,0,1,0,0
5,16,7,358.11157697856214,40379.85019770125,1789.0082849838168,0.1,6,1,1,1
19,4,0,1373.8489634327775,278080.07792254584,3000.0,0.024076576021038174,2,0,0,0
13,1,0,1332.2772906627422,333024.8089335024,6631.8620156586485,0.01399477266019522,2,0,0,0
12,3,0,1350.810733212131,267011.6114839817,6430.312841783108,0.02546561485404427,0,0,1,0
11,4,0,1522.5440402483305,148147.6204770601,10000.0,0.02296814226915065,0,0,0,0
10,3,0,1411.810177731224,303210.8245831276,4175.55633080775,0.008521615578326338,3,1,0,0
12,3,0,1218.090476258623,259511.63899407088,5253.512684827807,0.02432000230527851,1,0,0,0
19,3,0,730.922044136144,459312.1056510033,9075.539907774224,0.016547611742678443,1,0,1,0
5,7,7,312.31109569255295,25408.643519944788,2591.668685431993,0.19789591874583717,7,1,0,1
15,4,0,300.0,396316.47253543424,7402.818389350595,0.001,0,0,0,0
4,17,4,337.0458457548298,46742.88411722441,1578.0984100527066,0.37905738652067444,2,1,0,1
19,2,0,363.33923865425004,131036.4545552968,6434.711588223941,0.015786978236149243,0,0,1,0
11,3,0,1878.7164394961153,271032.5544905102,4861.829339039313,0.03262727694202554,0,0,0,0
10,2,0,1550.566146585856,407361.0295245658,8323.043915038408,0.005478132414614067,2,0,0,0
13,5,0,1770.8035610796246,472551.9404564498,5948.500592500843,0.01626722674762828,3,0,0,0
3,22,10,419.90848690778466,63951.03571155294,2435.7416706870326,0.1,7,1,3,1
22,5,0,1339.5527325214687,297165.1577940405,8808.994556189202,0.028223833338108788,2,1,0,0
16,3,0,843.232293538131,519711.9449105463,6407.768143519308,0.010772803947254985,3,0,0,0
2,17,6,50.0,15765.950275382727,1361.9340346922743,0.2901229472559672,3,1,1,1
15,5,0,1478.9402978552268,249946.0491416732,5994.413854675963,0.01610931123260708,3,0,1,0
15,1,0,1569.7963274293486,343067.01193507016,5274.528463622143,0.023419615133919023,1,0,1,0
10,3,0,1316.5334573275195,203946.25664086238,6311.552911735001,0.018146766436487195,1,0,0,0
2,12,10,339.2412488128312,31229.426535785446,1208.1031131471407,0.1,11,0,1,1
12,4,0,737.9640899327924,343099.1219278388,6392.434222672361,0.022392448538001344,0,1,0,0
11,5,0,1770.7344567022606,242244.29754769884,6807.634787695749,0.023809508892120745,1,0,0,0
0,17,11,375.2929913365153,32317.306341098956,1753.588746887962,0.43163016083899086,6,1,0,1
23,15,5,217.56148953954443,53674.81700220013,275.97666010253033,0.20927735538389058,3,1,2,1
19,2,0,416.49053548176255,250964.3403475317,8986.529643775033,0.03949659752351402,0,0,0,0
18,3,0,1421.8114280087234,219780.45445968938,6377.01856886729,0.011108715001892087,2,0,0,0
5,12,11,287.8273404300921,7474.1698431059485,200.0,0.1,9,1,3,1
1,8,10,365.7641181975683,33231.065856163426,249.27015228311052,0.4894820574833814,3,1,0,1
4,8,10,326.44322668367,48888.713628846774,1019.548288154617,0.1340046962939294,5,1,2,1
13,3,0,1084.3502812861996,292719.31670798815,7494.780717186177,0.01834644186532932,1,0,0,0
18,2,0,1441.1600180992616,299218.40829094214,3000.0,0.018367998424130307,2,0,0,0
4,22,9,673.96527317967,38675.38208727031,2237.2164552416293,0.1,6,1,0,1
4,22,10,502.69280117713333,30103.421999395592,200.0,0.3312439107914157,2,1,1,1
5,12,5,460.9193052033901,4303.196961589179,1625.2371564518535,0.3938514693669052,7,1,3,1
4,20,4,113.74093103066201,37597.89019022597,621.6412902089575,0.1,6,1,3,1
0,14,2,620.020334898445,30502.700927657766,1329.0517551974465,0.2824667237438357,3,1,0,1
2,15,11,476.5690849482114,38065.73485562594,1848.263217374746,0.19856601375490424,8,1,2,1
21,4,0,619.3927526286509,193611.50883200963,4827.893271008006,0.007997506688299034,2,0,0,0
4,22,3,304.9542003211044,21931.33444497295,1623.8695297896768,0.22411934834750719,10,0,1,1
3,7,3,422.034350639408,25969.10755245,200.65543621557595,0.21073960063042785,11,0,1,1
16,1,0,1042.088697298527,334535.6860734506,6598.003072432697,0.03194863671116437,1,0,0,0
0,19,6,304.35396829745287,29172.807768975556,1373.2553869811418,0.1737297853112375,2,1,0,1
16,3,0,1619.4562836482573,335163.75673328585,6114.779029374506,0.012703744257754838,0,0,0,0
19,2,0,1408.872638365443,121161.10727956539,4623.1633561335775,0.012652541225460848,3,0,0,0
3,22,3,184.47945726354214,25672.028382674314,200.0,0.38270943752675335,9,1,0,1
0,21,5,346.31389110784903,22890.74486487222,400.48620368632055,0.3984646778014779,5,1,2,1
13,3,1,776.7858964567422,385123.337052085,6488.260081667862,0.021297914193925897,1,0,0,0
23,14,8,236.5430010299309,14174.117901987254,3000.0,0.6177923658020743,2,0,3,1
10,1,0,677.2058163456292,249371.33682139256,7468.67493653144,0.02297538938023971,1,0,0,0
13,5,0,791.9379109892453,458722.5753825556,5325.874434251939,0.004589276298742234,2,0,0,0
4,21,10,165.0767302623629,33201.82306393962,1604.2818367526286,0.1,11,1,2,1
12,5,0,1566.4961851879727,414266.74988225405,6263.880481850306,0.03468731198320901,3,0,0,0
16,1,0,807.7348351079862,356430.1351141907,4187.495317033388,0.001,0,0,0,0
23,17,7,274.879933026658,30505.875708487136,1659.7751998521223,0.23535318567506205,5,1,1,1
2,13,8,251.42331559725645,29959.282261889002,2059.8279970151166,0.21728912800329314,11,1,2,1
13,2,0,749.9923733677435,198015.15125164762,8604.551715489535,0.03743827844207724,1,0,1,0
0,12,3,203.68222893569003,39843.25681465806,448.4595809606626,0.18101507282708906,2,1,1,1
5,10,3,601.6340281649587,38133.21870740825,1341.84892239118,0.2199868768601188,6,1,3,1
11,3,0,902.3840635872593,410155.4650056551,5788.941282536151,0.016121241616704137,0,0,0,0
13,1,0,1940.64363081578,242301.47324529025,3000.0,0.025729091416932595,2,0,1,0
16,3,0,1805.5177020524172,374535.8974790268,7081.222407923905,0.045932551460833,0,0,1,0
12,4,0,780.0201688277492,232610.04515907608,5140.407124002793,0.02908610438893984,3,0,0,0
2,11,10,166.46760532316617,43092.56253079964,2301.137799938675,0.25298692110090526,9,1,3,1
1,21,2,298.8745697309573,51266.85193666766,2919.5993846861493,0.5578065230607618,2,1,3,1
21,2,1,922.5725961927885,302140.53215379745,3000.0,0.023067825358667027,2,0,0,0
3,24,5,346.37809982648076,6774.147825888853,1470.5615901402418,0.37531285083200683,6,0,3,1
12,2,0,1526.8946475991552,470397.3771732034,3000.0,0.01066221386607973,2,0,0,0
0,17,8,150.25526191545828,38764.726594717955,3000.0,0.1382791582087964,3,1,1,1
12,2,0,1753.8521832706174,364371.3729682622,6624.446909727313,0.02280915175654445,3,0,1,0
10,4,0,978.5249936303587,302758.63516235526,5455.553231538098,0.02040778665785045,3,0,0,0
2,18,9,197.75730074857952,39077.45223782482,913.1905013623617,0.1,7,1,2,1
10,1,0,1097.0442934860278,488713.8959992274,7624.686791440869,0.013824050190468343,1,1,0,0
14,1,0,389.486595453104,239285.2323372688,3000.0,0.02576688021781559,3,0,0,0
12,4,0,1056.0267314076546,300032.8723668131,6001.011803439923,0.03443800714439614,2,0,0,0
22,5,0,1014.0764879175949,170701.86477648123,3000.0,0.04344586820054368,3,0,0,0
16,4,0,1392.4686230316909,277695.5886701532,5151.486254205443,0.016922724674035876,2,0,0,0
1,18,6,359.555067531993,17657.115341957695,1033.9643382141367,0.1,11,1,3,1
1,18,2,343.9209949834278,28310.999293705172,2514.643907442118,0.11192874378143824,4,1,3,1
14,5,0,1432.1276709038202,166177.06295222288,6343.608981432008,0.009051454931552,2,1,0,0
16,4,0,1404.3613516346331,409376.56474284886,5491.224185794009,0.030751707322839848,2,0,0,0
18,2,0,1863.7677995432837,404200.69943602674,6004.935325144077,0.013510697086486723,0,0,0,0
5,19,4,101.32175217854342,54879.925746608686,681.19623668282,0.41621644628415755,10,1,1,1
5,7,9,338.2486069585383,5967.9666114057945,386.055859126993,0.6266843405093164,3,1,1,1
12,3,0,1573.8680632402138,281389.04852440365,4511.450580251863,0.021775166202437274,0,0,0,0
14,5,0,1097.3061684629727,273396.27488562535,6683.931959846557,0.013619518306568195,3,0,0,0
5,14,11,329.23569400612797,38625.9573870204,2117.418367097763,0.25193887361944084,5,1,3,1
2,21,4,50.0,30968.815194418996,1456.90953523454,0.44548617266152846,10,1,2,1
2,10,5,229.97737518561308,37676.21801935274,263.0641663810045,0.18640209931652468,7,1,1,1
3,19,10,583.6923930299558,36024.298473072806,900.0576269787549,0.2003542579889543,5,1,3,1
10,1,0,751.2476134662994,361909.88310119044,3000.0,0.001,3,0,0,0
22,1,0,1174.3668493724629,200986.11082557688,5946.394425840253,0.03035437479682824,2,0,1,0
13,3,0,841.247351426251,321221.9128376026,4315.6845812459605,0.011424551608973169,2,0,0,0
23,13,10,534.5761733753352,33377.048266005324,200.0,0.45735576892216867,7,1,0,1
20,3,0,1262.5064966477987,436865.0786899914,6928.607170965249,0.004523894031203559,1,0,1,0
0,14,7,285.2945121844254,12957.042573497001,1695.7903509554224,0.2125517612354904,5,1,2,1
23,13,5,455.04650701821447,54453.37618058313,1565.1162200169927,0.44131334698579017,6,1,3,1
18,3,0,784.1901297116096,394446.3445628622,7263.3966935094795,0.01956633900451664,3,0,0,0
21,2,0,1158.4321954084644,299406.35735311947,5817.6261142653775,0.02743551593075614,2,1,0,0
4,24,3,293.7951234204109,36390.307603436006,2728.0591737738896,0.2812633485799111,10,1,1,1
15,1,0,1739.77700225553,321356.6933292509,5318.202146023339,0.03499017649292156,0,0,0,0
1,17,3,313.4739176594361,53809.93544262643,2299.1708647477817,0.5264405703150001,11,1,2,1
20,5,0,1081.258042507212,462920.81188074057,7801.151791130573,0.018406645888460638,1,0,1,0
5,19,8,224.58491504031915,30411.77650652102,200.0,0.39106059197714615,2,1,0,1
5,13,2,538.6031115597269,38699.013266085414,1373.9149612368967,0.5050085306129053,4,0,3,1
18,4,0,976.8886080615692,197382.36920365383,7272.7586570846115,0.026722546490030943,1,0,0,0
17,2,0,1275.6712329245413,423707.79464988294,6656.125741471959,0.00178407387643131,2,0,1,0
12,1,0,1276.865694413306,357028.23044203356,5842.861305022413,0.027361005558409653,0,0,0,0
14,5,0,1068.8831984291323,206942.9292243337,5023.338441311904,0.014721949355857643,1,0,0,0
3,9,9,50.0,20139.421987338013,200.0,0.17157332117689983,2,1,0,1
2,14,3,371.22661574982527,19385.049385045226,2556.6169472617116,0.6392043742357085,5,1,1,1
17,1,0,1206.3177204229492,262585.53589920915,8573.310281095695,0.010454038243007314,2,0,0,0
23,12,10,379.99259081666054,25467.602517735864,1189.4384249193122,0.1,9,1,2,1
12,1,0,1254.2741813827668,275529.8343271427,3000.0,0.038249653724854865,2,0,0,0
19,4,0,1331.4825594500367,348081.5773189125,7328.99896909712,0.011110587002753698,2,0,0,0
23,20,3,434.58338001637276,38870.37191607622,2125.93189241427,0.13431683018152385,2,1,2,1
15,3,0,2072.627632387283,340615.88301305636,3865.423173194587,0.027709023889625446,2,0,0,0
5,21,5,101.81546423066959,51685.06959840041,2517.8771115787863,0.18488547317560625,10,1,0,1
0,23,6,341.08480004168035,44590.52682032199,1372.0831470535572,0.2389881865705044,6,1,3,1
4,24,9,169.31488781089374,1000.0,1720.3564760733755,0.1,10,1,0,1
0,16,3,580.9388836623683,19474.216964880536,620.6251308476601,0.1,8,1,0,1
15,1,0,625.5758020654669,371897.0039322104,5836.010758723354,0.012839089294033136,0,0,0,0
17,3,0,1305.8165504408269,246007.0433110734,5609.008372157108,0.028603393329406417,3,0,0,0
23,10,11,291.05409520526086,12576.761132603151,1475.376232089017,0.30538748182641584,7,1,2,1
5,9,9,283.66218445295215,15336.970780590389,1658.803838620117,0.1,4,1,2,1
10,2,0,540.8452424572623,309730.5751902931,7762.040368111304,0.015733756196221027,3,0,0,0
17,2,0,1019.7601101263872,328530.4005488315,5273.359081388768,0.02412799877494723,3,0,0,0
22,2,0,1028.795227178319,317818.9272021816,6247.358542390237,0.009755743724702233,0,0,0,0
23,20,3,263.6030964893231,25978.10672078203,419.49049495814756,0.1,3,0,0,1
12,1,0,1370.6623242369903,228383.14835266236,7064.789444720491,0.02129105740422287,3,0,1,0
1,14,3,677.8555307062155,11367.006201690478,1422.9537803524358,0.23828233431101786,11,1,2,1
5,24,5,543.3684423799156,78744.45509091925,1366.8938147944716,0.22658776656331464,11,1,3,1
12,3,0,2320.350779043756,314141.69725710026,4103.324036984997,0.015098137144367682,0,0,0,0
16,1,0,844.2033038046212,166970.76436852635,3000.0,0.014812494397047984,0,0,0,0
23,20,8,50.0,28798.325738685704,1008.7373905169097,0.3354764514522985,3,1,1,1
22,2,0,1133.1555488405293,207124.34403113398,7952.021128787513,0.014692646456671874,0,0,0,0
2,8,8,443.8026162664844,31261.472387527123,2352.6953283881976,0.29271439823899476,11,1,3,1
4,9,6,488.8082666683273,10659.70876017083,1806.340706605382,0.30253757493506644,2,0,1,1
5,7,11,466.89120601202706,37065.84539943804,1812.1680519794768,0.22082893252218017,7,1,1,1
14,4,0,1229.2335059163354,508518.6968397581,6982.442982727186,0.014211993000435921,0,0,0,0
11,2,0,1010.0261511115009,297003.057593049,5777.717349609697,0.032923201351052575,3,0,0,0
1,7,8,50.0,38274.934631520344,1249.7371794578953,0.1,9,1,2,1
22,4,0,1213.4378533307397,401559.4809751105,5811.714951585174,0.021006797407609863,0,0,0,0
3,8,7,274.3863857908125,43672.50205964636,1047.838171055328,0.2801022558192299,9,1,3,1
5,16,11,50.0,6546.229056800992,1096.1300483898158,0.1680247955033926,5,1,2,1
12,5,0,1202.285644221116,218473.4375640419,4278.23380583284,0.0020564894677377044,0,0,0,0
2,11,5,566.3342937632731,60050.93113556539,1739.8972953224518,0.26056421148189307,7,1,2,1
10,3,0,610.4964394626409,166718.1369660619,3605.5223214007374,0.032126758129210696,0,0,0,0
16,3,0,1398.8932605431446,267802.30099258205,7535.817934743227,0.011330203681534538,3,0,0,0
13,5,0,1288.497881595507,341864.2317430306,6962.548909299438,0.01251770659235582,2,0,1,0
1,20,9,722.8078607153686,25528.69866020965,2359.6186689369456,0.2925699797241603,7,1,2,1
2,21,8,416.6564808915002,46561.27562449271,799.2213630258254,0.32085756194569454,5,1,2,1
18,2,0,812.8538292459652,171958.41965834092,7436.786516694691,0.0334494687644905,2,0,0,0
2,24,6,463.7374669090716,24661.625728879622,1885.2162067535419,0.2803939510918457,4,1,2,1
23,6,6,414.3585326767971,37137.38294787236,1567.1705665077889,0.31133744040621975,2,1,2,1
10,2,0,741.4183935588485,284248.6012209915,6590.253105730582,0.026423631813711726,1,0,0,0
0,21,6,410.1020466707418,25383.524127736393,2257.6027955602394,0.1,2,1,2,1
20,4,0,1517.1613866769176,129893.57290736129,5543.061885355311,0.02060631375820472,1,0,0,0
16,1,0,1141.6190909465893,156772.25142679847,7692.098696934365,0.011068253991164848,2,0,0,0
16,3,0,1140.0146395559455,284627.3339302687,10000.0,0.03551411769920597,0,0,0,0
17,1,0,1075.5111525460884,347856.45404003817,8874.501172937777,0.026972949285228497,0,0,0,0
16,5,0,2084.561430372081,377832.55241455085,3000.0,0.016248149378546715,0,0,0,0
5,13,5,602.5804767977229,38652.3819932635,2023.1780793541345,0.5087587295284889,8,1,2,1
3,7,7,529.2689219547647,11616.465239360605,2221.0308339768408,0.24845339639490088,5,1,0,1
2,16,11,352.3176871231018,40520.3999303158,1640.317691531449,0.1,2,1,2,1
23,12,8,714.8444091595834,40382.80842552721,1468.9853220784914,0.1,4,1,0,1
1,8,10,492.60245549859974,28915.146736986033,1508.0741227527726,0.1553339373856572,5,1,1,1
4,20,11,301.142933768662,16432.274125057047,1874.9552599986143,0.42936727077462983,5,1,2,1
3,20,3,476.33105356053835,20660.787049267354,1066.4776842205197,0.1,6,0,1,1
1,10,10,468.8111736267625,21664.70480549391,2629.270602600971,0.19928975967737528,6,1,2,1
14,2,0,610.7697427741545,382616.1832009294,7648.326633698967,0.03244981112814387,1,0,0,0
19,4,0,1412.819935394335,472904.725619263,6789.417895206192,0.006178480602783478,2,0,1,0
23,13,10,398.2111551688374,39261.908403172034,1290.2463939473091,0.18582680622706504,10,1,2,1
15,2,0,1120.1581310545282,387265.39356295473,6411.0381457674275,0.026521335108484756,0,0,0,0
4,6,9,352.87288810785867,17851.324625201494,1463.1668067753856,0.4897693992024554,3,1,0,1
22,2,0,510.6382317144562,345174.2215759072,7654.92817004267,0.02225090329170826,3,0,0,0
4,15,7,455.51050746176423,31695.381788656963,1390.287772748904,0.3623487548025936,7,1,3,1
11,5,0,1352.6206303557044,290432.0504243608,4146.874796037047,0.016110718680604975,3,0,0,0
5,8,6,116.62296479136495,13510.360416188632,3000.0,0.32585036723407723,6,0,2,1
1,15,11,593.1109125927416,43880.28180230594,1481.2482105248216,0.35027498053686273,8,1,0,1
4,19,8,473.83065707534155,32214.041080454852,2273.101244075735,0.26026175163539944,10,1,1,1
10,5,0,800.5397238608772,285568.80675832357,6035.830155654256,0.015685610210164437,2,0,0,0
0,11,6,250.6035826673677,34332.101933180296,2141.8409386823505,0.22880513214546244,7,1,2,1
19,5,0,986.1889640250209,142356.08064789107,6874.6235566494415,0.020746139730316738,1,0,0,0
18,5,0,975.7339918557354,509528.85111185134,6740.7652760100655,0.019843657005441617,0,0,0,0
12,4,0,1230.631972481387,295421.68840397155,5615.094236478161,0.01618185966630945,1,0,0,0
12,5,0,1035.1584200107045,306368.94526073616,6556.519397258084,0.022241707661679114,3,0,0,0
3,23,3,403.45884409869336,42356.06939109943,1847.9577318247598,0.18739992150269694,4,1,3,1
23,14,11,124.74426717439877,10554.107812631544,1969.5858108301125,0.20726159723318124,7,0,3,1
3,20,7,410.8403179400907,62228.058985758544,1492.2962444158775,0.24336819010843735,3,0,2,1
1,6,5,385.0414262127778,51294.17712554033,1077.4865008676938,0.1,11,1,3,1
13,3,0,1234.8218547230356,393853.07351878646,7751.248439574324,0.009028049683619699,0,0,0,0
1,20,6,400.08404144154065,13332.353815360439,1191.9648951726429,0.3258175547559503,11,1,2,1
5,17,2,426.75442522936476,46885.79588463447,2838.4180264461356,0.18637851063205102,11,0,2,1
3,10,4,304.4400465046667,16682.28825415872,1793.9382910079887,0.1,11,0,2,1
10,4,0,1898.7149546407807,391303.5984646262,6651.37846182293,0.02048008488483005,3,0,0,0
14,3,0,1544.84415807585,361023.60060046636,5059.5493338291835,0.026488987989654354,3,0,0,0
20,5,0,539.4984627639922,333449.3208345343,4527.179979083807,0.035083696999094485,3,1,0,0
17,2,0,756.2925654131332,311020.6879234124,5109.61657570598,0.02099184693859559,3,0,0,0
4,6,2,482.38202538521875,28222.684016063013,2379.9479529896257,0.1,7,1,0,1
16,1,0,1033.5129520402704,350883.4894540807,7281.759274512952,0.001569903207111853,1,0,1,0
21,1,1,1247.782669362315,312855.89213693864,4638.129222101177,0.03205707472883336,3,0,1,0
17,4,0,1657.1321358224939,242911.09997807472,5184.386054905593,0.022070205093908293,0,0,0,0
4,15,9,569.0353724503752,39147.686438510646,1449.6405850689077,0.4147440658310288,10,1,1,1
0,15,4,380.93582799535085,35290.73338237272,1232.4313664008803,0.1,5,1,1,1
18,3,0,601.8935759994301,378489.9719748618,7253.686122364114,0.022784453374190064,2,0,0,0
19,3,1,1208.9606352158853,350836.50441335014,5314.73571397962,0.017677148282315435,0,0,0,0
2,6,2,50.0,37093.109440471635,635.4396441945005,0.1,9,0,1,1
16,3,0,770.7363420675058,339034.87488959514,6642.470951788846,0.03404103435205102,0,0,0,0
19,5,0,1281.4062414874193,349659.2351190301,4206.67470439376,0.019015839114051827,1,1,1,0
23,9,4,136.24124275693828,38524.773991538095,200.0,0.2247835001153985,8,1,2,1
0,7,3,302.766522459349,31636.411672243823,2121.7017165623442,0.23744775665197057,4,1,3,1
10,5,0,1626.6006636724167,278884.1019924857,7277.478558954261,0.021701834391008173,0,0,0,0
5,6,5,504.88066415837466,11974.404154926597,1757.2707991505645,0.1,9,0,1,1
16,3,0,1602.1801340312313,338456.6853942068,3000.0,0.034903300476284475,1,0,0,0
5,6,4,574.5432959000957,48609.38662318504,1656.564985633385,0.22928238958418595,5,0,1,1
5,20,10,247.93448198741282,12246.403044153314,2380.5866630401747,0.2445308308887369,3,1,0,1
4,14,7,275.5818990528812,46580.21609435961,2925.1716043347087,0.4409672210912605,11,0,2,1
23,21,3,511.4340120298384,41034.84225505855,2830.411444068231,0.18833365294412033,7,1,1,1
3,11,6,393.3101036468692,36353.64428172332,826.8658113689158,0.29889415352952275,9,0,2,1
17,2,0,987.13539460742,322734.48647115845,6261.63654651021,0.032439603680196286,2,1,0,0
3,16,11,493.8199540731168,38625.33737995854,1538.8238873626399,0.1876156767770808,9,1,3,1
23,17,6,374.4477175110118,35495.112255078006,1198.3860537345904,0.30210752591547485,5,1,1,1
11,5,0,2048.3363791796473,129312.04323926303,5216.067160645288,0.018359427917904944,2,0,1,0
3,17,9,446.7707144879273,19968.58002754405,1008.058976140275,0.11346495197539866,9,1,1,1
14,5,0,937.7829856756234,506344.553778874,6952.4133400037645,0.01711650940248226,0,0,0,0
20,5,0,991.6270558872866,296163.6693094048,6602.345885774973,0.004209691094439142,3,0,0,0
0,9,11,508.4049970520041,23060.90966499636,2127.812786762233,0.21400910844088428,11,1,2,1
21,5,0,1373.127416506129,465661.3714707257,7698.681808118098,0.02430930349350803,3,0,1,0
23,9,5,393.3223697449209,47204.6143463535,1706.259455038692,0.3533455534608602,7,1,3,1
13,3,0,1123.9691011133607,199595.91389797727,6066.083478262905,0.01127981129993923,2,0,0,0
16,5,0,1003.8806358957673,292515.9363873409,8882.371133611841,0.01835112882332244,2,1,0,0
4,16,10,591.5179495857883,27757.866710297014,393.16608901452196,0.3099308574355908,7,0,2,1
0,24,8,665.8994788839126,32564.56147434952,1546.4726942174439,0.3123005565513058,6,0,3,1
4,24,4,140.15720074846598,13672.481861417584,2960.279027872595,0.248792256996513,10,1,3,1
5,7,7,479.19738615386916,22150.166895317718,1101.2187117870783,0.1,9,0,2,1
1,9,11,295.15866866024095,36412.05974979715,1188.8520144837921,0.30926025130705936,11,0,2,1
1,13,10,368.6096330113576,13596.448145897251,307.79405192090644,0.1,9,1,1,1
4,21,9,496.3259614148065,22739.729842162254,2870.554756714287,0.12353003766713788,7,0,1,1
15,3,0,1119.8261493222553,100000.0,4744.107837112009,0.01835581185769482,3,0,0,0
12,5,0,1485.5651862635448,303906.45107340236,10000.0,0.020643340408161234,1,0,0,0
2,16,3,475.08809805272324,16465.85565706918,331.04725033809564,0.26778193940742295,9,1,2,1
21,1,0,1055.98329046702,215827.7732003411,4928.916033465806,0.043361141438503115,1,0,0,0
1,20,6,200.90607467238354,28702.47638584856,2711.13029932865,0.15990795427707175,3,1,1,1
20,2,0,1287.2371225846664,391672.48643158376,3551.138195582418,0.012670166567406271,3,0,0,0
3,11,11,750.3229093994365,39211.964714027454,1111.5191953160893,0.38680753720356786,8,1,0,1
23,19,3,428.7384300781282,14358.098163087396,2809.75007810398,0.15999971842566169,3,0,3,1
0,16,5,363.87586517808415,20604.62791970733,1646.6238306825055,0.1,3,1,3,1
3,7,6,213.52050901806683,37688.70332878606,1601.6634805882004,0.10390007887218444,9,1,0,1
3,9,6,412.8143275413142,57029.11962205233,1089.4674492841411,0.44215785272188013,7,1,2,1
2,9,9,180.16477315230088,12801.699867102878,518.8108112688443,0.1799595033741748,7,1,1,1
14,4,0,1075.4882864481856,332568.30938377266,3000.0,0.006281015800998118,1,0,1,0
14,4,0,1162.3300861082805,325973.7746657462,4868.385077529172,0.03467576819553818,3,0,0,0
3,10,10,488.0215812787967,50520.96655984094,1647.3111150628952,0.1,6,1,1,1
1,10,7,661.0377926258773,17544.550305464865,715.8537535830026,0.19495000848290012,6,1,0,1
0,18,2,350.1398707465234,25074.867798940188,2225.3734182612566,0.43969928073453457,6,1,3,1
21,2,0,915.3778023882012,249021.2153129516,5576.612820858207,0.02540949804627092,2,0,0,0
4,13,6,242.6011288774753,34936.058151512465,1619.196001095584,0.3170019368866067,10,0,3,1
17,2,0,1739.3501793352189,276906.2662550745,7120.043030679392,0.004437661106873192,0,0,0,0
17,2,0,696.9184035548562,203786.49442171323,7118.643749647356,0.029862581381923936,1,0,0,0
3,16,11,503.15622887109146,38484.09054304507,1685.8250751036455,0.3054548247003343,10,1,1,1
4,13,3,477.65507860784606,17718.253308181167,2036.6379004048747,0.10842859956147266,8,1,0,1
14,2,0,1071.3345677803534,311821.78712987574,4260.022038287209,0.0266863583518759,1,0,0,0
5,14,11,717.8631069250303,28978.482178761922,987.52251204906,0.38013875068499464,8,1,0,1
22,5,0,1109.0689650742656,383274.888858502,10000.0,0.015438650733891328,0,0,0,0
16,5,0,1339.2787412071916,383462.3182247828,3279.7447631834257,0.006159337962506102,1,0,1,0
1,14,2,437.7877246940013,36992.64609361235,2450.7258905944273,0.3660028341894598,10,1,1,1
2,18,11,175.9911398743102,39774.63305012119,1479.8746727654948,0.13568679301683828,8,1,3,1
5,6,8,371.2463795945696,18676.284479667775,1320.5272670317402,0.2716851215143344,9,0,3,1
2,20,10,837.1732593023547,40212.43446058055,2460.3222349351336,0.12824506581855694,11,1,3,1
13,5,0,700.5246058285643,290010.24207335163,6517.6557867440415,0.005812080047113833,2,0,0,0
14,3,0,991.8388039042197,225772.0314491263,8542.978129768257,0.01167983925359621,0,0,0,0
23,12,10,107.34604158023615,31486.74402356655,847.4523786925884,0.1099165353586154,3,1,1,1
5,9,5,656.8977305077892,4195.318313637959,1686.1483796062744,0.47581004971566704,4,0,2,1
5,18,7,99.46314788556776,37785.35193651374,1991.5168908749956,0.33006939801728086,10,0,3,1
18,2,0,1576.7611847044084,306980.27958367276,10000.0,0.030598283566838046,1,1,1,0
0,20,6,50.0,46760.51223075696,537.720793882876,0.3670923824093877,7,1,2,1
4,6,2,601.6039352699161,19432.12235271564,501.94096415061335,0.1490729616949079,10,1,2,1
17,5,0,1297.2186518614596,259986.23621469978,8095.448798040415,0.011628474538747671,0,0,0,0
20,1,0,1370.999728356807,333877.4823899609,4354.723564517635,0.03213540569054641,0,0,1,0
14,5,0,900.0260344886991,394890.537039672,6444.428816029287,0.03549805893420097,0,0,0,0
1,19,5,593.4988714592631,48928.55034982768,1178.851111438976,0.5066279164468095,4,1,2,1
3,20,2,439.6150946872745,37615.69277173111,854.3475826791948,0.30615233052657964,7,1,1,1
13,4,0,1924.6804835925986,401538.15223840665,6437.331245183781,0.015233263200487977,1,0,0,0
22,4,0,1038.3106838499255,330375.79491009266,8767.400774458869,0.03293973874505961,1,0,0,0
21,4,0,904.4195904392504,317727.0152508446,3808.0151311643945,0.018915226815723874,1,0,1,0
10,3,0,1173.4534712915788,306323.7657069123,7885.872815514517,0.014854195401594418,3,0,0,0
19,4,0,738.0708529094871,186229.79980705102,8042.091413585505,0.0190232906251993,1,0,0,0
23,8,2,209.06881077896156,34880.813354686965,1209.5997545155778,0.1,11,0,1,1
5,23,5,570.6923491417714,43151.44676714661,2359.497998920692,0.27677124693561345,9,1,3,1
16,3,0,1197.3845825324552,238975.1170750419,4715.804463024027,0.018757213407040913,2,0,1,0
23,13,3,626.033680291192,18216.75118869434,2515.4437785803716,0.1,10,1,2,1
2,24,9,180.55155993556596,41894.354625826396,2794.791504980849,0.29661150702018646,10,1,2,1
19,2,0,1249.9093951644625,571695.3034338842,4802.9076962167,0.001,3,0,0,0
3,22,3,228.6593550112808,33432.75910326277,310.0602608793647,0.1,7,0,1,1
10,4,0,1525.4544594568943,388904.1771734365,3925.1436897144845,0.012433397085649441,1,0,0,0
4,19,3,652.655438707471,7908.709408807044,637.9693649734384,0.1,5,1,2,1
4,6,3,490.6351488387591,9745.771515822966,2883.8829893312777,0.42158445808194256,4,1,1,1
17,1,0,523.3192709620022,310567.472528084,4093.3530865269086,0.021668255714642957,1,0,0,0
18,2,0,1462.2269593687347,100000.0,4167.3309874819315,0.027480408052698736,1,0,0,0
21,5,0,1274.61672848105,275776.0654320932,4721.360340414936,0.001,3,0,1,0
14,4,0,1276.7089734576552,418001.93126959726,9783.911423605274,0.01423594350997454,0,0,0,0
1,20,11,757.1952788566036,44410.312364288075,908.2293290797734,0.2664157079569768,9,1,2,1
16,2,0,1350.9457464540988,392775.6254847529,5602.520889128417,0.010601547387958177,1,0,0,0
4,16,4,191.5627886112005,55087.80147833442,1886.3296149654827,0.3799224433729861,4,1,3,1
14,4,0,1671.4959104021002,254721.5048363013,6085.7711984488,0.04526082952921034,0,0,0,0
21,3,0,367.92481094325126,162402.48146842024,3721.304051663017,0.008018300389862556,0,0,1,0
23,8,3,71.20306761072749,55641.59501761415,839.1577396644344,0.17166934269438006,7,1,0,1
18,2,0,968.2909530846233,376766.94887643674,4602.77349237727,0.007308008872622037,0,0,0,0
1,17,3,603.83182246152,19264.820855305465,1320.6130625731748,0.2633183383541957,5,1,1,1
1,13,5,234.15814307800633,46513.24375963547,757.0025114837028,0.2864389076035707,4,0,3,1
15,3,0,1180.9167373296414,192134.8007548916,7582.101110880728,0.014251507549269776,1,0,0,0
0,22,8,578.6137033735863,40276.97883495772,725.8093627012094,0.1,9,1,0,1
11,3,0,1439.2407119044622,262180.6314892709,5996.166091740061,0.028285327771235158,3,0,0,0
5,21,11,656.5488497403621,19565.93446759383,633.9432905209305,0.3611917339445635,7,1,2,1
1,15,4,161.46197854252594,43074.77261555499,2436.5126643812737,0.262259292645783,3,1,0,1
0,22,11,300.56178511443136,38705.66205138312,2247.123598692104,0.1,4,1,1,1
2,18,8,254.31654982762515,43900.88827438791,2224.3330231597843,0.40265261229577776,4,1,1,1
2,22,11,362.1296000454308,47827.02325399102,997.0400246224594,0.21730220305307216,6,0,3,1
19,3,0,1035.897585631565,352571.9805887057,6267.186487130514,0.04085670953024382,0,0,1,0
4,18,3,654.82766718996,22079.114573321556,270.1785799750162,0.20376741664669684,8,0,2,1
5,19,10,657.9182543474315,12541.13947844947,2808.13544513554,0.4398655343785548,8,1,1,1
5,16,4,490.5883661134296,29229.42627717399,736.1943916912056,0.21808139462210807,4,1,1,1
4,9,8,697.8225200739158,33832.34932659354,458.4357320146314,0.3140363355367754,4,1,3,1
5,16,5,50.0,15976.319224852756,1555.2681083878572,0.28680385167757977,9,0,3,1
11,4,0,843.7598404591458,148801.47094317593,5402.04578984805,0.022199211148959123,2,0,0,0
23,12,9,341.0292206627612,54217.215112064936,1520.5213242072389,0.43358685284229603,4,1,1,1
13,5,0,1454.8872365421282,315631.2697815934,7914.714910223554,0.026412389776840448,1,0,0,0
13,2,0,1540.945253920143,246390.56575818008,4677.989208208786,0.027177750263365556,1,0,0,0
18,5,0,1572.6920203883396,224075.73180734762,5264.585831926863,0.016803604494912364,1,0,0,0
20,1,0,1604.4252351571606,431907.6191368275,5643.368638198241,0.0404525862507221,0,0,0,0
2,11,9,261.0051031828734,38894.568741159004,658.0285223084045,0.2108580717421923,11,1,3,1
17,2,0,1030.4209351700842,326618.4331137471,6172.979634811875,0.0010681359778729645,0,0,0,0
22,1,0,1871.6099194015314,351973.92453656916,8514.256616521949,0.031779964949594806,2,0,1,0
23,13,3,587.5761363487762,28373.82528871305,1438.0117458491682,0.30526288865278717,7,1,0,1
22,2,0,1379.5904577686704,355472.3302650921,6417.28403559628,0.028918181780704724,2,0,0,0
1,19,4,298.5062912379717,48565.29684602558,1901.2840800021477,0.11055811332672244,4,1,2,1
17,2,0,1147.2253140424984,269274.9511532619,8425.214106582978,0.011947978991707551,2,0,0,0
15,2,0,1249.5831730023585,290517.30109530006,4499.026849926875,0.008817438553503977,0,0,0,0
10,3,1,1498.5175439553814,304385.50976997416,7118.854509131165,0.02175893751958647,3,0,0,0
15,3,0,753.3829426609849,316013.1152760603,6874.089990257623,0.024135048589168352,2,0,0,0
16,2,0,847.8370789654398,217602.4841589217,7164.094161154831,0.039083368170461624,0,0,0,0
11,1,0,1413.6457873189079,212083.60545634932,7420.557078352154,0.020086946204007933,2,0,0,0
2,23,9,583.5443253426165,27566.474585916952,1595.5612346400221,0.2087469585940166,2,1,1,1
4,19,4,605.7539326478314,20716.11761556905,848.1815874296084,0.14541332706757576,6,1,1,1
5,6,11,635.7032226819714,5275.618762744303,200.0,0.1398847409610682,6,1,1,1
4,14,6,464.51302848489615,4697.8637116553655,341.07990971707613,0.3622386548611479,8,1,0,1
3,9,6,59.40059230077816,12895.503059140097,436.42636732798405,0.20319163586479794,5,1,1,1
4,15,3,616.063514587919,1000.0,200.0,0.3792887344378724,5,1,0,1
3,11,4,586.388289996603,32467.298960651988,1670.3461835761977,0.34164186935720575,11,1,2,1
1,16,10,527.1813774154755,15998.90090015721,200.0,0.21107620756184586,6,1,2,1
4,15,10,309.02815688227815,41297.32299799177,200.0,0.5120708297444783,11,1,2,1
23,20,4,341.60688612695805,30189.399717796143,1726.906158578218,0.3941212047515082,3,1,0,1
21,4,0,1669.2916365173992,431543.8461857181,6472.933351862087,0.012705688966001775,0,0,0,0
0,16,9,578.7229757052291,17170.29290850187,1426.4755096201818,0.5663867621476883,5,1,3,1
22,5,0,1958.129563580868,439853.22446780687,3000.0,0.03786790485439672,0,0,1,0
4,21,10,444.23277269433316,31008.593223439977,1014.9433989196136,0.5270548301839948,10,1,3,1
3,14,6,50.0,46991.883546658966,429.77040530843897,0.2536382291152502,7,1,1,1
19,4,1,1277.6528608022575,297470.6806890994,7558.379442821812,0.02073092034963881,2,0,0,0
3,23,6,556.811332520102,43578.422700838026,2573.3909139276147,0.1,9,1,2,1
13,1,0,1058.6203885000523,263005.58214362775,5884.376794566811,0.038413130277173524,1,0,0,0
19,4,0,1109.3254285195321,522453.4338771211,5456.8915744589585,0.036943538935456016,1,0,0,0
23,21,9,50.0,48575.9687764774,1848.6901005569148,0.1952140635688227,2,1,1,1
3,18,3,260.13676499346934,30812.44876074497,200.0,0.2907437637322347,10,1,3,1
4,23,3,353.7193436392008,37430.87984961251,2636.9196018315097,0.3843113107866546,2,1,1,1
10,3,0,979.6038436624863,398113.9153571684,6913.331945379912,0.030676107201020777,2,0,0,0
19,4,0,1206.2273099250413,440542.8681535929,7259.072952380394,0.03765084667684981,0,0,0,0
5,16,6,122.12446587674657,22640.505132054852,1756.9930206140673,0.18716170738888227,4,0,3,1
12,5,0,1385.0076958368313,395298.149502279,7469.997997532902,0.022081067459051102,2,0,0,0
4,22,9,212.00658302626377,39509.785683831484,1923.1646751296935,0.1,10,1,1,1
5,20,8,462.78410543860696,37039.85470851028,1445.6964060574314,0.17733877013086602,11,1,1,1
1,23,10,206.42492956817492,54562.262837388495,1011.9673050697975,0.28298613076156226,2,1,1,1
19,1,0,820.1445019636973,233712.93903709317,4410.448661662923,0.02310415935217892,0,0,0,0
2,13,4,352.37071428742985,59680.77210516462,3000.0,0.488139317726197,2,0,2,1
0,11,8,50.0,21085.795178102468,1528.7465697363011,0.23955672752661583,7,1,3,1
4,11,2,347.71283595445743,20575.56661195989,251.6497251222229,0.5860684144241177,4,1,2,1
17,4,0,1547.2917013998297,171685.09545833094,9858.655972644596,0.001,0,0,0,0
16,3,0,1280.1800156515385,153932.96174820093,6537.5988517495,0.02141232762470866,2,0,0,0
3,18,5,604.5825430127777,2559.7795175345345,1001.9723076835503,0.19037331963562498,9,1,2,1
23,18,3,408.33379154242766,30207.108185435307,1652.6862476885901,0.1,10,1,0,1
0,15,10,1000.0,36935.70651794057,1444.6770036522835,0.2847143214213077,3,1,3,1
23,12,2,64.6444628569314,21545.779303855357,1590.7375961320038,0.6090006297495172,10,1,3,1
5,18,11,598.2675058071948,31930.351750561367,330.31362119790833,0.42067225491911814,2,1,1,1
2,15,5,452.2152066135451,38475.85165845984,1724.4486732670157,0.2421127277808315,6,1,0,1
0,16,6,686.8800023431314,55940.91628962238,3000.0,0.5188678794646593,9,1,2,1
18,5,1,1504.468405229466,252517.6215789526,7484.310348556344,0.022932440469789688,0,0,0,0
2,8,11,213.12010604006892,2682.80449000945,2044.7737455250235,0.1602511991993955,9,1,1,1
0,24,9,118.17229668530376,35482.37325793891,2217.4870395026815,0.27745675833703365,6,1,3,1
2,16,3,586.5147034607928,23701.82631973443,1352.660452802762,0.1,11,1,1,1
2,17,10,611.1201997595816,23780.69991332801,1964.1009751974414,0.4383907859766174,7,1,1,1
1,18,10,726.7262104080643,31631.738752880545,1106.237890360212,0.16298896571428423,6,1,0,1
1,18,6,668.2622664610336,30772.012325312433,1875.931532792398,0.1,9,1,1,1
2,14,9,357.5775552518492,29372.524157790172,1044.275586132027,0.24739482456049872,10,1,0,1
5,14,2,580.5901523143998,55173.09124098988,1285.9352104963339,0.42841038214950555,2,1,0,1
2,24,2,462.9138258403404,35787.03668892943,1677.4855939169856,0.20413898935916464,8,1,3,1
0,15,10,249.004716772691,30166.14408666039,739.1782114820468,0.15741324669151197,2,0,3,1
14,3,0,1603.1052302606254,332237.737229452,3896.8654257029857,0.0041376100498383694,3,0,0,0
15,2,0,687.6090262245893,239428.30833514052,4856.276768813591,0.013675385925745407,2,0,0,0
2,18,8,276.5520030557965,35639.66512852756,200.0,0.2361860245440406,2,1,1,1
2,10,6,271.8984825654723,54604.52869875159,855.0077141986843,0.2041075856395045,10,1,1,1
4,17,4,490.2944310154624,27824.669547504844,1060.0189170969975,0.27443692827434585,9,1,0,1
10,5,0,680.7966055633369,331133.4182250714,4118.590955438443,0.03668934256131756,0,0,0,0
11,1,0,627.9593631001086,353571.874834145,10000.0,0.032634336342196514,1,0,0,0
12,3,0,1324.2556398259155,207780.5036885723,10000.0,0.028250978262240763,1,0,0,0
20,2,0,1222.606221793476,444364.1475179593,8256.377989219622,0.003927291043936961,2,0,0,0
1,9,7,236.43935739816345,2900.377644850283,894.0120502818825,0.32588996490406574,3,0,2,1
11,2,0,1416.3110075835918,133840.9761658324,6041.763459042932,0.00526241992181024,3,0,0,0
16,5,0,1251.0272932215648,141347.23563423567,7556.193930296379,0.022867047128859803,3,0,0,0
17,4,0,961.4956461820186,329334.3090045574,6901.091891387804,0.0338094499257881,1,0,0,0
13,5,0,1082.5910144474353,278243.6313744129,3518.1570303656954,0.016432370606514986,0,1,0,0
3,22,6,483.47092203732,45408.86933613927,2013.0297429170964,0.21423869897779205,5,1,3,1
4,24,10,189.17409171299542,39506.01996493608,1633.4120531491226,0.2975989236158043,9,1,0,1
4,15,10,514.6427820374056,29015.023736528616,2156.0787523819163,0.38603018099427394,10,1,1,1
14,2,0,623.6308928472613,174536.55150161294,4914.6060251912495,0.014834324173112638,1,0,0,0
3,18,7,656.343285667725,44041.43454578495,200.0,0.1708264454150516,11,0,2,1
23,13,7,284.49836019852864,40588.87442809045,1989.0802635712575,0.314936438179235,5,1,2,1
18,1,0,924.9261516946846,136775.64106046315,4144.1926684818645,0.02520090985000707,2,0,0,0
5,24,10,564.2757559170868,20889.030635949817,2810.575829443951,0.5152064538717915,4,1,2,1
2,12,10,444.14935804916166,42869.20149964024,1868.387902621078,0.25847060981930153,11,1,1,1
12,4,0,1218.8137456034015,207466.3628561473,7454.358631607116,0.006864966067302431,3,0,0,0
10,4,1,1001.0503401398846,214854.84201497945,5524.7982351927485,0.020826445398656693,2,0,0,0
14,2,0,912.9350896111514,197789.8706035862,3368.710464359034,0.009638630806240072,3,0,1,0
12,1,0,1423.3938083116932,317196.28228584345,6369.353458467427,0.007504766987327443,2,0,0,0
1,12,11,436.61541082595625,33087.63958092556,3000.0,0.16368942379519702,10,1,2,1
5,23,6,639.0724146394036,29278.010981347797,884.7541246207415,0.20530303734531538,10,1,1,1
21,2,0,1003.6694080343804,440338.0532743655,8756.469520006063,0.021907719305925333,0,0,1,0
2,22,5,608.9148092835172,56521.59202023731,2326.975459016513,0.33376563111324736,2,1,0,1
20,4,0,1395.345904085799,328398.78197125456,6253.462971275801,0.001,2,0,0,0
3,10,9,535.3296431292488,43285.092614459965,3000.0,0.24281756969931476,2,1,3,1
16,5,0,835.5281659425605,368346.527818342,8615.61865871611,0.021478786088901868,0,0,0,0
5,19,7,272.93445939848004,1000.0,1831.074135634842,0.31145363200690757,6,1,2,1
12,3,1,1546.3446233335148,180890.68378004053,4190.012013011734,0.02020528901765271,3,0,0,0
2,16,9,738.0632236381056,52192.13588609813,448.4789458150028,0.3681869259334887,9,1,1,1
23,9,10,544.9478828249205,60920.94787526872,831.7497130783702,0.2586064321469218,10,0,2,1
2,16,10,534.58853124924,31683.556680355505,200.0,0.4447349952658213,6,1,0,1
1,17,4,339.4548306835461,1000.0,1836.6903176295014,0.3138686760258386,7,1,1,1
11,3,0,1436.6870907127948,308175.2746464489,9365.849729119742,0.018985861263585438,3,0,0,0
13,2,0,978.5898526585778,236117.93651776854,4607.3321106080575,0.031097284754345363,0,0,0,0
11,1,0,1130.9794969940529,127698.37808674847,3000.0,0.011011485350055188,1,0,0,0
23,14,8,452.46055058229535,34376.17248380201,1776.4537639398604,0.4585715170632057,2,1,1,1
0,13,2,542.072169114241,60113.466873475525,895.3783169308632,0.23550646751855542,11,1,0,1
23,16,11,426.26802101837825,55419.796556145055,1451.2902610783472,0.27467341185419536,3,1,3,1
19,2,0,693.9924286746145,433555.6178297906,6034.573527532429,0.02496701255201148,3,0,0,0
4,24,5,157.79491187679744,13090.75563923009,1917.5194367704821,0.3885402143543161,11,1,0,1
15,2,0,837.3970858008759,224147.1301285407,5055.311267093843,0.028090311901536907,3,0,1,0
17,2,0,968.0256337138037,413745.39079237974,8005.2770645924165,0.008732910416515265,2,0,0,0
21,3,0,836.5536448127611,379107.54438725504,8183.752012494997,0.027454097586955772,2,0,0,0
15,2,0,2226.336663697759,468158.8375924964,8963.88575838426,0.01189613759826667,3,0,0,0
3,12,3,50.0,23314.846070816908,2027.147665646739,0.1,3,1,2,1
20,2,0,691.6924844681838,348513.89993319724,5346.733196124823,0.03095436282679029,3,0,1,0
13,5,0,1716.0722555114412,283032.01715317456,5497.126495053012,0.02485951670957971,1,0,0,0
17,2,0,1076.5844114843844,516977.07487506646,4562.222027577041,0.013609479476895753,2,0,0,0
0,21,4,294.9852739980435,32284.363771255456,408.0116326469681,0.24139055326845224,6,0,1,1
17,4,0,1028.7922977165192,110452.74233730405,5221.068149204596,0.030289719099688264,1,0,0,0
21,3,0,685.9648120533896,257975.40741287635,3000.0,0.03338065926979028,3,1,0,0
19,1,0,1415.5108507675798,321216.3946290012,3000.0,0.013756478507400586,3,0,0,0
4,14,10,157.1576192098511,45119.28468572133,2464.937633897034,0.2659487747078634,8,1,2,1
2,12,4,387.52347811671603,29863.528474921382,1361.270886697256,0.6045229279347301,2,1,2,1
18,5,1,1496.2089155889735,403856.0558113534,5104.049064460832,0.0059515687940901,1,0,0,0
23,9,10,401.89318022886704,29831.985963017432,1839.3505240777993,0.36594447511256095,9,1,2,1
12,4,0,1081.7249130169857,200025.69483547925,10000.0,0.002975964601900468,1,0,1,0
18,1,0,1181.0918483082278,342261.1573314126,4258.722545962779,0.02384833002868354,1,0,1,0
4,13,7,570.0725258263653,42973.29511212271,235.82042880132394,0.13774603480654313,5,1,2,1
23,24,6,393.7289297876881,23326.29195936471,1479.1762867522486,0.22603501699047415,6,0,0,1
15,5,0,1181.8633306159747,136347.68236002343,7863.421500820885,0.028875039953976646,3,1,0,0
5,23,9,350.96753012220535,41120.84283380594,1151.4940193715659,0.42606418122794576,11,1,2,1
5,13,11,351.7584763713642,37967.96653678597,2445.844645981122,0.2746555195768263,10,1,2,1
5,19,2,413.0117279339023,27629.804094294243,2593.445018149434,0.17640208443489264,6,1,2,1
0,11,7,492.23997767261596,22235.536827278895,2816.440602317637,0.3074026072746588,2,1,1,1
14,3,0,1215.0704818834351,233556.88049656677,6402.370738794881,0.033354518817955245,1,0,1,0
2,13,10,195.3949523448602,35038.89517717583,1111.5573035695434,0.1,10,1,0,1
5,17,8,422.60466921540075,26078.15921657904,2542.9373635081856,0.16212330745813142,11,1,1,1
18,3,0,1596.39847188998,386513.2091159983,7481.296317604868,0.01863934780066101,0,0,1,0
2,14,3,240.4288231715288,33630.7690257838,330.78525226940997,0.15475482576319194,9,1,0,1
20,2,0,1437.7641415829007,288415.37276517466,5718.236754986608,0.01995834584174377,0,0,1,0
5,6,5,414.29487762293115,54787.106891313786,1756.5941294684474,0.41513039382538297,6,1,0,1
2,19,7,229.4385158980276,14806.331825976322,995.3222372629721,0.25285947931191616,9,1,3,1
18,5,0,1286.1645610920496,272523.70239090035,7252.772066200585,0.010225523333649808,2,0,0,0
23,11,9,296.9462763076647,19647.70573690949,1544.076042883838,0.32423809606010967,5,1,1,1
23,6,7,536.3310803323207,1000.0,1511.5195630034802,0.4220909384577223,10,1,1,1
4,8,10,438.76364993166516,44360.78906052867,200.0,0.1,3,1,1,1
4,19,2,220.8313807761635,47529.887028026365,2214.552767942984,0.1,6,0,0,1
3,24,3,302.2007694253466,35434.012379634165,1463.1035224308216,0.24898164767383488,9,0,0,1
10,5,0,1101.1393370352832,246810.52571367146,4606.371519152664,0.02636571077670178,1,0,1,0
20,3,0,912.0852102603112,361681.30787385954,6870.746934535956,0.02574240498382413,3,0,0,0
22,1,0,1193.8538209413034,252245.52076649712,6705.653195588202,0.012933983332788324,3,1,0,0
17,5,0,1476.985736545731,241876.08029738558,5790.4809020881,0.023549782036937507,2,1,0,0
0,24,5,576.4149543306585,56843.19083379085,2103.6407086012805,0.36016816459108003,8,1,2,1
20,5,0,1741.3419690352812,268128.3891207956,6962.33281659724,0.04203852097112204,3,0,0,0
22,5,0,844.8483257855291,412041.6231681253,3000.0,0.013487418153001755,0,0,0,0
3,21,6,388.7045077321713,31333.88022257418,1401.6850675713408,0.3585934735950249,11,1,2,1
1,12,3,512.3174782165886,30603.45822304793,1999.2896619030034,0.3009612175213462,4,0,0,1
0,17,8,503.31444043170006,7993.007231349959,874.2040944846336,0.3194868570470407,2,0,1,1
16,5,0,1216.3937312940998,288618.9447680609,4903.073872181083,0.030453672883098616,0,0,0,0
10,3,0,1900.6697815111575,378408.9632412474,4936.216129325187,0.022499602343816,3,0,0,0
18,5,0,1227.2530222797398,337445.880719912,3295.757358847289,0.023991186820646895,0,0,0,0
1,13,8,219.54733222825814,25919.569578561277,1696.3205244016578,0.1512901956818098,5,1,1,1
2,22,5,257.1104713583113,38061.10722265402,1890.5767378081264,0.21082084074853646,10,0,1,1
2,17,2,397.7663564461229,6281.745889738926,919.8010875987119,0.29615302136263844,9,0,1,1
2,23,8,480.5952927087951,20213.219081755935,351.83416301967895,0.3010618342964234,7,1,2,1
3,17,6,572.2124243230112,22672.360574994585,380.7587648234903,0.4322528609406052,5,1,3,1
21,5,0,1295.1523080798593,279950.62346435233,8131.986871931393,0.021570248172347893,2,0,0,0
5,8,7,309.26460439991064,8190.806946415818,1232.3712602515711,0.25127099112567297,2,1,1,1
21,1,0,1410.584725364747,254389.84842835544,4789.6294449390625,0.03597995305173882,0,0,0,0
4,12,8,249.21050093357377,33183.59064675275,2751.7274292815055,0.43209289075640966,2,1,2,1
20,5,1,988.2617905322676,223574.65950742696,3000.0,0.008426717309338442,2,0,0,0
0,10,3,50.0,19287.28774959621,769.9991543546691,0.252751294338222,7,1,3,1
15,4,0,1736.6881154880462,168239.8561512572,8066.35428273796,0.023814487009637026,2,0,0,0
5,7,4,255.46636868192948,5983.217580618635,885.3963660840045,0.3972002273935383,8,0,1,1
13,5,0,923.9842856029529,120984.76338033157,6615.7055488473325,0.02301148634046952,2,0,0,0
14,4,0,1756.397922081749,318977.7613926385,3863.731535991611,0.018015970136154608,3,0,0,0
23,8,6,298.57150589897543,19227.365586857988,3000.0,0.2421417850127855,10,1,2,1
0,13,3,568.7282979465415,37657.9771437262,1760.2328892960588,0.1,5,1,3,1
23,23,5,647.553713921188,47460.891159050065,2259.970541850763,0.47326799388586227,10,0,2,1
13,5,0,1323.2885246335923,422311.29450683034,5207.988130663358,0.015167695500466122,0,0,0,0
1,24,8,471.223374742766,11976.906974858506,3000.0,0.29628230064067124,5,1,0,1
2,23,6,410.4885938253302,29443.878384283173,1791.6854672155541,0.1742761355268289,4,1,2,1
23,18,8,394.245744364964,48992.09940803604,684.5284187220421,0.1,7,1,3,1
10,4,0,1019.0916643225773,339576.180425807,3866.7093098180576,0.008662231434741834,0,1,0,0
19,3,0,1452.6540839282675,285404.7002170966,5069.95222979484,0.004320801854768207,3,0,1,0
23,24,2,536.1938125008488,38590.545806315225,200.0,0.351907088188348,10,1,3,1
13,1,0,1004.0040204474873,244489.87253808315,3203.9954095253593,0.018044985240675066,1,0,0,0
1,19,3,307.91125797227824,42499.91682045725,1049.9112926144485,0.3532342211706292,2,1,2,1
0,14,7,67.40780880096457,27065.732135965776,847.6873071133317,0.2785636476321763,9,1,0,1
10,4,0,1181.5825062513163,252746.60147179753,3000.0,0.024542549935872137,0,0,1,0
11,1,0,1408.2418872644016,436796.94020252005,4307.916560541192,0.03186816023422051,1,0,0,0
4,21,11,155.1996729391798,45723.831727386736,2366.842727681046,0.23639369676078387,11,0,1,1
4,18,4,616.0995083870528,30424.17435019766,2121.7589139473494,0.1,4,1,0,1
3,21,9,424.8752626333553,35745.39452963577,915.3276187988253,0.37132538385725467,9,1,2,1
0,16,8,672.1165605465612,40983.297246848364,1450.2693713101992,0.15793655019526842,4,1,3,1
15,1,0,1566.5076795719483,138692.18463241894,6684.180492541969,0.015245755402119938,3,0,0,0
5,12,3,368.3895262944574,45986.39777859692,2639.0224389668656,0.3452646973832297,3,1,2,1
4,6,4,402.5903779810637,17094.920518353894,2105.2994842131893,0.1705689099123684,7,1,0,1
19,4,1,1467.8737957266019,338428.86806658265,8650.19211220964,0.009697320428181389,3,0,0,0
16,5,0,1446.962836747198,150474.54819967985,3183.7433642988954,0.02225137542575416,0,0,1,0
10,1,0,697.3587183010982,380436.85299379367,4039.424898524263,0.02406401642036618,3,0,0,0
13,1,0,1521.0522805294468,252089.29038030875,3000.0,0.02864148665896217,1,0,0,0
12,3,0,455.3825887353411,300625.65409707377,7920.493564930826,0.02587153766832767,2,0,0,0
13,5,0,889.8694471552345,102598.8044954018,6233.397126451607,0.027301878551878014,2,0,0,0
16,3,0,1654.6598825502183,297952.67980307096,8357.057072017415,0.00982784825876059,1,0,0,0
4,19,2,66.39243404582152,12965.844346640657,627.0092653387618,0.3425385705062073,2,0,1,1
4,6,10,204.0904516699583,33644.12487536156,1580.0582531310888,0.18069353350745015,7,1,0,1
4,16,4,303.1779389650296,53481.88460807034,1177.1422172488994,0.5711405291947251,5,1,2,1
17,2,0,1241.1225537837704,181161.81278439474,7524.56184856816,0.011003686428913034,2,0,1,0
4,20,5,444.2009219615983,50899.096845495806,1189.5643523711738,0.18499310808372926,4,1,1,1
22,1,0,1393.1826935136319,270949.4839461229,5462.605153934348,0.00922711323734871,3,0,0,0
0,21,4,525.7939173930693,14533.499309974324,1284.5273106907723,0.3235691909345849,8,1,1,1
23,11,3,648.0978021584311,70212.9988374195,735.1981657522173,0.1,11,0,1,1
23,11,3,109.43329042188543,46899.474259087685,504.4541676296552,0.10217414129626495,2,0,2,1
13,5,0,1474.0497353661224,353045.87899390387,7301.673673771766,0.017227124152463476,2,0,0,0
12,2,0,752.1766502113785,293771.81760943506,9329.49146544541,0.029516400623246154,0,0,0,0
15,3,0,1134.9422840891425,349018.9274139815,4940.353968948388,0.0016842640360826625,2,0,0,0
15,4,0,1892.99400307825,323997.1590552678,5507.363840793464,0.025008115879431272,0,0,1,0
4,18,4,375.47003793224906,40159.81572743772,1178.3493185302088,0.48043447606512024,2,0,2,1
2,12,6,395.61985508825575,41616.38775516598,1691.2431571088725,0.1707697825297867,9,1,2,1
5,17,5,462.0989184430881,53710.78123968208,1650.4148686911362,0.34365889972188474,11,1,0,1
17,1,0,885.5886902387065,419597.6223360981,5949.887200175313,0.01502758917137346,1,0,1,0
16,2,0,1699.76057192434,347191.04151741427,4638.216853560232,0.016318923349392986,3,0,1,0
3,19,10,411.4890279062378,35464.62109463112,1739.3991704896316,0.16872391024112432,7,1,1,1
10,4,0,1125.076655356784,218873.1266519004,4523.7118623218485,0.0013406377474401848,2,0,0,0
2,23,8,610.8141256804628,23145.935992574206,2266.641271662639,0.18888962118896832,4,1,2,1
1,14,8,293.4412966953411,49801.60017089278,784.060307921565,0.36309559741526765,8,1,3,1
1,24,7,357.00678499261454,46462.41130320272,1292.5019341329526,0.5555262282909905,9,1,0,1
1,16,10,218.04655251648353,22217.873525668758,1596.9573484847513,0.2925075444388531,11,1,1,1
14,1,0,676.8800372987695,124087.78048859799,7791.402599702466,0.01657358298083924,1,0,0,0
23,11,9,370.78246983252643,23389.202413532435,265.5156380464666,0.24497788425831082,6,1,2,1
5,12,8,222.2643953279855,32560.49797169312,1905.0011685246773,0.14187304250677607,10,0,2,1
4,16,10,622.4441201940772,20237.337986573948,1906.2701784093683,0.15262156613916664,2,1,3,1
1,15,3,236.56428189524382,9566.72826435493,1948.1593571718795,0.2644778532364108,5,1,2,1
4,19,5,610.7122572555407,26299.679423458558,1166.0300590330016,0.24630944231182889,3,0,2,1
17,4,0,1165.698820951813,361048.5301510712,8484.637735209537,0.006756217808995095,2,0,0,0
1,8,9,479.9229472732784,40559.194745678986,2503.3236952839966,0.4708843245451899,4,1,0,1
18,2,0,1316.4876487048864,433013.33079378435,5850.134760753581,0.010147864626042639,2,0,0,0
5,24,6,298.7820688548823,12058.666194123598,1091.960624413912,0.372026628391871,2,1,2,1
18,4,0,1371.5284024048592,286670.24330060714,8412.985236942499,0.03379394121245136,1,0,1,0
3,23,2,438.94282669192893,38256.4352778416,1413.3612428505512,0.18718913989004224,3,1,1,1
16,3,0,1049.5987371748104,447553.895416861,6722.79794253185,0.028461115566972242,1,0,1,0
16,1,0,1780.0877495334835,260987.93105786067,3000.0,0.020309755265690295,3,1,0,0
5,19,4,237.7863988972576,33919.023802521864,1790.4967976147839,0.1,6,1,2,1
0,8,3,551.6832155290547,18056.18263789151,200.0,0.29614090608357596,7,1,3,1
23,21,2,833.6816731013639,17576.051312026917,2281.008878729804,0.122822482704393,4,0,2,1
3,7,2,375.5668863480954,8821.382236953406,2990.5318451218054,0.35942217807208887,4,1,1,1
2,11,5,549.0499170065482,50425.13901439453,2137.98614574194,0.21133431198691813,3,1,1,1
1,17,5,322.71873431172816,17862.07746911778,1640.715554354894,0.3136245358451229,6,1,3,1
23,24,11,172.12303793395444,7340.386806871411,1503.3110565673885,0.28475394124944803,9,1,3,1
12,2,0,572.1307499886107,184642.90028981905,4244.545329354196,0.0099158610994233,3,0,0,0
0,16,9,670.3240524106577,1000.0,869.7655814513345,0.1,2,0,1,1
11,3,0,1662.211910542983,352028.2061800693,5730.847864219902,0.04054307116003032,3,0,0,0
14,2,0,361.28020766881104,439047.9477204648,6421.35482158426,0.017579431612891265,0,0,0,0
3,19,8,548.7189182205342,40490.24030982078,1353.221080281051,0.27816934225138135,3,1,0,1
0,22,2,468.4317757715161,32054.78687251107,941.8005988188869,0.3677250149510829,4,1,3,1
1,14,11,310.42656736719624,11904.00274585349,2037.3960547532251,0.1,4,0,1,1
3,17,8,259.19545974403445,18697.85413061968,2444.5038074760046,0.48255903514517506,5,1,3,1
21,3,0,2152.3965957357364,436980.4545192592,7433.094305468925,0.005062820004627735,3,0,1,0
11,3,0,1296.69632341303,263462.2564143343,5955.522892329812,0.029887759285215094,3,0,0,0
3,10,7,662.1532581685399,17695.46315430987,1654.701348069059,0.1669737447514757,9,0,3,1
4,7,5,621.0064122124817,29491.564293574796,588.6920576655237,0.3207928506870059,2,1,2,1
0,10,6,489.54252557211095,23990.66440757764,1411.6001246794656,0.5032260421193675,9,1,3,1
23,23,4,50.0,17328.595553684616,1838.4170567328526,0.16791619446570083,9,1,3,1
15,3,0,1573.5968892615144,341670.7819640971,6204.3172618994995,0.009344256898139152,1,0,0,0
23,14,6,376.23987326123375,57261.523733139096,2916.2825680545716,0.12314486826898102,4,1,2,1
20,2,0,1279.376611412342,203732.4305910513,4116.750394306008,0.029310865203268435,3,0,0,0
11,2,0,1081.4201941607769,291386.7425494336,8395.571875894484,0.0019415311155636036,2,1,0,0
20,3,0,1039.864912690909,157396.06706829424,9530.321802478755,0.016833970116787573,3,0,1,0
16,2,0,1062.6418101102822,204748.09387237573,3000.0,0.01735321169301666,3,0,0,0
3,12,6,326.447178253405,8392.710556369919,1693.1275493508826,0.353543558980212,7,0,2,1
5,9,4,602.3326587788946,35540.4056864997,2016.3852750677652,0.403364013750463,8,1,3,1
19,4,0,1542.2941007904763,330638.28007424594,5457.899660928246,0.019348746430897578,0,0,0,0
4,15,11,880.1991350636665,13480.602880199625,3000.0,0.21472286573545746,4,1,1,1
2,8,5,534.1793816283576,38680.970120113685,2972.8663945390263,0.32820115993813215,4,0,2,1
5,14,9,450.87874370661825,9038.145487937498,1193.8983665239016,0.18174163884862607,8,1,1,1
12,3,0,1637.3253514673274,310975.340127557,6273.7392358835705,0.001,2,1,0,0
23,22,10,212.66684583091077,24848.714780848895,2193.3311230007735,0.35140147696043694,6,1,1,1
22,1,0,1293.6245243577252,192306.07473348652,5219.785032380638,0.02772320381773479,1,0,0,0
3,18,2,560.1587956963431,32669.01838195592,1744.2661905887167,0.21353472991417405,4,1,2,1
1,7,9,733.156217347703,54085.2844099658,1854.3961190744433,0.1503823595123146,9,1,2,1
0,10,8,781.8013731607243,19676.646593527526,200.0,0.28727480752354856,9,1,3,1
15,4,0,412.867950762968,299370.82049499353,5874.652474982086,0.01426502416558759,1,0,1,0
18,5,0,1222.9587631834977,262533.8437492748,7064.264015671989,0.014162036341459117,0,0,0,0
15,3,0,1055.677402464329,204478.45295037256,5312.18301563803,0.012651833805535799,3,0,1,0
2,19,7,374.8942358362093,23547.71726464548,1130.1771515763753,0.1,5,1,3,1
21,3,0,1266.712775462257,467395.81096660567,4344.982654951354,0.00892005245309618,0,0,0,0
12,4,0,1492.33289407797,446985.3388567577,6600.315952894095,0.022303041697563662,1,0,0,0
2,7,2,366.8107753203987,10072.770264347277,701.9361233060025,0.24961411488300655,3,1,2,1
20,3,0,300.0,195454.54921200895,5749.368217109284,0.03517303978255719,1,1,0,0
13,3,0,1452.7768950968737,364231.3362589567,7067.073278600087,0.037527658861736694,1,0,0,0
4,7,11,460.0616276333778,14002.697919258546,961.6333775003143,0.48740207865143576,8,1,3,1
16,3,0,1625.06225344388,254963.45855895645,5169.858783424514,0.03209202548076382,2,0,1,0
12,4,0,1569.9831578023036,243152.3169859518,5847.885342146267,0.023269017387463235,1,0,0,0
19,5,0,1360.9407953817365,150117.52210932111,4442.534701480592,0.026322204387036023,3,0,0,0
22,3,0,1161.6691676966777,232588.10209867137,6481.453218913561,0.010339650354220454,0,1,0,0
4,15,8,940.3252707044132,24334.932074752614,1538.9550492735734,0.1,4,1,2,1
11,5,0,870.3763525247848,302140.4045400808,5955.176272412248,0.023439321087363137,1,0,0,0
19,1,0,1590.1881266950038,219017.40429861375,4938.870857726692,0.008955573978811698,1,0,1,0
13,4,0,2216.842539467952,114401.52523368449,3000.0,0.025427296712235863,3,0,1,0
23,9,7,740.0595328018958,48575.52860266002,1526.322098306248,0.23180919929196941,5,1,3,1
5,12,8,283.73471735487374,19517.841489456296,2539.133996597846,0.1,2,1,0,1
1,19,4,178.0944074278188,43087.3178478242,1518.3656987854438,0.3727604668183708,10,1,1,1
1,11,5,471.64441176454574,52966.17433245975,2038.100379271359,0.1,11,1,0,1
1,13,3,838.6188371860051,47882.20159320433,631.8437208547122,0.5576478121811923,2,1,0,1
5,11,2,50.0,18077.137513291054,1669.625336929408,0.19323548204513852,6,1,3,1
11,5,0,398.6640571962233,418916.0012844757,3769.362538508099,0.036074325509452984,1,0,0,0
4,10,2,496.4279156635218,2003.5353176162644,2026.2364790236343,0.34028281455836024,5,1,2,1
23,22,10,657.3646727397988,44511.3004178798,583.6048710263785,0.14169343973965903,11,0,1,1
14,3,0,797.2211801565603,390357.13920356013,5417.786844810249,0.03432695533622053,3,0,0,0
5,13,5,108.44259953316111,50210.72114721917,2403.5631318771775,0.3292308739301931,6,1,0,1
2,17,3,150.9657955620446,23057.343976904966,2617.0903006013787,0.19136727742953974,10,1,3,1
23,20,7,542.9409819214789,3659.8028619221623,1224.6342831078027,0.2992873003886502,6,0,2,1
15,5,0,1482.0398947618949,253762.78306971263,5145.608534509997,0.028290195638708656,3,0,0,0
15,1,0,896.9179994509575,361878.83101361257,5785.20629710236,0.034013586526830814,3,0,1,0
10,2,1,1932.4588301018525,228373.30581109325,8570.740322075451,0.02217187307280484,3,0,0,0
5,10,6,539.0018060679055,12006.549356598047,3000.0,0.2620611647613769,10,0,1,1
0,11,6,304.0222721379556,8166.900646115417,961.7661503278032,0.1,4,0,0,1
5,19,11,554.6511791685961,21590.108585972463,1886.931439188662,0.1433835362634211,4,1,1,1
3,19,9,480.51103742190423,24718.518419497603,544.1811135845109,0.2327463987868667,5,1,1,1
1,14,7,411.00721557378904,18584.062792282803,1756.0147504663883,0.3312368797036266,5,1,3,1
0,19,2,240.5740645913314,51123.78338485841,2384.2395203374977,0.1,6,1,2,1
12,2,1,836.8524766090363,271031.2827246449,7423.497279950419,0.03786036319099272,3,0,1,0
3,22,6,313.77633290743313,41946.88041515742,2003.6087151789402,0.36763925886284354,2,1,3,1
0,12,8,214.20199068120485,19614.987380185674,1787.6266769310205,0.16007551120341448,5,1,2,1
3,22,11,649.3514634085318,50503.72995247552,1727.8313211577902,0.1,6,1,1,1
0,15,3,360.8886377916843,24885.412046635654,1748.948948053676,0.1,10,1,0,1
3,19,9,311.62735959009734,43203.411917246856,2799.72300341467,0.29786275794467254,10,1,1,1
17,3,0,1086.9562930035097,444714.5827870267,3000.0,0.014689676403890142,1,0,1,0
15,3,0,1119.9066658439892,272100.80997113424,3631.1238643938254,0.03808856531722808,2,0,0,0
10,3,0,1815.0402406295914,249457.99649450573,6138.4722392577505,0.031113518669933116,2,0,1,0
0,23,3,414.4830269509622,66235.01778137537,518.4839941687983,0.15030632777635738,10,1,3,1
4,23,6,742.93093047094,30492.080769968226,200.0,0.17498599520902963,5,1,3,1
2,10,7,107.37067162603716,16971.542868989498,1032.9228287703027,0.13050413292997642,9,1,0,1
3,19,10,205.33141743447018,35643.550802439546,1297.3264426000721,0.4806246574184408,5,1,1,1
17,1,0,1125.044272257397,290005.2598125579,7143.536525944017,0.021574313431865402,3,0,0,0
4,11,8,342.54592586090087,24554.005509664672,200.0,0.272042049195743,2,1,2,1
5,19,3,202.74774136240907,26308.16242706003,2820.355794166576,0.3566528253070138,8,1,0,1
3,20,9,63.43625850170298,38175.9052790623,1013.5384472777007,0.22526050165366665,6,1,3,1
3,22,10,96.04832181957187,34974.89886348423,1386.2631401735223,0.24927755493459583,7,1,2,1
5,9,11,299.8301235624285,33560.70699444017,1488.6360915990485,0.3532468419246383,10,0,0,1
0,21,9,404.83745894217003,32068.425920368183,1292.1297265604474,0.48709879738858175,2,1,3,1
23,19,8,361.348746089087,21699.752935151526,1980.2309267175024,0.29907165134666425,2,0,0,1
15,3,0,1700.6115476855596,400010.08972055814,3000.0,0.039398024898680994,0,0,0,0
13,1,0,868.6332278198759,197760.47091290145,5365.430168282232,0.015561020126995008,0,0,0,0
22,4,0,965.0271942844022,432242.11821038404,6223.968646376244,0.01251578030653019,1,0,0,0
16,1,0,1470.224759161961,272143.1901376513,4134.19881560738,0.01992741357348555,1,0,0,0
22,1,0,1180.808026432576,272099.19784919696,3000.0,0.003957683050480679,2,0,0,0
3,10,11,249.34598845111364,7265.523605772516,999.4025603629972,0.24964278485536595,10,0,0,1
23,18,9,305.3925843909062,35146.87638745243,2108.9865885429144,0.23404489991681623,2,1,2,1
15,4,0,2047.641440943827,234805.02211444554,4246.832023130579,0.024351649729470782,0,0,0,0
10,5,0,1156.1496598049137,336019.8136333216,3287.655877610065,0.02334186932298905,2,0,0,0
4,21,11,308.74240718650935,1000.0,1998.0261307818837,0.4041088627796474,5,0,1,1
12,1,0,1342.6518464406408,385623.931959894,4902.506445279762,0.008918570775267145,0,0,0,0
19,3,0,1214.9176319282647,100000.0,3000.0,0.021859811164947087,1,0,0,0
12,1,0,1451.3178876350426,251015.25768681636,7671.541447688285,0.035000776421033844,2,0,0,0
13,4,0,1350.149849779202,336312.20161854476,5174.599516600084,0.001,1,0,0,0
5,14,7,556.46554180491,57123.73170640647,515.1688608022318,0.1397230981317247,2,1,1,1
17,2,0,1152.6479699783479,300514.31414744677,4721.242433035329,0.026696549532395544,3,1,0,0
18,2,0,919.994065962685,287884.19508092897,7554.277895973877,0.017774693471182136,0,0,0,0
23,14,5,394.7747573000178,21524.26800062566,1448.690974238163,0.3852690930296754,5,0,2,1
10,5,0,894.4210391022591,275102.88415488385,4557.834566574798,0.03594472614737505,0,0,0,0
12,4,0,1364.865538601401,350827.64311900974,7139.676751289928,0.0210953631496535,2,0,0,0
17,5,0,838.0194044347425,247571.10889687133,3391.336502176063,0.03166170104832151,0,0,0,0
12,2,0,1315.5222213329428,310651.6576323908,3000.0,0.020176296817391366,0,1,0,0
1,11,5,609.2821419186207,7020.730790652655,3000.0,0.1,2,0,2,1
0,23,11,569.0161337663651,21836.922103184676,2256.456482931159,0.5221363442133975,9,1,1,1
0,17,11,246.61428774033837,41833.182159609496,1493.939082427926,0.2349791405630938,5,1,3,1
13,2,0,675.4584432320457,436382.51736003766,4284.405054721995,0.040950506070663056,1,0,0,0
20,1,1,1262.568808168267,175131.36098428376,3857.40225946624,0.021323909782814975,0,0,0,0
4,7,8,443.2017083921067,49536.693838582134,1832.4993780642033,0.12394304389269983,7,1,1,1
2,12,10,371.0207981598325,29125.028977940747,547.2267327434288,0.3526697752711036,11,1,0,1
22,2,0,1362.431666651975,331097.6345014223,6573.432529112038,0.010462176200791155,3,0,1,0
1,14,3,561.735095538719,39638.30449952947,1103.988958004461,0.30550710585874,4,1,0,1
3,6,10,434.88774250112317,37313.11129882288,488.6156053055,0.1,5,1,3,1
1,21,6,510.23174280061806,44113.13241077034,2462.4179323132926,0.23134712817838596,2,0,0,1
1,15,10,440.3682903743475,20270.51392990211,983.6644338891712,0.4197531363386126,8,1,1,1
4,24,4,365.14533511056976,23554.163709427616,200.0,0.3864861411607704,7,1,3,1
5,9,7,295.3225882359369,44021.6038902231,2656.5318578038423,0.3166099364555347,7,1,2,1
5,22,4,234.35799394769708,58106.96985127085,1892.4791910281149,0.26874156823448053,10,1,2,1
21,1,0,1386.4072920053536,366468.6050262168,5266.984398450341,0.0209893023127711,1,0,0,0
11,2,0,1293.626396422272,160301.74056556093,3000.0,0.027019563337598106,3,0,0,0
19,4,0,1713.4876750932876,325616.3019652825,3000.0,0.01637922657441087,0,0,0,0
12,5,0,919.9468188200364,378978.5745862566,10000.0,0.010182579667332,1,1,0,0
2,12,7,351.0565074615638,26859.18310539668,873.2402563361122,0.21146094333872806,8,1,2,1
23,23,6,687.3964542958312,40251.03451841643,2362.05271030957,0.21604415735908442,10,1,0,1
0,23,6,397.6896797367506,43297.09774457759,964.5271961826996,0.2667751015341895,6,1,0,1
3,6,7,413.84767847184804,23960.223014793362,1471.8534607636652,0.1,9,1,2,1
1,9,10,142.9238504160657,22087.70251912172,1559.1724628912518,0.14705202615895419,9,1,1,1
17,4,0,1063.4405387465565,225365.21066031195,9982.93787976494,0.017000478698505024,2,0,0,0
11,4,0,626.3137610572122,252992.6280192044,4052.2316277651717,0.004541410302140218,2,0,0,0
23,7,4,569.7119600443555,29084.535864082798,601.3283800467924,0.37253120225442415,5,1,1,1
22,4,0,1197.8453973543649,434265.32450114796,3215.5439740966644,0.01328103754758496,0,0,0,0
16,2,0,454.78125727100985,289688.3187344794,4864.441243493167,0.02125126428658865,2,0,0,0
0,7,10,481.7801872808027,26884.169250761555,807.4652804083917,0.21537064451864535,8,1,1,1
1,7,4,363.8631287943982,34673.60692974132,916.4479005847917,0.1,6,1,2,1
21,2,0,1771.457017605822,466535.8812430517,4046.8550423713514,0.025067396927075554,2,0,0,0
20,3,0,1184.5140924213956,150642.1434874033,6233.249080022521,0.020855159082081187,2,0,0,0
17,3,0,886.4597661381131,431466.3730975377,3452.8019979284354,0.028412275067319415,1,0,1,0
1,14,9,388.6533359034524,5133.283808606047,552.2041770579461,0.39728517920966855,8,1,2,1
14,3,0,1340.7261803655585,286061.9603740221,4285.484036084174,0.018983970174723624,0,0,1,0
10,5,0,1271.1957518413217,388051.45741964784,7114.305489081566,0.015771543016172347,3,0,0,0
22,2,0,1574.961084188813,336213.61125491257,3000.0,0.014835915123719533,1,0,1,0
21,1,0,817.1675690933533,429723.03535117884,7426.981910079025,0.024399646917385553,2,0,0,0
23,13,3,227.02464053798744,13698.888701714663,1023.0258321813315,0.5523887500127354,7,1,1,1
23,17,11,573.4523095348947,32929.400112178744,216.7384344933928,0.4768275820037824,10,1,1,1
19,3,0,1255.097557601255,315610.53524822055,7362.324129192327,0.026700930893557934,1,0,1,0
4,12,6,50.0,15316.037024705645,966.219456932694,0.35589353186084677,6,1,1,1
17,4,0,925.4868871146521,459410.2320009313,6376.688652731749,0.0037488973730870102,0,0,0,0
2,20,5,404.4865666902816,27276.082337358766,778.6656613865746,0.11219068110469482,7,1,2,1
13,3,0,1425.349216705953,126844.30100329415,8802.004112898312,0.018151955350261657,3,0,0,0
18,3,0,931.1469366010693,220448.7306305134,3159.329734469053,0.014555301267400775,1,0,0,0
21,5,0,1605.025482678411,281110.7623730586,8315.547860362374,0.02719369237070208,1,0,1,0
13,5,0,894.6049501145496,376906.83973394556,3415.040404818023,0.02460405220792847,0,0,0,0
22,1,0,1144.3737606123168,368493.49394011917,6515.704765836488,0.019278641238237536,0,0,0,0
2,17,7,239.5007054585075,36723.71740370084,1751.6265976724992,0.16555687868421398,3,1,3,1
23,21,4,498.82504100552586,56808.773241140356,2022.7830324570114,0.2782900617768289,2,1,2,1
17,1,0,1155.2290998379835,239659.99671609193,3605.560538544837,0.01384121758968147,2,0,0,0
19,1,0,975.7781721143192,272837.20202560304,6835.600674879244,0.009305648246484326,2,0,0,0
2,23,7,449.03974786581176,62628.88623426114,2277.209622814769,0.19593612687514286,6,1,0,1
15,1,0,1414.238158737619,321549.3467986182,4765.788138257656,0.02030924820673398,2,0,0,0
1,18,4,287.9639451303578,59291.30632453126,1879.6828309883924,0.5262869193712302,4,1,2,1
15,2,0,810.1869183621068,411321.0325044218,5940.381575467144,0.01102227545443391,3,0,0,0
22,3,0,1984.003007526237,477272.31017558847,6937.846791775706,0.01655269025378648,2,0,0,0
23,14,9,550.8809543244597,53198.68269974271,1788.8611761665602,0.4248787466829029,5,1,2,1
19,3,0,535.7102019559929,199929.8563220451,3148.412258506168,0.01752944670604856,1,0,1,0
2,9,6,378.00799108270456,31993.161870183674,752.7613212007268,0.1,9,1,3,1
17,1,0,1783.3730813707111,100000.0,5798.405662696729,0.025964001425270243,1,0,0,0
3,24,9,582.002794174419,25777.91179194173,1572.7907295186458,0.27618578329700694,6,1,2,1
23,7,7,118.86217881857345,10063.183997536158,908.7757252148122,0.5418846951151493,9,1,2,1
21,4,0,1558.3988841654536,155754.5542106005,4524.557884617179,0.022465995819092636,3,0,1,0
22,2,0,1887.0590746723226,416468.8094986037,4629.599539422852,0.034757750655055625,1,0,0,0
13,1,0,1585.959087642471,145758.3796111331,7536.189392366241,0.018575896398406358,3,0,0,0
3,18,3,450.4240973335872,34407.99844293009,1379.7104421104173,0.34388455681110497,5,1,1,1
14,3,0,1153.9338375253474,238295.02118397504,6551.551041197577,0.025904023582183862,1,0,0,0
0,9,11,359.1507047415133,1000.0,955.9955863712173,0.2536398554462376,2,1,0,1
10,1,0,1201.4019326674477,123744.781395836,5958.287776877713,0.029181408900021275,3,0,1,0
15,5,0,1108.377311143324,261920.41461643646,7109.531578184656,0.008749323436306758,2,0,0,0
14,2,0,1820.979019171325,356419.968805893,7032.3647246074925,0.01754725331234582,0,0,0,0
12,3,0,999.984529380288,220875.0470232432,4966.990811240935,0.009555274616211121,0,0,1,0
0,10,5,352.663086424163,24879.21238029258,357.64457942645004,0.1812683957167621,8,1,2,1
17,4,0,1490.6922182861395,399096.1612392653,7121.6783961763995,0.026573438652939353,0,0,0,0
18,1,0,1991.7537885657207,405776.3695670583,6634.404474311692,0.02213228023004484,2,0,0,0
13,5,0,1138.2543708904468,437556.83911973325,7362.787560220224,0.029468607730140203,2,0,0,0
11,5,0,1849.5773948065073,307608.32508148625,4093.951913055079,0.014220905083481589,0,0,0,0
1,19,4,522.313817077709,42137.82285887399,1410.2672594888381,0.5065259784207812,2,1,1,1
10,3,0,1001.8541492840219,347936.6006638324,6095.362734772338,0.013765700697045075,1,0,0,0
0,10,3,425.3649835373974,42075.85999250962,1577.4569919516923,0.48006157939165495,4,1,2,1
12,1,1,1159.4284427279374,341411.5467291755,4625.327112157453,0.013267951497107362,0,0,0,0
1,19,4,265.6126280295051,52774.09989047893,1729.4699584308821,0.33269687655596464,10,1,0,1
22,3,0,919.6301471325892,376012.08090554416,9059.995962162531,0.019653578107487787,1,0,0,0
11,1,0,335.45556294985647,241917.93531722296,6926.617342377229,0.009856828190207882,1,0,0,0
11,4,0,1299.216257158322,285613.572610858,8010.226448850173,0.02307750556206233,1,0,0,0
14,5,0,1725.0752713798593,183603.2138608807,5417.883139425201,0.01802359011061445,1,0,0,0
16,1,0,742.7218706599845,100000.0,7600.959678384103,0.020185373900519776,2,0,1,0
22,5,1,1645.025640829933,176455.2167877147,5781.382606838458,0.014205097062458632,3,0,0,0
14,2,0,878.7280216808119,301070.4326716247,8406.72396711638,0.025320823926656393,0,0,0,0
5,9,5,323.70949143920274,29531.410208351204,1454.139814871672,0.4060514641870693,6,0,2,1
14,5,0,1496.1201315046108,357226.53729016526,5220.1776138400255,0.006868544376312851,3,0,1,0
17,2,0,1222.121674122089,241655.62235389173,5714.139183220157,0.026585410662074566,3,0,0,0
4,12,4,298.86262518884456,39542.129863808674,1881.3462199090022,0.1,5,0,3,1
19,1,0,1083.79863240921,515863.49158350716,3000.0,0.02347288366771407,0,1,0,0
13,1,0,1251.5888431247588,266530.5031491734,5391.690701757597,0.015609229384703032,0,0,0,0
23,24,10,258.0648456949997,43744.88441959227,1888.2581886912064,0.21848525772584315,6,1,3,1
15,3,0,1229.0443336944875,288101.8808550049,7290.199552401664,0.02786082724690752,1,0,0,0
17,1,0,1620.9802526456174,414275.8698416145,3000.0,0.03341305874842286,3,0,0,0
14,1,0,632.8935227484377,141561.6573333324,7502.145439082913,0.023294617478229848,2,0,0,0
23,10,5,680.3819766863464,69033.4426092278,2368.6979033355965,0.3446459914009517,2,1,2,1
5,11,6,489.65631627885375,7160.378453140773,744.8472657511946,0.21646963820784906,9,1,2,1
2,12,10,50.0,31778.004116084772,900.9460883295023,0.2038002647268073,5,1,0,1
18,1,0,979.7098870911143,260114.36028891057,6483.787589276815,0.03197668749877446,0,0,0,0
16,3,0,864.2841853166085,174243.30701396836,5497.375659519016,0.011412341674168972,2,0,0,0
11,2,0,1084.3977785824532,291807.69251534436,5908.982653259479,0.02047374434015311,1,0,1,0
17,3,0,781.4339055225154,418406.1614408482,6975.116010330728,0.009349131158212506,1,0,0,0
3,19,8,328.275396137488,19137.676606114957,1911.0272903697237,0.1,7,0,1,1
21,5,0,1277.5007330703502,139272.87961942775,8481.372330286686,0.018801681968165344,1,0,0,0
20,4,1,622.0309983416805,337137.90976173896,7196.055480661257,0.015514399782586267,1,0,0,0
2,13,4,535.1411743759875,52627.64611982325,1902.3720368856475,0.4959448988241386,10,1,3,1
23,14,2,335.4303577093544,34184.954847459914,2027.4910121002547,0.2530605554489928,11,1,3,1
19,4,0,593.7894154457642,300488.1240618592,8077.190231363149,0.01572952769668152,0,0,0,0
23,22,7,320.2331547282745,46510.53992409768,496.11750656489824,0.15765421298486415,7,1,3,1
13,2,0,1531.4640486070925,369668.81579538906,8509.931457256625,0.030486590282133505,3,0,0,0
5,21,6,710.8304380163385,40206.23374130136,697.2688176034915,0.36809232441680206,3,1,3,1
3,20,3,564.0641511757482,31717.273854793402,815.9618617738872,0.3877699395822105,9,1,1,1
13,4,0,1644.2050206049762,282108.81578797393,5268.974727438457,0.028810347536387858,2,0,0,0
23,16,10,898.1045954307058,58008.64041417751,1132.2788920997104,0.18891091389464193,4,0,2,1
13,2,0,1554.728684970953,277175.90522814286,6227.777643729658,0.017098244606020933,3,0,0,0
4,16,11,490.19273432066745,27463.490927845232,2015.8444991623023,0.13727774812083215,4,1,1,1
16,5,0,1128.913653491942,137425.74176753245,7795.143920379492,0.025940979373049317,0,0,1,0
10,3,0,1354.3211100498795,270994.82167157833,5370.547384922959,0.010108552681930122,1,0,0,0
10,2,0,1372.9387856831133,281163.4153380345,6572.682375426638,0.02690424415642325,2,0,0,0
22,3,0,783.4820954275599,151167.45864814622,5794.172940473496,0.03306964213632141,3,0,0,0
1,14,7,492.0741176527475,14375.594879028462,1451.1090349512642,0.22744500036575588,7,1,2,1
12,1,0,1039.805102053145,355196.93633849005,8720.692310101196,0.019724608020726876,1,0,0,0
0,22,7,779.8095306716124,16033.76277827605,836.2401021794919,0.1,9,0,3,1
3,18,8,435.4035046202637,34470.085204628,641.3747387856395,0.4054926751426674,6,1,3,1
4,13,11,307.37101401213954,36897.3885821579,2343.6474723534084,0.44787552911977446,6,0,1,1
5,17,2,389.73221694722923,46290.79540382497,1710.9794318938789,0.42547312714963925,6,0,1,1
2,19,3,556.914250444355,36034.41192238843,2520.630493407529,0.37959007514754717,5,1,2,1
18,4,0,1263.8711047323281,283287.3139760797,8177.675530796922,0.019685430353186473,2,0,1,0
22,3,0,1427.037345843585,251263.10553199597,5533.942012943716,0.020948445593905365,2,0,0,0
17,1,0,1116.9498973195625,102908.89113403141,8795.83782918353,0.024244945105469876,1,0,0,0
4,7,9,172.66906003257355,25520.28048079906,2377.117571096016,0.38225840328008664,5,1,0,1
2,9,2,334.64902272078604,14710.289418862225,2339.468607537041,0.32548781707457664,8,1,2,1
17,2,0,523.21551212497,351891.5042845645,5478.984493436721,0.03246911928243176,1,0,0,0
1,15,11,331.14652743601164,31009.070376411146,715.2592167140294,0.4447922665523123,4,1,1,1
3,13,4,409.34097342888384,16731.608637098558,960.5309780967896,0.1,9,0,0,1
3,20,9,682.8940228203469,48812.99289770208,2136.338066599272,0.3265074065710735,10,1,1,1
0,23,9,226.1177537675291,22695.80105728604,1397.0022613741157,0.49575834693559556,5,1,1,1
22,2,0,1010.3787707856775,100000.0,3000.0,0.03103232386121549,1,0,0,0
22,5,0,1053.305568593191,310849.83392630954,7682.864833545449,0.01512876369271135,1,0,1,0
22,2,0,641.3077307087492,300062.6831836419,8809.023616846793,0.023454545111875592,1,0,0,0
12,1,0,1546.941351567551,333040.1111005785,6056.39815144047,0.015927281938045754,1,1,1,0
3,24,5,407.91359859419566,45239.81362491008,2205.2106148697426,0.1,6,1,2,1
10,4,0,1216.625117053422,214230.53320674185,8297.086030046406,0.012306458383355291,0,0,0,0
18,3,0,1903.6018472051555,119317.72021598133,4554.426960678786,0.024056485127852426,0,0,1,0
5,8,9,179.30597446230115,20404.963805242834,699.7629622433118,0.27849030630844673,2,1,0,1
0,21,4,398.45088209218824,30392.016710701286,1843.13597490401,0.19193097368773082,5,1,0,1
13,5,0,587.9143416709961,283303.3577651286,7750.2319130889755,0.012004448020112534,3,0,0,0
23,11,3,81.88903286525226,1000.0,1390.023433398857,0.1398415459041462,10,1,2,1
10,3,0,1100.1401337356838,365912.0474168847,6317.607862607101,0.036946417602320106,3,0,0,0
18,1,0,953.2270118823524,153656.38439818553,5226.9739095721725,0.014802227317464414,0,0,0,0
16,4,0,855.8925484282729,260027.20175850755,6200.02099868361,0.043940198149782846,3,0,0,0
13,5,0,1237.2085152885727,412389.3290171249,3000.0,0.01605682019185718,2,0,0,0
0,18,10,406.94810043249043,35714.33912700929,1933.3784624117638,0.1,10,1,2,1
1,17,8,206.58013026321592,37835.27347598529,1143.8766766428348,0.4408018238643012,11,1,1,1
1,14,5,590.5558015938157,35633.90982233118,1459.1695726886394,0.1,7,1,3,1
23,12,7,830.5192506648256,40402.11810297608,1634.2855243821618,0.1687550111710991,7,1,2,1
18,3,0,1642.4370091413496,434322.89012964827,8275.674660529276,0.045428964457436355,3,0,0,0
12,2,0,459.5045695393087,293392.1566909691,8429.270548127306,0.013453679538917511,2,0,0,0
4,13,6,216.8023598232051,16904.138867329908,2247.8828408474847,0.2025258158029964,10,1,1,1
3,7,3,90.40033097609825,14620.154078168462,599.8168920463447,0.1,8,1,2,1
2,23,10,437.63639988636896,34563.86690692151,200.0,0.3347480415518349,11,1,0,1
21,3,0,1445.0858924786266,279942.71671082685,6716.743956161725,0.04080460771438468,0,0,0,0
13,3,0,1010.5682720727974,358817.32469452824,6036.3015323215595,0.027266615021191012,1,0,0,0
10,4,0,706.046549066249,341470.0513983945,4163.947115480857,0.0103253887839832,1,0,0,0
20,5,0,1831.6134804368003,417869.5984719263,3737.7530264790043,0.01856812439973945,0,0,1,0
19,5,0,927.3040263540528,139613.30452026005,5721.656407961799,0.01955528920209556,2,0,0,0
5,14,5,497.0793071359496,40557.04731943616,1051.183900954465,0.26884875783167106,11,1,2,1
23,8,8,52.30536676704065,1000.0,2593.7339232170384,0.406313467388856,10,1,2,1
11,4,1,1713.5130433303093,306828.3275938639,6752.438994244505,0.018697380236911,3,0,1,0
22,1,0,1020.4571361301165,396567.9956276048,6844.566259006723,0.0050545844133863,1,0,0,0
2,22,3,429.3893508271289,46566.667236243105,2270.6965251354654,0.10455053319432092,8,1,3,1
12,2,0,743.1038992062226,267141.32197014795,5247.2179904569975,0.028246977875947182,2,0,0,0
22,5,0,1531.4012319280066,298134.3206222374,7163.762599152081,0.021648859668036063,3,0,0,0
13,4,0,334.0456764351776,243729.78342334964,5485.843071732357,0.01987529593029934,0,1,1,0
12,5,0,984.5989391109347,251181.362193042,7661.514341802611,0.017881643936581287,0,0,0,0
0,8,7,573.0466559474561,8380.32475304409,1452.1773138678607,0.3022780994455229,4,1,1,1
20,2,0,1388.3139897580975,351566.28049375553,4238.395338274235,0.038476691021185554,2,0,0,0
17,1,0,1263.6346103375465,243036.7196457513,6053.528795504478,0.015702445875475465,0,0,0,0
13,2,0,875.4485996417761,430066.33667656034,4224.6180143019055,0.01259312037271566,1,1,0,0
23,13,3,192.67499959201527,13120.655250469663,1986.9061707356548,0.2511446936178375,8,1,0,1
20,2,0,1504.5958955757444,277028.4406554885,4615.725104731033,0.012378508924932037,1,0,0,0
20,3,0,890.0730945597941,291142.9742681157,3811.296993731233,0.03896929044969291,0,1,0,0
22,1,0,1016.5598855240561,137678.23050502015,7782.186578662753,0.006214184496867307,3,0,1,0
19,3,0,1013.6508231306858,325138.6038857516,7414.336629817522,0.017872174872779083,2,0,0,0
5,6,8,395.31993644287286,10422.86422286202,286.4265740957562,0.13224445317418096,9,1,2,1
2,18,11,655.9369441988856,41648.39369205238,1614.7279253417157,0.1372325701111988,9,0,3,1
10,1,0,300.0,260020.66455124275,5219.231801179417,0.02493339286310903,2,0,0,0
2,24,11,220.25752077063999,28231.986381980783,1593.853007032141,0.1,7,1,3,1
3,20,6,343.3850546408596,10735.726477970948,928.0520102447035,0.3084391964344366,6,1,0,1
2,10,3,229.49458783065688,45843.487383453044,2453.5907536390596,0.1780497340974154,5,1,1,1
19,1,0,1123.6056766088113,192812.16399272703,7023.786489723522,0.005573171119273442,2,0,0,0
5,22,9,738.8472125387091,17375.711027857524,1860.0009623699327,0.23127274664828001,7,1,2,1
5,20,3,305.03260495626154,16109.322170680376,615.9253306760821,0.1,4,1,2,1
16,3,0,1149.5590333767368,241651.20375686366,9089.349360232476,0.022749681266612094,1,0,0,0
3,21,8,507.7372938560551,12357.938870124744,1183.7465273425548,0.238396760019944,3,1,0,1
22,3,0,1781.8998141482355,475179.62170706,7997.190218880683,0.021261831572535972,0,0,0,0
22,2,0,1399.642576791969,197537.6541461232,3412.162445201393,0.01188899039327108,3,0,0,0
1,6,3,341.14857170151487,50593.272619842515,1562.2209003379169,0.1636373680409191,4,1,0,1
16,4,0,930.2051302476912,307477.6846621554,4305.4089178724635,0.001,0,0,0,0
2,23,11,50.0,20474.420613555823,287.4747672821013,0.1,2,0,3,1
15,1,0,1105.5849713785835,440569.90119767847,6654.683027254101,0.016968995094556495,3,0,0,0
4,22,4,354.74503761973887,20410.461464929132,2192.8493371986942,0.3005613995378211,9,0,2,1
20,2,0,838.9547109903133,289213.8971073644,8530.75728197201,0.031182243195810908,3,0,0,0
23,12,10,596.8717586245189,7242.181030948879,1446.4532850294995,0.18705342407121167,3,1,1,1
19,2,1,546.3536592651863,314942.13706926745,5211.7752499017315,0.017627866226339876,0,0,0,0
0,13,5,306.4388939229526,64442.83803127896,1180.3278989008713,0.2435552371039576,4,1,2,1
13,5,0,1977.9314566272417,297475.6941336516,7684.889401662102,0.024044643628843246,3,1,1,0
1,9,11,339.3323648528533,48493.92210244616,1317.3867172378823,0.2736926071883599,8,1,3,1
23,24,10,60.08106844986514,16734.427611761803,1294.4450734388827,0.33171370517892873,9,1,0,1
13,2,0,864.8265670521137,339609.1004859772,3965.4901995525506,0.040497092516036864,3,0,0,0
5,20,6,465.6798734737639,20311.198760408814,1990.5752696401287,0.3344124466494066,8,1,1,1
13,3,0,1657.865993699496,318593.02950571664,4439.365478455069,0.009380768333631552,2,0,1,0
12,3,0,1349.0078668366684,272848.8816896115,6646.697312606696,0.027472760838722077,0,1,1,0
22,4,0,1016.6577629017175,220088.8075439363,5513.154494892102,0.019851261705090304,3,0,0,0
1,7,2,501.74848033387866,31085.119104774425,2193.187184123043,0.31649414242791507,2,1,1,1
0,23,7,394.9242735500558,51945.83555805299,200.0,0.1,6,1,1,1
17,2,0,1120.9621725110565,310448.6541605688,7198.796821852437,0.009722397490576002,2,0,0,0
22,2,0,1377.888904829671,343160.8522876597,3028.689001015804,0.016611690624296477,0,1,0,0
4,18,3,931.9255554719894,21407.947680692458,1831.0304005024097,0.4742375279474734,6,1,1,1
10,1,1,1322.3680284189652,386466.2767860666,7709.982814445462,0.010518578229120772,0,0,0,0
11,4,0,956.0184357637777,271839.61965661775,5236.439534715668,0.03859114804641165,2,0,1,0
0,12,4,177.6062852153339,59449.54010260565,2183.0357184641384,0.15223739983046336,11,0,1,1
18,2,0,564.4480320779801,278912.7246810569,4733.7355805392,0.019279579976435878,0,0,1,0
20,5,0,1785.384538621337,488286.57496403693,6107.570251766541,0.02709627142036857,1,0,1,0
11,3,0,849.1995349072357,469645.82202444307,6965.356816191871,0.006819277303878475,3,0,0,0
22,5,0,525.9764410329791,296325.9694434086,9639.969728958195,0.023715885500687872,3,0,0,0
2,19,7,799.833092658123,19742.100292146115,1302.284196371643,0.2007443099167976,2,1,2,1
12,1,0,2161.2727702788707,308524.99762928474,4529.571243194932,0.01310331298273057,3,0,0,0
23,13,7,339.189457996738,22149.96116396797,1336.0390843693986,0.10991960100344106,10,1,3,1
23,14,5,571.0166613617075,14331.00376758873,810.418221351112,0.14343158500611153,9,1,2,1
11,1,0,1513.5107622620048,354279.5850550112,6402.331176623033,0.02415713323697949,3,0,0,0
10,3,0,1263.3144117594302,235165.88158560052,4510.2262825038,0.02722408006738269,1,0,0,0
23,7,9,361.33446705818506,33007.515460922106,1190.0992444572662,0.34365271507255835,4,1,2,1
12,5,0,1056.885236607675,183980.61310845404,3000.0,0.008128547336719976,3,0,0,0
21,5,0,942.1941123361801,298448.96301866276,10000.0,0.0196798642490365,2,1,0,0
19,3,0,610.2596575901223,306960.2073638208,7503.99905716469,0.008358731315506438,2,0,1,0
13,1,0,900.2150146467238,294552.9082902288,8144.812172993654,0.0200630779951703,2,0,0,0
16,5,0,1033.9091082956716,199000.42645542335,6380.326388951018,0.03289343740927958,1,0,0,0
15,5,0,1108.5738435495161,277167.81086455524,4488.447994075943,0.023712980045681436,1,0,1,0
4,14,2,216.409449792452,12789.322180894727,1284.042891022062,0.5839619044341071,10,1,1,1
13,1,0,1414.4036902365465,387487.08753092174,8075.049684790914,0.020865324410801547,1,0,0,0
13,3,0,1750.9097546033872,367154.19334514876,5394.01525225435,0.03254256784680147,0,0,0,0
14,5,0,1536.0867439856327,239750.61310869636,5338.520827025804,0.014699493055570619,2,0,0,0
10,4,0,1159.4598758464751,205870.68638634187,6913.159642272573,0.018884666766196462,0,0,0,0
5,22,3,542.2701567607213,18686.058290287343,415.9414856385256,0.22873520323817118,3,1,3,1
14,3,0,688.6748718584724,147090.5433087666,5700.835810672298,0.02041768991860923,1,0,1,0
10,5,0,949.2662716434091,259563.4674319675,3351.6058785176965,0.02227855960512026,3,0,0,0
12,4,0,1309.6015609771032,254077.38894647677,10000.0,0.027853994814304894,3,0,0,0
1,15,6,342.23895392037645,12308.797503699661,1866.0502315480003,0.14034617334745583,10,1,0,1
13,4,0,493.4328597308131,172844.09297007625,5291.190033319153,0.015755946770691344,1,0,1,0
1,7,9,421.07459269553794,26570.045405342324,538.836227027082,0.2859128514015922,7,0,0,1
13,4,0,1141.7820105440917,298390.5562843938,3573.624326422721,0.024966233119694474,3,0,0,0
18,5,0,750.7211438640879,414466.14595996164,3810.659447891692,0.01947674052251304,1,1,0,0
12,2,0,983.9477629968101,301650.44553111284,6025.1778664904405,0.0141347055759043,1,0,0,0
23,12,4,388.4754264182193,9741.375071889433,1703.650027737725,0.48955334950688023,5,1,3,1
3,24,2,211.7433522741939,42669.02425557089,1087.027604753265,0.1,7,0,0,1
15,1,0,1507.0511049069419,417116.18481218093,5343.898654554122,0.0202357831208792,3,0,0,0
13,1,0,1340.199908716559,390140.20901613845,8783.088166696169,0.01587391425652084,0,0,0,0
4,6,5,689.0451569383367,20110.78529297882,1634.1232606829276,0.237410822215255,6,1,2,1
4,22,10,417.42451690019334,18230.342698819426,1321.8393751308959,0.1599226785731772,4,1,1,1
22,2,0,1811.8673097150524,417764.7984492993,8098.47974391684,0.016131829770069647,0,0,0,0
0,10,5,532.5096373394088,35427.860201708034,776.4209841442707,0.29911470905118787,2,1,3,1
11,3,0,914.7180788087865,192020.38541170926,4233.6348610368395,0.015603809322758098,2,0,0,0
21,5,0,1464.6914940086388,219823.95489811018,7200.801898582211,0.018895704792642357,3,0,0,0
3,20,5,406.34919645185573,25264.966154462756,1213.164478235773,0.12017263027262923,3,1,2,1
20,5,0,1364.3327852496602,100000.0,5183.774308622116,0.021549485608268342,1,0,0,0
2,12,8,67.67572371645832,16089.592029209558,2214.8571673779024,0.2313267083894437,7,1,1,1
2,11,6,329.70686095716826,1000.0,2040.2454055515216,0.1,2,0,1,1
2,11,8,174.11480199400958,47689.629934467084,1641.598739235391,0.5272989842331475,7,1,2,1
5,21,8,176.12980464532697,23311.281891885737,962.4726325754755,0.14355196130768255,8,1,2,1
21,5,0,423.7793661185401,100000.0,7489.231164706127,0.009101530143817737,3,0,0,0
20,4,0,1599.8524174373933,347733.14564231917,7105.046465732923,0.029830984898109723,1,0,1,0
22,4,0,2067.7082940502733,154401.44548963365,6342.946380895257,0.008932727418269101,2,1,0,0
11,1,0,1373.2696743939216,385593.64587000746,8092.823934359374,0.010342774093429676,0,0,0,0
22,1,0,1596.3198000501454,238863.435263567,8399.710671043837,0.00683018991203505,0,0,0,0
12,2,0,1878.755927832256,452428.48607474775,6644.736538058861,0.034026229533274374,0,0,0,0
23,18,5,713.0058337143583,55768.64626990931,963.18658012825,0.10395467696245556,6,1,1,1
10,5,0,842.9088115850875,292198.8711773699,5533.058163013393,0.02859171772673777,0,0,0,0
4,6,2,342.4124231685955,24412.235769593437,1356.9121379336464,0.28763904450021205,2,1,2,1
4,18,10,625.9205438204466,23896.59984828392,1314.7680681273682,0.5164802809215658,2,1,2,1
1,24,11,235.89166194251902,33878.197549905366,2462.9078655843055,0.17704531555811373,9,1,1,1
16,5,0,1405.711813067393,157262.5032924936,5937.041436581334,0.02463558320829564,3,0,0,0
0,23,3,784.2376233931263,38317.43562764712,1234.2557471277626,0.17609588395041414,8,1,2,1
22,3,0,1050.4343415779158,393318.0772362211,5702.907435719125,0.021175596944497405,2,0,0,0
10,2,0,919.7355591746812,491391.2846373655,4764.446767772478,0.018844571627247744,0,0,1,0
22,4,0,943.213453067008,441164.6503919558,6701.520716220278,0.022113917363391904,3,0,0,0
4,11,5,831.1140848011487,6535.261306637174,1478.0651972254475,0.3112802643129415,8,1,1,1
4,17,6,363.33415770092097,36093.490621808436,1756.531157918546,0.1,4,1,1,1
15,5,0,1356.4760635305006,396089.1675015461,3000.0,0.038255636851580954,0,0,0,0
11,5,0,1130.3947538695372,308987.9120402148,6865.93183502972,0.019318066972643815,2,0,0,0
1,8,8,643.7448833530186,34474.0251503142,869.2089674841543,0.1,4,1,0,1
19,1,0,1081.9989165931456,346280.6459181855,5915.033682262337,0.020921969165877307,2,0,0,0
17,2,0,2081.9402888312607,100642.16175708763,3786.635950349884,0.01633699535107372,3,0,0,0
12,4,0,628.6542290999708,364847.93266972457,5701.290157939019,0.03182097038550029,0,0,0,0
5,6,6,475.3767539642215,15282.854747461484,753.672886012884,0.12290152038238158,5,1,2,1
17,4,0,906.3040209233432,200328.15898583524,8127.800546659052,0.011184726912478212,1,1,1,0
19,4,0,704.9429095487885,275510.9934950561,5410.585643772697,0.016155482422037837,3,0,1,0
3,21,11,497.85569602455706,22654.58284942215,564.9260977008313,0.3982836206966952,10,1,3,1
5,15,7,287.85089084305696,13617.222949106508,200.0,0.2502580487805973,10,1,2,1
5,20,3,515.5183457409585,18938.007490816053,2531.7669119396987,0.2680835742049798,3,0,0,1
2,17,6,264.3717537946554,1344.4012711393261,2533.804199609718,0.1581518501959141,9,1,0,1
12,1,0,1018.5262921356393,187960.1888099193,5131.852241928746,0.027744214036054884,2,0,0,0
4,11,11,92.81811345837883,20601.689146614575,2085.9980480347153,0.2714513779179901,8,0,0,1
2,19,10,707.3220991576965,7822.316960730783,1935.679453726659,0.47704562701801184,3,0,1,1
14,2,0,1450.9409554177464,200274.8765542907,7794.196342792792,0.001191611990195643,2,0,0,0
20,2,0,596.8814221643237,239141.0534049841,3410.2002189798545,0.006650695416252411,1,0,0,0
23,14,2,371.2003730758432,33883.9965251794,1161.5154958785342,0.21502978036627168,3,1,2,1
4,12,11,369.90307250691234,12831.678765610377,2253.3236331911994,0.3150881943265227,2,0,1,1
5,13,9,420.1863902302199,36886.40048756177,2066.8202762464934,0.1,7,1,2,1
15,2,0,1476.473663350897,241479.26685609962,3832.360326377491,0.011340458937137839,0,0,0,0
21,2,0,1206.1618726230404,300518.2484353657,5778.76184290237,0.026413831774032035,0,1,0,0
23,12,6,314.1084070759563,25266.227919737128,829.881120746359,0.5028972692880365,5,1,3,1
2,13,5,197.69809554189638,36106.0282989129,200.0,0.12450127481022807,2,1,2,1
2,15,4,50.0,31525.392950811663,1527.0792814672452,0.4553757176990128,7,1,1,1
18,5,0,1288.2195627580888,306205.8264705396,8524.68759348046,0.005407057818645311,0,0,0,0
20,2,0,615.1084109915811,373940.18150232045,7059.459808047253,0.029080484605061855,1,0,0,0
0,15,5,324.7811597088669,32276.03129020591,824.0791303386603,0.24975957619596997,6,1,1,1
11,2,0,1089.6071427573002,329928.71479415393,3000.0,0.02139908780577464,0,0,0,0
23,9,11,301.53069626291256,50362.97729545241,2097.3156623720447,0.25436125637755486,10,1,0,1
20,4,0,1331.4504461504412,352846.18918237096,3000.0,0.040259636025490694,0,0,0,0
13,1,0,2434.9255244449373,387373.8818091332,4186.522073392727,0.019133806418651,2,0,1,0
10,1,0,1031.415081055121,356029.7501531842,3000.0,0.013526600101134956,1,0,0,0
19,5,0,1090.606306678015,372324.59804171976,10000.0,0.012497758140760176,2,0,0,0
18,2,0,1313.3725273488021,228988.5495315302,4666.119531593017,0.004499476141554206,1,0,0,0
4,13,11,261.07386618750024,27728.226880020116,1780.60525348893,0.4693318555448305,5,1,2,1
23,23,5,298.4183903872684,35123.30293505602,1396.343196745136,0.4839004989589843,11,1,1,1
23,6,8,355.0080583674578,35795.72098688068,730.3056210690802,0.16524008996023304,9,1,2,1
16,1,0,1526.7591645226241,272359.7516761999,4454.965359670481,0.022600006608759653,1,0,0,0
20,1,0,1068.976230652408,330388.7759285826,5847.058756305074,0.01080146451108399,2,0,0,0
21,5,0,1641.4915815806366,197911.82980084905,6619.908854693553,0.003943002195296721,2,0,0,0
15,5,0,1259.7649939683554,358991.7232843665,6596.951913813783,0.020833155841111464,3,0,0,0
23,6,4,425.06709174433894,20824.654082621044,976.6255049066137,0.43809103013816303,10,1,0,1
20,2,0,1281.9603431908497,201557.2079472444,7643.100346360472,0.023596816940793623,1,1,0,0
0,22,8,270.30615786291213,72503.92619697188,1733.077915139679,0.45696868782227995,10,0,3,1
18,2,0,1342.530331829224,409724.01515594963,6842.964133438068,0.030657776961518616,2,0,0,0
11,1,0,2060.994453118927,496803.52393081825,5615.692128986298,0.023079960776308483,3,0,0,0
19,3,1,1676.7823870571892,332917.10222650005,4301.756593598846,0.02511472632708368,1,0,1,0
15,2,0,638.799573188984,220804.7239986868,3278.3683473259434,0.009229198031500073,0,0,0,0
2,22,8,533.3079170975326,25028.69315091851,211.44443602811452,0.20179981678895967,4,1,1,1
4,10,11,472.55480535640754,40828.8597987053,1268.6090960287465,0.21568461564620478,5,1,1,1
1,7,9,266.0029730537743,31294.722891119476,1527.5712472789871,0.18583657257265807,10,1,3,1
13,3,0,1696.9749146102763,226259.46544198247,7545.606180196552,0.033884386811550905,1,1,1,0
3,15,3,50.0,19569.822143632962,2618.890154685133,0.2200919810502637,9,1,0,1
4,20,8,194.4479860264185,40267.60540928858,849.0143286699015,0.23978831098131756,6,1,2,1
2,14,7,245.41440156155176,15562.301983850984,1646.0586293570168,0.3523412754500509,6,1,0,1
0,23,5,477.4756707892949,18850.012971960383,3000.0,0.25237301813817964,4,0,0,1
0,6,5,317.7134476872693,23705.61532756924,2248.59290501083,0.1,5,1,3,1
18,4,0,1664.1993957640125,294026.24301870156,7343.200430446868,0.004863678076450108,0,0,0,0
10,3,0,1317.6099838443658,443876.31124233623,7688.879896505775,0.02999001330462625,2,0,0,0
21,1,0,1303.6115285934857,206346.32129736897,3000.0,0.012126509132194943,2,0,0,0
23,17,11,563.4300724975967,28409.832347666437,2578.2522215547033,0.3636165937305972,3,1,1,1
18,2,0,1287.6955669961353,178670.804394608,9426.078566167445,0.026728576876858687,0,0,1,0
1,19,6,524.0333006746934,28798.502008564305,3000.0,0.2427921316739938,11,1,2,1
20,3,0,1325.0368920614123,373952.3484054906,8732.801939018875,0.02685678277122469,3,0,0,0
2,10,5,347.4110411208738,33778.64022645827,684.1030051084002,0.44908952801561725,4,1,1,1
1,6,2,561.1260503929325,10247.018981540754,1617.4229029468352,0.1139883761052537,7,1,1,1
17,4,0,744.1988823674938,424561.8312218214,8038.369707723294,0.01946189130994671,3,0,0,0
23,12,4,511.48917974882136,63938.33543011847,1163.2160594662785,0.48681408360001516,2,1,1,1
13,2,0,693.1771591739732,421993.29755364836,5908.223698514695,0.02428234948016352,3,0,0,0
20,2,0,778.0546280705639,223149.90467002563,5675.302198194429,0.026611130006408506,1,0,0,0
21,5,0,2135.4603762218244,392041.9303313525,9150.491213538193,0.013980943066528487,1,0,0,0
20,1,0,953.7936600025462,151933.4221303309,4410.719451219451,0.028044705829791267,1,0,0,0
2,13,11,487.2432419329362,47569.168923522,1454.2389595558648,0.13801365781359887,7,0,1,1
10,2,0,909.224560971189,182807.90672831348,5316.032029565247,0.027491943800936947,1,0,0,0
2,21,4,135.85909892046686,19726.787645217824,200.0,0.2074101340569427,3,1,1,1
10,2,0,1107.230399154551,256399.802977505,7565.81398980644,0.008030761346138266,3,0,0,0
14,3,0,1497.8118433205611,283817.6771824023,9398.645380851063,0.007912275410963508,2,0,0,0
4,11,7,551.037493214895,58343.28936882637,2188.9291258315175,0.18770757857093645,5,1,1,1
13,3,0,1311.2037139546,225141.4847326706,5312.9484482352445,0.017712839926360392,1,0,0,0
1,19,3,413.90279191619123,8160.969383687523,1192.2917726667738,0.5417881283165159,3,1,1,1
19,4,0,1034.9895709850869,140414.20200334743,3892.443290740035,0.031444227347417815,0,0,1,0
21,5,0,1985.2631947968866,290377.1771516809,5513.691102570119,0.020225073493510066,1,0,1,0
5,15,8,773.8883075657202,22728.733815399515,1780.7408821472816,0.11398779910298576,11,0,0,1
1,24,4,329.34885651022864,33841.06323490956,1486.2134090810994,0.23191956445441214,8,1,1,1
5,17,7,138.3430250945911,22312.97023534529,2245.8744887679914,0.27905533534550037,6,1,3,1
23,16,11,530.866461386596,41291.11885620674,1715.4664776165064,0.3137793291114087,8,1,2,1
12,2,0,1802.493294158755,274554.31403250585,6429.4140895075225,0.023712918813182066,0,0,0,0
1,22,4,228.4928674869165,25252.894692370253,730.7455046759057,0.1,11,1,2,1
5,6,4,285.8170555602153,1000.0,1659.5201315085076,0.1,6,1,2,1
4,22,10,647.045564257154,34186.52185492904,2269.5276619828373,0.1,2,1,2,1
23,8,8,720.4947174308701,31518.57749144405,1733.362116955013,0.5926966245330276,9,1,3,1
14,1,0,991.0766690107899,305343.1752655435,8551.86397172145,0.024837926606320077,0,0,1,0
1,18,6,597.8087008616742,42865.526513331395,329.43813257676356,0.23775728240064053,3,1,0,1
23,11,7,368.31427846468705,1615.2540027559517,2699.8250874871073,0.1916014936355092,9,1,1,1
2,8,7,325.8290042967359,52267.915104484826,2370.8541275827397,0.4109756258556311,6,1,2,1
5,18,8,1000.0,49382.72691162066,1475.985280110262,0.1,10,0,1,1
17,2,0,1203.277933678696,323215.4768163534,3166.117049481198,0.026076205485586205,2,0,0,0
2,21,5,563.5313493589325,4064.1145805974193,3000.0,0.1,7,1,0,1
14,3,1,1221.2163137081789,392455.3657573302,8405.744722453433,0.024217970405820934,3,0,0,0
23,21,6,644.4255119952115,46807.537909934385,898.6564466980236,0.1424690531115033,6,1,2,1
4,9,9,620.12651561659,40921.459941210305,2504.8809122262337,0.4163795022005091,3,1,2,1
11,3,0,1006.7306820300349,208904.18245567218,3950.8039070084446,0.04118067362558941,0,0,1,0
1,21,11,593.441929377924,30546.97725539819,1574.5217801946708,0.4780572076493699,2,1,1,1
11,3,0,1191.664178891505,128314.24771446307,6016.959554872964,0.0377791393045612,0,0,1,0
3,19,7,619.0631133992213,43095.956699915245,2065.8814937608477,0.4190366305817792,2,1,3,1
5,18,9,205.6097827792152,37345.10031218073,1878.7427005512702,0.316691060565294,11,1,1,1
14,2,0,783.5179451490848,241636.0573574828,3776.8491687765854,0.004157333141934606,1,0,1,0
13,2,1,743.1541052325546,231970.41649407058,4597.6715556727795,0.027660807327253796,1,0,0,0
4,7,10,460.2173632535616,14250.45341015122,2573.0966347012018,0.1892012375525055,9,1,0,1
20,4,0,1028.3402025333585,267709.55540333595,7102.311950516449,0.01421909063424351,3,0,1,0
0,11,2,444.56763726292996,21831.803742762222,200.0,0.4473670558126207,10,1,1,1
20,1,0,1355.1124837449547,216579.50332355336,5759.584530408575,0.019438582107133718,2,0,0,0
14,1,0,1638.2557352329652,289127.08865311043,6030.965029099626,0.016831435868579308,2,0,0,0
4,8,5,473.5945219979409,24887.9328233384,501.05515980933615,0.1609820761770099,7,1,1,1
1,9,7,173.66949873076027,30675.558351307074,1017.4770393272537,0.4318297888791742,5,1,0,1
17,1,0,1496.448005153305,185690.86311656318,4038.4501596967057,0.03350454021628495,0,0,0,0
12,5,0,1223.5217382945073,396741.6351194691,8719.19325096731,0.03208515527247337,2,0,0,0
0,7,5,50.0,1000.0,887.2207924509646,0.19386392159597113,4,1,3,1
16,3,0,1256.877254056524,360789.15092165355,3001.8705384930427,0.01636872192270929,1,0,0,0
5,13,11,540.7164341487312,24544.184404105523,2411.957109853218,0.5531283019104005,3,1,3,1
4,24,5,50.0,14463.280320100781,1962.6893074171267,0.12103319927714648,4,1,0,1
0,8,5,359.16360779923167,28472.88583864108,1566.4247752763029,0.3015422929181691,3,0,2,1
10,5,0,890.3634073520909,297597.687263453,8386.19031163317,0.015870842736964718,3,0,0,0
19,1,0,2097.297585292142,253142.02904496834,5511.027458804061,0.0165538605248034,0,0,0,0
11,2,0,1382.8702124628126,269665.3081180146,5048.67981884304,0.03701220145543313,1,0,1,0
4,22,6,422.27360132488735,23229.737581442023,1721.283803351062,0.1,8,1,2,1
3,10,8,203.79655551129733,24690.329845353048,1893.9391924155834,0.47335652589438304,10,1,0,1
16,1,0,1110.8713543253102,349764.4811863393,6889.02818531328,0.019345463797207793,0,0,0,0
22,1,0,496.26020448654856,257635.5990386963,3000.0,0.02292972882202167,0,0,0,0
11,4,0,1116.0368835568154,379358.41176691436,5705.80403179103,0.026260035517187724,3,0,0,0
23,23,8,730.1433172272233,37763.62163419076,2510.780575549414,0.37468229815793525,2,0,0,1
19,3,0,1231.1069875890119,332007.756217707,6158.356925949945,0.019740203966179804,1,0,1,0
22,5,0,1017.0571724142837,173327.92978684255,3269.710995308094,0.00438305493200505,0,0,0,0
3,20,6,548.5074526245486,17980.521570711528,1616.1867136650192,0.39028594241622433,9,1,3,1
4,12,5,560.2449200988968,27950.65413435905,845.0784562136879,0.2681712785300734,6,1,1,1
4,21,10,384.59599128999827,23932.416804500586,2358.371647108069,0.16675234955707707,3,1,0,1
14,3,0,414.98780219163143,450386.1686107504,4152.881358637003,0.022451302135300576,0,0,0,0
0,9,8,380.5960943638196,50095.67560638785,2525.605480515053,0.12741499842205395,11,1,1,1
5,16,7,539.5347785947653,36914.22746042593,1292.5238481939098,0.2784974739406234,5,1,1,1
5,13,11,474.9023989994029,16488.46013608939,1552.6581811716574,0.1,4,1,1,1
2,24,8,187.50708714219692,1000.0,2049.708737686775,0.14892289780514617,6,1,0,1
16,1,0,1005.4377920698348,299140.5084605732,9672.987439879504,0.018244097633054377,0,0,0,0
18,4,0,1016.4715709299584,258618.2363945804,5215.4772859514005,0.02085877854169854,3,0,0,0
1,17,8,475.6530546580575,70928.80378170134,1168.977215602324,0.24985834679819188,3,1,2,1
13,4,0,1411.713196812459,191226.42798767213,9346.415021278492,0.028809830402409968,2,1,0,0
19,1,1,1516.017281651888,363491.2921213656,9052.61517380099,0.02613376806032884,2,0,1,0
2,10,4,385.7197283898379,26100.739173099126,1793.6091432058008,0.41219219622695424,9,0,3,1
23,20,3,472.75491039573103,11247.194242015754,560.9465885381278,0.5704804283344235,5,0,2,1
5,24,7,447.08618023973753,18416.1929033435,2347.0488197851846,0.1,2,1,1,1
5,6,5,422.7765457688472,10095.906403376932,712.9845245064049,0.3026272192520595,11,1,2,1
16,2,0,1060.051838670825,390320.93341312313,5232.287581035794,0.031992375566092385,2,0,0,0
1,11,5,478.18909002322175,32998.528222844674,2032.2267821565724,0.29850163766932525,6,1,0,1
22,1,1,905.9350759732133,195314.38200435953,3453.536743723602,0.024197093661801533,3,0,0,0
4,18,5,366.07282760069995,6381.35306106518,2551.086122235708,0.1,6,1,1,1
12,3,0,1611.3353507831525,555989.9259768538,6482.365110305512,0.030861646626890536,3,0,0,0
22,3,0,1386.2368701580795,514955.50892280054,3000.0,0.01455469426660734,3,0,0,0
16,3,0,1176.0401902742947,223652.68771097076,9762.327014674236,0.032109180473150034,1,0,0,0
23,11,10,465.34401245039714,12815.972781426102,491.27329351437277,0.41731391964734876,8,1,3,1
22,2,0,1098.117623651295,543167.2342531423,3420.7309843294447,0.030768531989502246,1,0,0,0
23,15,7,515.241160681364,10061.70080432628,1571.7903204853571,0.50223170632235,8,1,0,1
14,1,0,1253.4971765147968,220027.77445890364,6699.861679968719,0.001,1,0,0,0
3,9,2,295.83403888897476,18344.2195373844,842.5077246285664,0.12575711163095665,11,1,2,1
23,22,5,479.62895458951215,48943.91199411557,432.16723300855597,0.2776265601477981,7,1,0,1
19,1,0,1444.2720896849848,297873.5947987853,7028.397796728365,0.015430845666308392,3,0,0,0
14,4,0,829.4358141624724,344710.4045724337,5924.942069748714,0.018551601170496645,0,0,0,0
1,13,8,673.0480889777524,33620.7137796308,1838.1307552522226,0.1,2,1,3,1
2,23,2,216.1890458276165,12184.688206042742,873.1170938909459,0.24432143746845558,2,1,0,1
1,19,10,513.8509120303693,30395.19236110617,1013.937640465123,0.2520542316588805,7,1,1,1
15,3,0,1364.1036275923097,483236.0509364944,5005.511720901495,0.005751800181814792,0,0,0,0
13,4,0,1336.7686442357215,387560.49308219174,7229.040091350491,0.04256814402525205,0,0,0,0
3,13,7,720.0803887380281,39505.5945368376,200.0,0.31443561265940273,5,1,1,1
21,4,0,1711.145734956052,350323.7403877222,3000.0,0.016083589095462213,1,0,1,0
15,4,0,1427.749662729485,304348.6928603802,7304.456163219338,0.017809746321516634,2,0,1,0
0,15,6,683.0023632125834,35770.525058429615,646.3784348616812,0.28046979016290874,8,1,3,1
21,3,0,1656.3165790218154,135406.11022314389,9324.997325653945,0.013148015765391857,0,0,0,0
23,19,6,484.77674941370475,45022.155201934336,1309.2488164103224,0.29035413074065264,8,1,2,1
23,19,7,361.5464516264749,19787.274804842164,327.36196797758953,0.2516588789761622,8,1,1,1
3,9,8,337.7004804466826,14225.461641540176,2062.1975031357906,0.1,4,1,0,1
5,9,2,390.3647749719208,32991.810149776255,200.0,0.21184736256134237,9,1,3,1
2,11,11,631.2559789230969,12098.190637314692,2319.3080603292747,0.38429239757577865,2,0,0,1
23,7,8,526.0238312775783,39555.75452234164,1592.9859251879182,0.24988884448188523,11,0,0,1
17,1,0,1236.7704148028906,175780.3405378101,5833.337050249183,0.00740360220695949,1,0,1,0
5,7,4,377.11945673814216,41246.365056326045,1682.3361867282144,0.3103855173285525,8,1,1,1
23,11,6,227.69560156340725,1000.0,2518.6216583273736,0.3438370418964813,7,1,1,1
18,5,0,1369.7002350675411,293542.21213472454,6749.367902858311,0.020380495062189107,2,0,0,0
18,5,0,1130.0553457293274,369009.4797602683,3364.444324140772,0.026257765148306172,0,1,0,0
21,5,0,1108.8507484017748,292708.90321758407,6448.5565621814185,0.01687756202203889,2,0,0,0
1,17,6,814.3191852660506,25341.4302114073,1179.5849333705446,0.1,5,1,2,1
23,18,11,336.97334027157814,22305.585669464224,200.0,0.5115508910823832,3,1,2,1
15,5,0,932.0978800840212,511561.31833312544,4937.309019230084,0.014147748176586393,2,0,0,0
2,13,8,207.61555723550575,23796.990491318546,1997.1698391554798,0.22452922052446206,2,0,2,1
23,21,4,325.4039674345313,31198.116975459972,1974.1772178057486,0.1,3,1,3,1
22,1,0,1670.0897822271331,100000.0,3701.1690526106045,0.04707944141783535,0,0,0,0
21,2,0,1762.2874573577062,334409.4431664329,5483.370126852833,0.009148336788961075,0,0,0,0
11,5,0,1577.790852879401,343758.7614586327,3000.0,0.024771443383913693,0,0,0,0
22,5,0,1365.5983474886038,469375.06242147554,8952.433036059469,0.022387283283560766,2,0,0,0
10,4,0,1469.191984187877,343414.20240093174,5476.088737482756,0.01605059798550972,0,0,0,0
15,1,0,960.7746705404688,342076.3197691713,8151.13587599999,0.016097008561919538,0,0,0,0
23,21,3,593.3415874705585,36614.97654848976,200.0,0.1,9,1,1,1
16,2,0,1495.3593796242149,361805.1462838173,4798.591729398616,0.03444661901637874,0,0,0,0
16,2,0,1212.349273681701,280708.28274699446,6119.704061188659,0.0057754193069631185,3,0,0,0
12,5,0,550.9143798616618,394045.6578374197,3664.8958095660328,0.0069333076902353945,0,0,0,0
0,15,4,424.3832849709911,15389.361121941378,887.1538661736676,0.35509790777507827,3,1,2,1
4,7,8,689.0843994380566,4682.872756552857,1540.0689316601317,0.2379614603054487,2,1,1,1
23,18,11,528.7958278118183,35592.2737090605,2024.3536087598031,0.23735785252048666,7,0,0,1
19,4,0,1280.364374931366,392871.7832228207,6873.331700324997,0.02110321647147755,3,0,0,0
21,3,0,1100.9431477270764,284227.7554930099,9578.27479352236,0.029585903186942278,3,0,0,0
10,5,0,1682.8012955010192,366750.8922481738,6401.287173744032,0.02037326950985965,2,0,0,0
0,8,3,473.9618161002336,1000.0,574.5131283279729,0.2396346172269728,6,1,2,1
20,1,0,969.5976318019043,238188.24808415957,10000.0,0.02443420050686932,3,0,0,0
23,21,6,670.8984638589812,42466.94128905346,1330.1431714063713,0.21390829749377904,5,1,1,1
18,1,0,1104.6217331401751,288767.68827984296,6572.940172867037,0.03555546307156114,2,0,0,0
14,4,0,1702.6016471760445,444882.18177872535,3508.350873752183,0.017807036734795556,0,1,0,0
5,7,9,479.3541077082038,27813.108963064988,456.2967768138626,0.3995260136732091,6,1,0,1
2,12,2,282.2144180963302,49232.674347021595,1846.566611569863,0.11012603092699061,4,1,2,1
1,20,10,741.1148825496351,31964.067771402562,746.0553994284606,0.2467213857754693,10,1,2,1
22,5,0,1128.2126569296117,269135.68703117064,3506.905031680178,0.01690337227446654,0,0,0,0
18,4,0,876.5359833369146,282027.36352141976,4888.846466243589,0.014647492713887843,2,0,1,0
17,5,0,2017.7295209499189,247283.97647035972,3000.0,0.011235685152195928,3,0,0,0
17,3,0,1253.2542584999621,448019.4519239204,3998.961199303286,0.023805715138762926,1,0,0,0
22,3,0,1008.4949923660662,110979.53433510708,7847.8644880358015,0.005343786961352282,3,0,0,0
13,1,0,1226.1939437828846,218137.89128358167,4806.761402407593,0.017809130017882775,2,1,0,0
16,2,0,967.7035526866116,325900.61592566513,7630.538203003145,0.02015948656754375,0,0,0,0
1,15,5,528.4452485737906,61208.44687279187,2142.1489449655237,0.4034555843019468,3,1,2,1
15,1,0,1857.3085310743738,294311.3850457439,6347.128351011272,0.009856721113577816,1,0,0,0
15,2,0,1137.8922783584962,433543.1728969585,7530.851827901425,0.004170652887941006,1,0,0,0
4,21,11,299.74574011047304,37503.503995917,1067.2200697722628,0.2859013553102123,8,0,3,1
23,22,4,331.33364219238024,32155.98774447746,200.0,0.16227688358708692,7,1,2,1
0,22,3,60.48650548225419,33598.843234354805,1859.472591400417,0.3098953023687774,9,1,1,1
5,21,8,221.07704646205855,15969.078031689924,2340.019065522626,0.3062367502334463,6,1,3,1
15,3,0,941.2496391718939,205742.45680090034,5458.493016888603,0.02351244151670364,3,0,1,0
21,2,0,606.7006728408501,100000.0,5823.079108295278,0.03895367654099805,3,0,0,0
4,20,7,275.5360184397973,52203.30672315559,967.4695088251854,0.1,9,1,0,1
3,12,2,693.7249010747248,65582.29147667538,823.3454992189137,0.400129950135272,5,1,2,1
2,9,5,154.75290366308005,27081.27604796316,2094.49736727073,0.2244671074231529,10,1,1,1
22,3,0,1214.4264241529293,445888.32873162534,7781.941049013881,0.001,1,0,0,0
18,4,0,1701.1555981654633,348936.4985275438,3000.0,0.020152570040773154,1,0,0,0
2,18,9,519.0658788414257,46767.90450307454,1550.9365210119909,0.13401035781379697,9,1,1,1
4,21,5,446.00892563328046,24640.993345274066,747.4195531186814,0.2293527677788177,3,1,3,1
23,13,7,410.6946617228274,13114.096836353507,868.9184131102598,0.388751391536783,4,1,3,1
20,4,0,1576.5050891839044,286314.80714701395,6491.348353709947,0.02129480778910344,3,0,1,0
14,1,0,1175.5665884880982,251346.87291074582,9361.640334588345,0.009651818434076588,1,0,1,0
1,23,5,330.05388600997776,80000.0,293.6431995491382,0.19352910382851563,2,1,3,1
4,24,4,395.4385283880458,19076.652577779147,1245.3917341721444,0.47758012568703967,8,1,2,1
2,6,9,197.5642457091194,35332.73756587726,546.468363746902,0.15965148980144012,10,1,1,1
22,1,0,995.9653693124087,100000.0,6855.103602218714,0.020614663379218565,2,0,0,0
14,5,0,2060.829342344824,332293.2214838343,4677.816301008295,0.04626310235781116,1,0,0,0
4,8,5,429.2895257291131,12409.002400281108,1943.2008216790598,0.2753319313583689,3,1,1,1
13,3,0,1179.3882247254237,444195.4153562435,6295.533898932948,0.03408855308167873,0,0,1,0
20,5,0,953.7057332113776,321668.7581471993,6043.630101112007,0.015381734270902772,1,0,1,0
3,17,4,433.9651656291594,1000.0,2051.335883653155,0.46091254306303114,10,1,2,1
13,5,0,903.6583094077357,215144.5740985387,5252.790724180863,0.006696047669120355,3,0,0,0
21,3,0,721.4287179595174,201954.71040313982,7107.503457417566,0.02414235508635569,1,0,0,0
0,7,7,587.2632440918201,37269.15781512949,1565.7322307312602,0.3076451255308408,3,1,0,1
16,4,0,567.1247796499433,382746.4801249512,3400.541259769079,0.026102967783377902,0,0,0,0
1,18,4,470.1406296623477,23024.167347000846,1682.4932644376258,0.1,10,1,2,1
12,1,0,1212.1869627216017,298356.6690799241,4108.568149541177,0.001,2,0,0,0
3,6,11,545.3877703351269,11852.487601361256,603.3253461860035,0.5418271687546001,10,1,0,1
2,9,8,467.2065104126043,51153.79807427981,1232.2261739072108,0.3042723153803101,2,1,0,1
2,14,2,462.8566242133053,64792.64724057816,2422.266823692259,0.23502053715892857,8,1,0,1
23,20,6,621.3748683493144,38488.85773694498,2300.890308706819,0.28041583359413347,2,1,3,1
1,20,3,534.5329277561593,25064.29689743492,200.0,0.47747326057251716,5,1,1,1
20,2,0,859.586191316173,374458.96031071665,8556.812587848033,0.005710082624872312,3,0,0,0
17,1,0,1126.7035557058684,307383.25797977747,5612.761096611794,0.024905037284106122,0,0,0,0
1,8,6,188.31906255832172,45448.5460861763,1521.4726383268178,0.2774708508445142,9,1,3,1
5,17,8,376.2843857187687,37083.73000228322,1361.769564206425,0.3580156629956678,8,1,1,1
5,21,10,592.8407815138188,47455.527046078205,3000.0,0.41273512266639173,8,1,2,1
21,1,0,848.4741683847521,184366.31004732565,3447.854636058858,0.023797174268530136,2,0,0,0
10,2,0,1026.7432402253457,378647.8518960797,4103.479682783909,0.02679593987031822,2,0,1,0
15,2,0,300.0,363198.7133173944,4847.899078478786,0.01812652726752122,3,0,0,0
1,18,7,431.0835612802027,20705.768043279335,1890.7774780771288,0.41962142389997314,3,1,2,1
18,5,0,424.81018111338096,302881.87135283597,3904.277988701226,0.022184344950576848,3,1,0,0
5,17,8,764.1324043901507,29367.549320900172,2274.0020920340894,0.2308864414166158,7,1,2,1
12,5,0,840.1289270867986,193021.4297921494,6673.432061936126,0.016407258866359322,3,0,0,0
21,4,0,776.8253351964364,129360.05895285515,5589.953066457202,0.014669637134520377,0,0,0,0
15,1,0,1533.3557959845648,309647.28211342095,6289.38842638617,0.016431694608528793,1,0,0,0
2,17,2,527.8820952057623,64410.93672801492,1069.5126020529426,0.32461516290649806,5,1,1,1
2,24,9,482.778705978488,38241.07385597095,1801.8402146666112,0.22990424329059223,11,0,2,1
3,10,6,212.34345521794938,37973.29788291473,1267.9107000348984,0.2542346292696034,9,1,2,1
22,1,0,1680.7866538073174,205457.2135855659,3000.0,0.01266209734829164,1,0,0,0
20,4,0,2175.6092748709266,381530.1422660204,4909.03092829298,0.028792798090640434,2,0,0,0
20,3,0,1418.7558813806738,419661.77360048203,7080.952392038271,0.034964560593725685,1,0,0,0
14,5,0,1329.880953420289,408686.31660745817,6302.695135026142,0.02376333282171882,2,0,0,0
21,2,0,1374.56409547495,248565.87394293875,8865.019639645085,0.014366174125737253,1,0,0,0
11,2,0,856.069811684842,463436.92945319385,5463.837782229004,0.02424907632534393,2,1,0,0
2,22,4,373.40183036519795,34228.267054780474,1308.0407061458322,0.4452410883344263,2,1,1,1
11,3,0,1147.1318915316601,349813.6226640126,3000.0,0.021605519383122773,2,0,0,0
19,1,1,1344.639613658201,403707.52932265715,7957.422222348013,0.02957073987636471,3,0,0,0
5,7,11,506.86916954927244,33110.72639304667,1673.432942857354,0.14402177614119238,11,1,1,1
0,12,4,83.41048974680325,36310.115479232205,689.7105414393009,0.4986649837465077,3,1,1,1
0,18,8,382.8760887116431,52398.36883985282,836.5970672064557,0.2805261474611468,2,1,2,1
13,3,0,1459.2312044854027,219318.80463183642,7968.565300486418,0.019175532947329543,1,0,0,0
0,14,7,489.38824900559524,34280.888059960205,2723.657083403069,0.11845773377367833,3,1,1,1
11,4,0,1539.4151789367952,320758.3612095377,7600.706307140273,0.02198573011674247,2,0,0,0
10,5,0,895.3419044256946,222834.5406128055,3000.0,0.0035804465204531573,1,0,0,0
22,1,0,2156.2141908583435,276358.53697213647,5348.7842276521305,0.031295805328737186,1,0,0,0
3,8,11,1000.0,52293.82909533548,2302.555630624106,0.3706927147989675,2,0,0,1
10,3,0,1230.1553876937394,276325.6152348076,7992.516143561469,0.02778399871180435,2,0,0,0
0,19,5,118.0426032384662,31058.067755807464,2142.96768151439,0.35497633561226005,6,1,1,1
0,12,10,546.7998249642369,12079.56811508608,601.6925693087501,0.1,8,1,1,1
4,8,11,504.09318249940077,47321.054434982914,200.0,0.35251889225985183,4,0,1,1
3,7,8,359.9655885930911,39651.80058992402,896.7089364595039,0.19429223007830831,9,1,3,1
4,11,7,393.53327152253013,39012.634173157734,200.0,0.14848862565655685,10,1,3,1
3,7,7,468.6171280874571,20614.296728915593,786.8142687876511,0.1,3,1,2,1
15,4,0,1682.996499709815,473687.27731524257,6660.009903340298,0.02419856558158782,3,0,0,0
21,5,0,1638.1396777594896,397212.8131900093,7719.260188725873,0.015137948775624653,1,0,0,0
2,17,2,551.497442251615,7647.661732185337,1548.4183268331956,0.1444690767076246,9,1,3,1
1,16,8,252.66884099902938,12627.096763206868,1893.8194215960423,0.2803117201637707,10,1,3,1
10,1,0,944.0749443232523,130190.80422029758,7691.602378040671,0.025298776063902524,0,0,1,0
23,19,4,522.4670075347649,34006.616404876295,1516.8604486607417,0.1719624130029357,5,1,0,1
18,4,0,1300.4837793767574,100000.0,4348.771839397189,0.019119352121588183,0,0,0,0
3,21,10,602.7281374337392,33581.689943095036,1309.269968935503,0.4155481167441709,9,1,2,1
4,12,2,216.62546983323753,44307.73765811713,759.7073508381995,0.2906545547154391,9,1,2,1
11,5,0,1235.516728927121,416160.6940466812,5949.7188049082715,0.007559884158265107,0,0,0,0
0,23,10,223.9517244598409,46613.94109290912,828.4764874573106,0.1742546867496913,3,1,3,1
23,20,8,182.80272328767757,33468.77451111719,2449.8447633340975,0.32603853897450336,9,1,3,1
10,1,0,881.8465282517177,270191.5896681841,5159.28504315193,0.014189929665871277,0,0,0,0
21,5,0,1600.553258264259,382914.14805583854,5667.388434183353,0.018711839766994143,3,0,1,0
15,1,0,1270.951736233712,250664.20309414872,3497.245939749915,0.014196436246786265,3,0,0,0
2,16,8,390.0495113553662,23247.81632368201,1347.588148367806,0.5924226208321695,9,1,3,1
14,1,0,1128.03654767939,216494.37748273186,6935.702338640031,0.017230361458797385,3,0,0,0
16,3,0,1962.3152937450675,352246.41173900955,3000.0,0.03635585998976279,1,0,0,0
10,5,0,939.086062109316,330222.40447578434,4476.033395747659,0.017158126231528296,0,0,0,0
11,2,0,893.8915483688531,204478.8190300307,4800.797102226645,0.02170483169196242,2,0,0,0
22,3,0,1829.417168019887,315998.831789187,5843.369779407664,0.020736798092649437,1,0,0,0
3,22,8,188.51964194615442,21038.18990916429,805.3847324092969,0.19579335840410955,10,1,1,1
10,5,0,532.2837880222125,312459.0757942067,6904.338753116508,0.04636946836579339,1,0,0,0
22,4,0,1152.7720976311418,498304.25583505235,6275.6837257626585,0.008030870372520281,0,0,0,0
16,2,0,1081.8472061243192,308002.70883475465,6502.9800693255675,0.027167116015358907,3,0,0,0
5,14,4,288.54090644459177,30227.243318556444,2275.9958749392235,0.31935076519581096,5,1,0,1
0,11,3,490.5884326191359,48139.89485542367,1529.775292944305,0.46707514996806054,7,1,2,1
5,21,7,296.52104286045443,44726.38818113631,976.6251156332947,0.3464357524643401,7,1,0,1
2,23,11,304.9543050664327,31524.170603934497,200.0,0.3456886513825416,9,1,1,1
1,23,8,176.74568340116176,44307.85670163081,765.3941199710844,0.3090828872153255,10,1,1,1
0,21,2,736.5409448801581,28116.946991806897,720.3785780598373,0.14721675640396797,2,1,1,1
19,3,0,469.67770324280445,366602.48555449385,10000.0,0.022555224367955002,1,0,1,0
0,7,6,686.117021313109,42111.30961988383,315.7250588892093,0.20094063082366187,9,1,2,1
16,4,0,1221.7841477185777,298704.5651717096,3792.3191479657703,0.029107423536477182,0,0,0,0
20,4,0,1114.6275739207035,262981.35472747224,7390.933282277231,0.02998061515476364,2,1,0,0
2,14,4,332.58624780339494,25946.45889015041,817.9985828332295,0.3240166650046595,11,1,3,1
12,2,0,1147.3180616261552,244128.17461460136,8896.798846503725,0.0011705414530596182,2,1,0,0
11,4,0,945.3771161095594,279464.2776121185,4976.099271734026,0.017904432023070425,1,1,0,0
3,22,4,423.44499940158005,15314.469276511642,2148.2498557708614,0.12148435298176899,4,1,1,1
19,4,0,1602.063642676036,134521.50482047646,4859.912015165981,0.001,0,0,0,0
3,6,10,322.02395137040253,24857.626846868046,200.0,0.3114429540601353,8,1,3,1
12,1,0,1350.0760067769172,425205.5091558079,5886.108370723215,0.0053157339859907435,2,0,0,0
1,24,7,194.48374915038852,20581.51462537441,2279.7281045165273,0.1474954786970972,10,1,2,1
13,3,0,1298.6921804347728,100000.0,5575.038729626022,0.0136382600676545,2,0,1,0
14,3,0,1175.1038086703993,470532.9032897609,3931.241235674136,0.01218765704544798,0,0,0,0
1,10,10,295.4406791651354,30024.025481393306,2456.358161317377,0.3795019829525884,7,1,0,1
4,13,4,481.43746799865465,3072.682770975862,1040.5280954172626,0.1,8,1,1,1
21,3,0,996.7882562230211,303006.29631832463,3313.0831041183046,0.015913800942824782,3,0,0,0
21,3,0,937.3541874215374,187012.8983467333,5892.317853876103,0.03552236693914343,2,0,0,0
1,23,6,527.2089902869521,51464.68465899552,562.7866748052371,0.15885589236722897,11,0,2,1
21,5,0,1314.8643510411098,466085.49116041296,4837.422086951176,0.024770673437093948,0,0,1,0
14,3,0,1602.5933319961136,216228.6125127942,4368.080476426282,0.03773078005928677,0,0,0,0
16,4,0,391.10167631864,128955.76498718403,5748.924640217752,0.028706240608526813,2,0,0,0
17,5,0,985.3770864755221,309577.14156554436,7266.949465551169,0.022505400794895283,1,0,0,0
11,3,0,713.3427617837302,126025.4667519319,3159.692395812854,0.017406234933929583,3,0,0,0
11,4,0,1300.3425006385592,266686.5669842079,7313.808845368666,0.0213817726481206,3,0,0,0
2,24,3,699.5657960978101,1000.0,1857.918165944622,0.5433027115419351,7,1,1,1
19,5,0,1065.956981868789,344225.73396945425,6349.724684989766,0.026798811230877587,1,1,0,0
2,20,3,481.2146262736211,20021.615459039745,1946.5460249872403,0.5033213647962846,8,0,3,1
4,18,11,478.11503890735287,14502.161328094255,418.9229466416607,0.2901804180091697,8,0,2,1
1,6,7,235.16156887229775,29780.104455385714,1356.4606421232988,0.1,10,1,3,1
5,22,6,50.0,29801.171780003697,200.0,0.31228463009122825,10,0,1,1
5,17,9,356.51138623004977,27908.456736835047,1230.653408511906,0.2790473431967834,11,0,1,1
22,5,0,1139.9297394420398,100000.0,6729.702441858235,0.02657403461978649,2,0,0,0
16,1,0,898.4982637730545,221911.9589095342,10000.0,0.02066639802058065,1,0,0,0
19,3,0,1324.0347633410126,182345.20260587567,5140.81375048339,0.02249152458473026,3,0,1,0
22,2,0,501.8237480316252,508532.7800717563,4649.606661372717,0.012178759210115811,2,0,1,0
1,6,9,406.0700795055694,11835.119296277247,200.0,0.36415630997466814,10,0,0,1
11,1,0,798.109508941818,442366.558024239,10000.0,0.010472136447665219,0,0,0,0
12,3,0,1367.417728037589,262756.9146962602,6781.678616378814,0.010092366270510437,2,0,0,0
13,2,0,1648.7309967949925,194686.91170943592,5967.535445038373,0.014033000241608556,3,0,0,0
11,5,0,1116.722906887705,208491.70071476494,4791.174182505936,0.01497203207661113,2,0,0,0
19,5,0,1342.86469445762,396189.5898690239,3642.045799579065,0.017107429061063713,1,1,1,0
15,5,0,1621.9569650206988,307638.44075889466,6008.250187432361,0.029998887126522746,1,0,0,0
0,19,3,331.8854264325859,18061.055792421288,1477.654705214794,0.24403402148686615,6,1,1,1
1,7,2,360.0600536159995,26283.55265272576,1585.8366459523345,0.1,7,0,2,1
3,20,11,522.0366124155903,21923.655635076753,1163.591220928175,0.23294488582799328,3,1,0,1
23,19,7,50.0,9581.798710720956,1344.7250319612785,0.43855443007870876,5,1,1,1
1,14,2,425.0575213486241,62991.726539948686,1227.5893646263166,0.3212040417306131,2,1,1,1
0,16,10,489.9515267813024,52661.05542079797,2512.108634220135,0.3313137804647281,9,1,0,1
23,17,2,332.2978463594356,19361.88436908683,2168.6019585593385,0.22629114753319673,6,0,0,1
16,3,0,893.1714594724515,247514.52200656725,3309.761337779893,0.027000549035541544,0,0,0,0
4,13,8,476.80754199618184,46868.47919106905,200.0,0.453391984481162,5,1,2,1
2,21,2,332.02646515673865,29932.54040293664,1152.6315095010837,0.17098313831631823,2,1,3,1
15,1,0,1388.8561609702265,330190.7371533539,6885.519160777618,0.009844744653745631,1,0,1,0
13,2,0,812.634914516,362942.12470834306,7111.341005715023,0.037813831434290054,0,0,0,0
15,1,0,1312.200009167933,269950.3434374859,3699.339133056637,0.023574795908080547,3,0,1,0
21,2,0,2073.2459425728493,355919.4990708667,7153.5260736113905,0.026210594103073605,0,0,0,0
21,1,0,866.4996232649121,430148.6944255995,5160.287617771265,0.015696685576997216,3,0,0,0
22,3,0,2004.0603400356536,456860.21064379235,4921.191771121906,0.028070551347990524,3,1,0,0
14,1,0,1138.2678496481158,377540.95344039734,9387.213414073147,0.03411962005949661,3,0,0,0
14,4,0,1622.1483831449414,417180.2170417679,6165.04828265825,0.02817126139561412,1,0,0,0
21,2,0,300.0,232484.36247498944,3827.0996517022195,0.025093559305345264,3,0,1,0
16,5,0,1571.2651334040463,293457.17183737975,8476.899215163736,0.012837201864457136,2,0,1,0
4,17,10,188.15226936476702,29922.019953983858,200.0,0.34566248997239424,9,1,2,1
3,10,4,441.2163912906634,46847.520038201794,724.274526585215,0.1,4,0,2,1
5,20,7,555.4990325390403,10587.556832736787,1600.4415671372171,0.3765401819759285,9,1,2,1
5,6,5,267.1406988309658,5524.340850766781,1542.7245182550853,0.23377970061456846,4,1,0,1
3,21,3,466.9943967550871,18481.88316661341,2047.3544693759977,0.4416297777066571,7,0,2,1
20,2,0,1592.4283695514855,292416.327975478,3546.402028120635,0.015779330484908073,3,0,0,0
13,1,0,1357.092376152796,440336.11573730886,8771.111164433947,0.0034702310604874803,1,0,1,0
19,4,0,987.0164063726411,168795.11229262844,5380.6301674474325,0.016305908776589308,2,0,0,0
19,2,0,748.7886371874066,186963.32791345747,3000.0,0.0229680844763554,2,0,1,0
5,23,9,524.2221283381858,26827.114379196995,1611.7411403107837,0.19110014783528073,8,1,1,1
15,3,0,678.2772305894346,360144.15936106077,3330.342833843364,0.05,1,0,0,0
5,9,11,156.03117809827006,28195.813712426705,1763.9961304278095,0.14635288850922173,7,1,0,1
15,3,0,1032.672232023416,213332.13786467156,5718.072929374998,0.03936217284205937,0,0,0,0
16,4,0,1610.1626900567958,296245.50420760084,4675.898088803404,0.03974116817159935,3,0,0,0
3,16,4,305.1472980214843,19521.886716469005,2239.688020799145,0.36952198508988277,3,1,1,1
23,12,5,616.0721764676948,39407.12266429035,3000.0,0.2506909015356595,9,1,1,1
23,21,6,148.23619503159122,31318.95252225097,962.8772221772841,0.2676564810021978,7,1,1,1
23,21,8,378.1861116303266,22967.51116493459,1356.8970740688849,0.1,10,1,2,1
1,12,11,116.798467064644,31095.88797536683,1771.1853211825323,0.29704895493015293,8,1,3,1
0,18,9,617.1048323354453,41658.041220301435,1380.295326836125,0.2959640915398096,5,1,3,1
13,4,0,1448.001995560301,362863.10017788236,6808.369283836226,0.001,2,0,0,0
3,14,9,354.8238462229705,43739.114971984476,2084.0473091307895,0.35263650715277683,11,1,1,1
16,5,0,1519.9643809963216,100000.0,6251.564936079291,0.022417496755471614,3,0,0,0
3,7,6,241.21438257778684,35660.584366600364,1936.0451607363034,0.5316855129265392,2,1,2,1
20,2,0,1057.834278348581,198195.54625949363,7577.759162248423,0.018885389924182188,2,0,0,0
4,7,11,230.79980046248153,9890.365392366035,2259.062207909191,0.40114723309569034,4,1,2,1
18,2,0,1065.1357794287653,271977.18179012433,3227.351838443184,0.018982825781646243,0,0,0,0
1,16,4,283.9234111223797,42184.872035525244,2453.4237644891227,0.12322215869233613,3,1,1,1
16,2,0,1819.2297594176432,333719.4422508562,5179.954716671215,0.03741495222697658,0,0,0,0
10,3,0,402.4021493283035,378758.84733611176,3701.796094806396,0.03950785703546033,0,0,0,0
11,3,0,1750.0217964658837,100000.0,8411.540768086283,0.015110076164423706,2,0,0,0
23,11,5,542.6848872318747,60970.63907981558,2272.7445043176995,0.1,9,1,3,1
18,2,0,1512.589847544503,265227.643846903,4927.7376719873555,0.007673723028981729,2,0,1,0
20,4,0,1861.074185872778,260676.36403328332,6426.892151978396,0.024838862986488162,1,0,0,0
13,5,0,432.546363655705,450568.884934208,7347.460976551038,0.008350443395170484,2,0,1,0
2,19,5,436.9420896675881,10868.447230556747,1385.363687992032,0.25779213712697313,5,1,0,1
16,3,0,1782.8892300263824,280535.86354190076,6123.218772754621,0.009875530020135515,3,0,0,0
2,24,11,112.45640370548193,29540.018200694103,1458.0735478864015,0.4441103416369461,8,1,3,1
12,2,0,1545.8162677853798,335892.0508872643,3383.8860731981304,0.01761063925526914,0,1,1,0
5,22,8,478.8652677398379,44121.979842919434,3000.0,0.3331554690171154,3,1,0,1
17,3,0,1657.663388716766,338676.9903030794,6805.278995636025,0.012453618239063121,3,0,1,0
2,18,9,391.9095232010607,46816.112791324005,861.7278192899641,0.29647768955209003,5,1,2,1
12,2,0,1237.3210570270242,450219.42171481927,4689.768847091193,0.014658481426164301,3,0,0,0
4,13,9,484.9752105950384,50367.78819723177,1835.6771506075015,0.421674155588834,6,1,2,1
17,5,0,300.0,426642.7037626893,9436.403262837353,0.00866280835776073,1,0,1,0
1,16,11,735.0209472829499,12991.18609570993,1664.5943676063068,0.2778624344439257,9,1,2,1
4,15,11,250.6085678905311,29963.5887264987,1217.195681475095,0.1,5,1,1,1
12,1,0,1604.4476285777414,265773.9735093579,4291.806233654481,0.022948378125036677,2,0,0,0
21,4,0,985.7251527425734,437034.28095107595,10000.0,0.021456161387651773,1,0,0,0
1,7,9,342.58733340519996,3530.233013854089,1971.6645177910252,0.12137822452060187,9,1,3,1
11,4,0,1329.609373688826,215887.56078277095,4313.3163412053345,0.011165059130858593,1,0,0,0
22,4,0,1352.095838318732,377589.7548991465,3846.783292513941,0.01160009063176461,0,0,1,0
17,2,0,1732.02263928482,359479.4706576607,8380.378244826868,0.014067948740806064,1,0,0,0
5,10,6,620.1745925583796,45339.16558683975,1418.914105222961,0.2696486524228049,10,1,2,1
4,24,7,332.21454693851354,22554.50023782061,1334.447733874212,0.4973703029284964,2,1,2,1
3,11,7,50.0,12682.66838392178,2421.998302868549,0.14577159491796374,6,1,0,1
22,4,0,1082.3810744135085,293257.100365725,6411.710339695547,0.008979733182400387,2,0,0,0
10,5,0,738.0423855336513,429309.75212410925,6128.9101664559885,0.03259617989168893,2,0,0,0
23,23,3,669.6973862670576,35768.90312459013,1151.8185431792522,0.2779021662330195,6,1,1,1
2,9,7,434.5311531390023,39503.48832071465,1321.267650394884,0.34073846010402276,2,1,0,1
3,12,3,295.23169981001365,21476.324796647637,200.0,0.1,11,1,0,1
20,3,0,1903.2277442915297,494404.86756879016,3492.1944817518324,0.013048518299729344,1,0,1,0
12,1,0,860.0513314373889,123718.3777823784,5831.615217923238,0.022559094287062056,2,0,0,0
0,18,9,353.01812723153506,28783.608906882735,356.6990014330504,0.10560655347152428,9,1,0,1
19,1,0,1195.520331416092,182483.8003872116,7597.662868546968,0.014644602290644966,0,0,1,0
20,2,0,1518.2857791461433,365422.95064967376,7798.019212935827,0.030734746352189302,1,0,0,0
3,19,6,852.7062256724325,58445.46785880348,1129.6685116428093,0.4466645048827732,2,1,1,1
1,13,4,560.5990468262241,38789.12917971998,1851.2687728101032,0.4334142950259563,11,1,1,1
0,11,10,325.7541423417374,20564.02257175465,200.0,0.48218158140899625,7,1,3,1
1,21,8,325.5936533248003,26991.78012823975,2404.7144533060523,0.4168398547908872,3,1,1,1
3,8,5,338.1927623511821,43563.45320309052,418.52815253650215,0.6019956597386692,8,1,2,1
22,3,0,1131.2967810560153,507113.2593760768,8138.886551112046,0.03063863464077885,1,0,1,0
23,24,3,122.43224129748268,29393.658925819716,1520.895423881746,0.2997614820035356,10,1,3,1
5,15,11,284.2723078663587,41830.35884381473,621.9578430040999,0.40015267441705693,4,1,2,1
14,2,0,867.0600341647648,301408.28598017764,5448.277595187559,0.017814310016683273,0,0,0,0
14,4,0,1013.1437206728438,359777.06503364764,4595.613010218788,0.03605934138728761,1,0,0,0
18,5,0,1027.6160373199386,308907.37697140616,3000.0,0.01715006558249124,0,0,0,0
2,10,3,142.93637303569506,7818.79695782992,1462.5786716078662,0.40801166137540856,4,1,0,1
17,2,0,1669.9190773526523,410899.7119123672,7136.104312623959,0.021266590315570356,2,0,0,0
12,2,0,1755.2347557825512,238249.22050968616,3535.3128153384573,0.03459176347676082,2,1,1,0
2,24,11,77.92970495496678,16576.554387817305,1340.8973522917604,0.29491148476607065,3,1,1,1
5,24,7,487.802167904194,51288.08126903401,528.4814244213288,0.1,4,1,3,1
2,22,10,257.63603486041154,22312.560490574757,2804.835841498575,0.2718956511000597,5,1,1,1
14,4,0,744.9421582922892,248513.40896435973,4779.147502663124,0.01660779708654574,2,0,0,0
18,2,0,1392.1404648497812,228676.79893754455,4270.108051050805,0.028361171531894762,2,0,0,0
5,13,5,614.3533759525043,33699.93568763823,1783.66748471876,0.2985451203163797,5,1,3,1
16,3,1,1513.4479322163315,350265.18176033214,5120.097688857269,0.012229635147958308,0,0,0,0
23,18,3,377.3157880207383,45048.2734503486,1478.0932910412764,0.3675630133281011,11,1,0,1
19,3,0,1402.1678236297967,333569.6582154742,3000.0,0.01538529248229446,0,0,1,0
0,9,5,50.0,44973.96969514767,1097.5394525122008,0.12246085423089964,7,1,1,1
11,4,0,1466.2599962335642,372176.72558611556,5965.23853415672,0.02472545517552411,3,0,0,0
22,5,0,1480.0290785304962,416555.3450492999,7358.032152087652,0.019885447032783183,3,0,0,0
4,16,8,480.54652429672024,22987.967396555832,1715.3824504312283,0.38674678946172353,9,1,1,1
1,15,2,426.98433432322446,10463.358012755096,1163.8840663909411,0.177865946350918,11,1,1,1
0,21,11,477.7635592256406,43832.132224797,2051.908736640463,0.20909332107928127,9,0,3,1
20,4,0,1257.3687474860303,294927.33235029207,6151.785641549707,0.007684521396310708,0,0,0,0
1,22,2,470.80624886611355,30336.304683175462,2727.280332459399,0.338781849179328,2,1,2,1
14,2,0,1025.9572597551444,332000.7026927974,4486.377748634805,0.001,2,0,1,0
0,8,6,235.1029858236645,16637.368375267302,1725.4106686749055,0.2369555050726174,3,1,1,1
2,17,5,538.968183753361,53619.05954462665,911.3342871211845,0.5124839926474885,6,1,2,1
4,8,4,451.30584347434007,2934.55733517525,1047.0056122883152,0.18814996308310233,11,1,3,1
12,1,0,2030.3816444389902,457449.1300465195,8003.290839320715,0.017652675482769744,2,0,0,0
0,10,3,422.1697906769507,7033.539633319662,1921.977989965268,0.1,3,1,2,1
17,5,0,1099.6114223880006,177263.6185971748,10000.0,0.020832740408096708,3,0,0,0
14,1,0,1320.7203028043918,170815.6732489189,10000.0,0.010832875042474389,2,0,0,0
0,22,8,505.8259739361999,34173.151433645,2397.4840207415846,0.1,3,0,2,1
5,23,8,134.63459664901154,54199.350414528075,742.719983932034,0.1,7,1,0,1
17,5,0,1043.810001222444,358192.0189438312,5811.5828330210115,0.03441233385412543,3,0,0,0
11,2,0,1722.1891762282708,447497.1431581151,5886.126577303878,0.03449358971683474,3,0,1,0
4,19,4,320.34576377225227,28757.507786204773,1201.8128645398074,0.44626710498807165,4,1,1,1
2,17,9,422.1476570908707,10794.147501056035,880.2178567440476,0.4658511184620723,3,1,1,1
5,8,10,347.5283588811727,36772.48240788341,1449.1498704354187,0.20103085146198205,11,1,1,1
1,14,10,524.4211926602926,31384.886333253962,2414.669465000472,0.2820506435980475,5,1,2,1
12,5,0,1460.3400720049087,114789.6745475478,3396.384530539307,0.007816428446184985,2,1,0,0
0,15,10,640.3027190892792,18884.60487145718,687.7877003784089,0.1260102787878794,3,1,0,1
0,18,11,427.0061281494947,17758.18751807462,1509.0393690700223,0.53318967075959,10,1,3,1
23,24,10,333.96298486253124,62437.682590191005,739.0690579161355,0.3816752825909271,6,0,2,1
5,23,10,469.708457143691,20227.50389896198,547.8049162107549,0.12456515258926673,4,1,2,1
19,2,0,506.0097212216499,281907.797234013,5228.791608416836,0.021245621231029473,0,0,0,0
23,21,7,819.9349286492342,47774.39039464996,572.4760504277441,0.30686313181736735,4,1,1,1
23,20,10,494.76973571926084,34441.81311870095,1281.835200726148,0.2874933214833722,8,1,0,1
4,7,3,237.85165196031338,9858.96067572763,204.31302828737603,0.4226457047378685,8,1,3,1
5,15,11,511.0776208719378,31107.885698866594,1832.3541456074654,0.562460864801519,5,1,0,1
21,4,0,1054.4336703323913,231456.4440560479,10000.0,0.035347775976944225,2,0,0,0
12,2,0,964.1971310781543,273835.64470993006,4837.0767140688795,0.015425812154839775,1,0,0,0
16,1,0,1052.899198594112,305474.3954538372,3000.0,0.011364250649938274,2,0,0,0
2,11,2,390.5500619893281,28431.598507279043,2829.4166893432775,0.29983776325126094,6,1,1,1
3,18,7,457.53453203108666,1000.0,3000.0,0.21855623533783636,11,0,3,1
21,2,0,345.4673153456065,214466.65972139753,6863.251972116934,0.02399195611254287,1,0,0,0
2,6,5,435.185111009091,12345.562470910536,874.3478899772555,0.2501248337433027,3,0,2,1
15,2,0,1128.5598682265784,436840.8018558675,5052.7406509611,0.02132216692640649,2,1,0,0
15,3,0,300.0,276793.73114019993,6722.210716472864,0.021569265012539442,2,0,0,0
2,22,2,492.12056891402676,31376.759434738324,1317.3485599249857,0.2753417096674025,11,1,2,1
2,15,9,525.7712921489302,5681.764318927439,2375.3882294479154,0.2562514234321073,2,1,3,1
18,4,0,876.3709352230192,217250.27144536495,4129.710003222663,0.014588065174493781,1,0,0,0
22,3,0,1268.5054103280772,439385.8472969349,3570.8240332231976,0.003973417293162362,3,0,0,0
19,1,0,1502.206104211401,449839.49574188504,5726.416350351512,0.01341457151066892,3,0,0,0
1,23,9,400.10777607382903,34741.77038085423,1089.6033143302807,0.3815733899946975,3,1,1,1
15,2,0,1355.2802454207826,487868.24798383575,4280.190133645039,0.012407637056384391,2,0,0,0
20,3,0,715.6503867529327,375641.45480524446,8315.753828951294,0.011846299959227858,0,0,1,0
18,4,0,908.4136712045001,265802.06806825416,5697.3908615526125,0.022285634161140423,0,0,0,0
19,5,0,970.2390117580014,280914.3889507931,3346.4875989111324,0.010837922250946416,2,0,0,0
12,5,0,751.1390339565897,187648.96546165523,4470.2605300206005,0.0054418171484940814,0,0,0,0
1,16,7,683.9799857216807,29249.217740721862,1621.9895944259767,0.3796071319304708,2,0,1,1
1,11,5,549.480270007997,42118.03150051318,1382.1988242883665,0.6790244272496402,2,1,1,1
3,11,11,321.84995809409384,48867.627696273616,1440.3527250069324,0.24346041906749707,4,1,1,1
23,9,2,619.0115242330794,22421.10643034697,1417.8220751588433,0.2514405176786261,5,1,1,1
0,13,3,151.6153498209944,40372.22504411448,1195.983701321915,0.3928248320742237,9,1,1,1
16,2,0,754.6973223916027,315105.57569172716,6577.140950443985,0.03317711726208887,0,0,0,0
15,4,1,941.1896798805374,244175.89435666095,9497.079490225287,0.025163310650994683,0,0,0,0
12,5,0,804.8328665435924,322021.31851448026,7615.281161770982,0.02669410897444075,3,0,1,0
1,21,8,376.77884363148615,35622.16674566372,2669.871475772674,0.325123910873478,5,1,0,1
3,19,4,750.7513338016374,12618.322777143738,2154.928806993152,0.14759254582600645,5,1,1,1
23,12,11,303.0774133258286,35326.918057804025,615.0674489442313,0.3367824745483842,7,1,0,1
18,1,0,1165.8501280109228,362460.0518224056,3591.1595349479326,0.024718914986701344,0,0,0,0
1,20,9,240.1678858365074,29493.23590169657,1582.0325071170948,0.5157475131376457,4,1,0,1
2,8,10,440.17752073855337,11190.07292626948,1179.035591479324,0.16500428803331402,5,1,1,1
2,12,11,230.25810896045283,42035.45724133593,1642.106661559979,0.2454097666112959,4,1,2,1
3,19,11,275.7098304819487,29431.556137519525,256.9772570741736,0.1507600642507177,10,0,1,1
23,22,8,50.0,39768.95203872012,3000.0,0.24154451952170167,4,1,1,1
23,14,11,649.8984206862779,16488.45213278527,330.0666251280684,0.3858049578414974,4,1,2,1
14,2,0,1747.9533039809448,405963.8220644354,4670.987726460939,0.02537706650512417,3,0,0,0
11,4,0,1175.0287450099477,247518.93656630398,6216.879979454946,0.020660613443247836,0,0,0,0
12,5,1,1422.1784728811717,220940.07788687304,4256.281559303853,0.022062132268221162,1,0,0,0
19,3,0,638.2206996666946,228377.4990576984,5575.487156652779,0.02654246525373825,3,0,0,0
20,4,0,1124.2935076252766,300376.6403508254,9287.07639881802,0.023050456863655464,3,0,1,0
23,10,10,434.19186002726923,1768.3258872297047,495.9717350671683,0.18661107836754431,4,1,1,1
0,14,7,168.2551097700305,51422.79480914124,2211.6224397119754,0.3726447875162343,5,1,1,1
2,7,7,172.65291846948605,17931.292653850025,2545.5407393729165,0.12759167603022992,8,1,3,1
0,24,9,837.1143859780711,26879.678229254412,1277.4137434380593,0.38123944740440147,6,1,1,1
0,7,4,652.9594970739041,23600.40458468958,431.4224718145613,0.29274891342616305,8,0,0,1
2,14,10,214.6832956525312,37973.023835176056,1917.82543449459,0.3045748447816895,10,1,1,1
23,19,3,508.7080185325598,33981.390764052085,2072.4920457181033,0.3241547051860196,7,1,3,1
0,18,7,319.1465053472783,14373.484734589043,1462.9691445116255,0.17149354244769033,8,1,2,1
19,1,0,300.0,269331.23636232235,8355.740165684138,0.01799668123396986,2,0,0,0
0,17,5,512.9880807255053,36314.521281150955,2742.2974658274975,0.269512167701375,2,1,1,1
20,2,0,1730.8319005573617,216476.16348749504,10000.0,0.023611919526325922,3,0,0,0
11,5,0,699.8103425586053,231875.6051505877,9165.618542672786,0.02526168581705629,1,0,0,0
3,19,4,285.7200860343427,19127.447025257025,504.6095797400991,0.1,11,0,1,1
16,1,0,1210.7646896565445,287320.3625879294,6994.586364266436,0.00936899846696001,3,0,0,0
23,15,2,521.074822471226,26883.755020556964,1755.9904988247133,0.1,3,0,2,1
2,14,10,856.7651214874479,36201.32009348657,2661.0155931760155,0.29698818080213046,9,0,1,1
11,2,0,1022.6054243926981,206924.56497501195,3030.940147088845,0.010987051075797094,1,0,1,0
1,11,6,248.03213275538587,26092.436167722914,2174.7739985061194,0.240567052701187,3,1,2,1
21,2,0,1134.148360988725,194175.13734720793,3338.9294146976663,0.02369834441307989,2,0,0,0
22,2,0,951.6463043250944,514354.87613719655,6229.362318513021,0.01774036542300715,0,0,1,0
23,9,11,163.8140738895131,16910.989407827416,1576.2958852712115,0.29547722981365054,6,1,0,1
22,4,0,1675.4004056138824,511534.3219162184,6351.754523838269,0.028967305626758713,2,0,0,0
5,24,10,351.8331329836988,41042.430563535454,1502.5703431824934,0.18969536962153197,10,1,3,1
16,1,0,1111.3219852964162,305875.5387939084,7642.477539360776,0.031294323178131064,0,0,0,0
0,6,11,474.32988402737936,36405.99188163668,3000.0,0.1,6,1,0,1
22,4,0,1494.647973160228,220858.93256224183,4850.405407506139,0.025287983641607673,1,0,0,0
12,5,0,477.51071386404135,287048.30769369996,8711.228754747928,0.027273521095816818,0,0,0,0
1,16,5,532.0866106326807,28996.635640137316,1138.8446757769666,0.28448604831096225,6,1,1,1
14,2,0,1802.0954757625655,255221.03816365002,6672.734785533717,0.016638556385839026,3,0,0,0
19,5,0,1278.7964624467168,424535.3312055663,7502.255662839082,0.02786888013777657,1,0,0,0
16,2,0,911.6860812760046,150532.27090323984,4995.042818612519,0.01580867102362211,3,0,0,0
3,8,9,382.33141669447474,35298.11698125273,1426.0658105393372,0.1,3,1,2,1
0,7,3,530.0377439124219,43475.230247650565,1301.5706034627253,0.23241045234118518,2,1,1,1
19,5,0,1874.4050335444124,143280.0063572829,4642.907876383401,0.001,2,0,0,0
18,5,0,961.3748281661389,164077.52227383855,6531.751291063136,0.022103622847489145,2,0,0,0
5,6,2,584.209154258522,22656.482093086903,1280.0151008933246,0.2284653105461958,4,1,1,1
4,21,8,127.79327467747561,26992.465858226056,1253.5980341030395,0.2534538181550223,4,0,2,1
2,10,3,149.86607173654266,69770.24109294993,200.0,0.5725889033976801,10,1,0,1
4,9,4,638.5643626824632,14837.23696971863,2057.1453374122066,0.45575387423430014,10,1,3,1
1,17,11,302.39176684312736,16369.200794779403,228.5301916161809,0.3891078976128701,5,1,2,1
23,12,2,697.397890114984,18866.1592287512,1889.2965303005835,0.1,5,1,3,1
11,3,0,1471.1496745501345,236218.4233561167,9469.919153537681,0.012539928313040925,1,1,0,0
10,5,0,1270.9945661911256,220121.36348291035,4471.224604289031,0.026826383820923932,3,0,0,0
23,17,11,545.8077904578986,18646.129209218998,1854.5394099047996,0.34086755602971386,11,1,0,1
13,2,0,1322.1784975441492,456670.3721444044,7691.1087229124405,0.030140477909450368,1,0,0,0
21,5,0,1369.5806672252836,198153.69700750758,5595.9665627166005,0.021683672664874122,2,0,1,0
18,1,0,1107.1058154705986,298192.4086644275,4202.398258553473,0.008109913197653359,1,0,0,0
21,5,0,669.5188842545239,419665.2534939478,3404.076687069196,0.014777998540606149,3,1,0,0
4,13,8,658.7283074669806,51417.667826755234,966.2813897861613,0.20367292219762437,3,1,0,1
10,5,0,1618.6593443367117,127616.554899757,4982.180390570004,0.014020177350200676,3,0,0,0
1,11,2,735.5153319513959,44366.71125911968,2789.0011038485172,0.25840973012007296,3,1,2,1
23,16,7,304.9760894371818,33799.42455971376,2969.647777083928,0.1208733345445413,5,1,1,1
1,9,5,389.31734030894063,18855.06074381798,2457.0544220816946,0.587225303330916,9,1,1,1
15,4,0,1314.2960645106366,128367.28903227864,4997.882239013808,0.02807970265915459,1,0,0,0
22,1,0,1324.5409532056203,471282.1719866091,5281.20592821241,0.023023386891539002,0,0,0,0
14,3,0,779.3875065661219,161446.5802210838,4020.6095209646965,0.006710316435497979,0,0,1,0
2,18,2,354.4509646175301,24089.0762010229,748.9038390647348,0.1,10,1,1,1
21,4,0,845.0362548795431,251346.09654436857,6610.489296108267,0.001240345039341527,3,1,1,0
23,8,8,689.348847950741,35691.13466133014,1383.7098272861665,0.15650819993772658,3,1,3,1
12,5,0,719.4892404968341,267484.07660241256,6957.5182118496205,0.029302983550762454,2,0,1,0
16,2,0,1231.189784727493,519327.750306061,7707.848844057363,0.019770468201811102,1,1,0,0
19,2,0,1174.3774261417043,440254.60222205834,3067.7768402518936,0.02847059204613516,3,0,0,0
2,18,9,476.0534734594151,48798.70848634037,1912.794723285554,0.30103885148657294,11,1,0,1
23,12,7,127.54649944191254,44908.04770218168,352.7896366067723,0.3922141410297702,6,1,1,1
13,2,0,873.1195721991943,100000.0,5151.417440735084,0.030422478330483997,0,0,1,0
3,16,10,359.12084707123194,26114.89690116599,3000.0,0.32227552138838494,5,1,3,1
21,1,0,1527.290646583846,244812.3948814203,5466.318916358727,0.015741067578850954,1,0,0,0
0,7,11,419.2809937842146,35084.982153631834,1309.6648199082442,0.1,7,1,2,1
23,12,11,426.95820715497075,35910.4329286577,2276.6334393549196,0.2548895300096087,4,0,2,1
0,16,8,635.3377774591216,72986.81525500417,2143.0279401894722,0.21002996329794335,5,1,3,1
11,5,0,798.5654127354233,152155.25797291688,3901.790708246583,0.022815430087118577,2,0,0,0
15,3,0,1662.4542994582557,408044.06961128884,3692.4330499617695,0.03110963764857059,1,0,0,0
5,12,2,509.1525042809227,15350.033883671407,542.2982936595683,0.3412211156492392,4,1,1,1
1,12,8,807.7609142582897,27895.521983592444,2188.030635491228,0.1,8,1,2,1
0,23,9,515.3189027996,16998.653620073535,3000.0,0.38691012380384965,8,1,3,1
10,1,0,1172.737347826225,234619.66402062762,6637.030577561356,0.011400255844456723,0,1,0,0
5,17,11,512.6371233427635,25239.178098830707,1174.8833705217803,0.1,5,0,2,1
22,2,0,1711.2264419061712,256776.71476676248,3846.1740452077183,0.039331564940070805,2,0,0,0
0,20,4,332.2451621957453,23052.52021347732,1987.2505977451476,0.28850733646359494,7,1,3,1
10,2,0,1176.4213865924185,338581.27032086405,4362.910420416389,0.016649317280723105,1,0,0,0
21,5,0,1182.8782009727631,379659.43027229403,7624.076144083369,0.019703985188905718,2,0,1,0
0,12,5,549.0101101860703,26681.218412646092,2615.4338224195785,0.2527962936131289,2,1,0,1
2,10,4,369.6377531934232,22806.612341875007,1235.5626855776984,0.4091217005079262,11,1,1,1
10,2,0,933.2860944153042,266616.7925539817,3000.0,0.02470877428366157,2,0,0,0
0,22,5,122.99532804637397,22912.828327114363,2664.4569437850555,0.1,7,1,2,1
15,2,0,1327.0886940051735,294919.64021175937,5114.0182011189345,0.013829368751511334,1,0,1,0
5,8,8,360.45931348771524,31388.539839173158,3000.0,0.1343174209218529,11,1,2,1
3,16,11,231.92900399595067,38056.00613179311,1931.4268611918064,0.3071210684342902,6,1,1,1
22,2,0,1365.6806397720227,219562.56041981644,3431.4731800956524,0.03810475865770133,3,0,0,0
14,2,0,1436.2009275181115,240483.1950092958,6266.182721509985,0.03624584979380855,2,0,0,0
23,7,8,269.82933839071404,40297.151008787725,1827.0835540034932,0.1843648649930753,4,1,2,1
0,17,5,266.7089807549525,11004.717392941573,1967.9812188649132,0.1,10,0,3,1
19,2,0,1584.0734677497396,454490.4698709144,7099.920650176059,0.001,2,1,0,0
19,2,0,1201.5933926496334,201685.68737331484,8362.195854410156,0.03126158039644481,1,0,0,0
23,16,3,335.2185285658644,24867.3001789186,1453.4972165547256,0.4639682166456326,7,1,2,1
1,6,7,178.34230443956244,30859.954766609044,2092.3848656263353,0.19966586279614212,3,1,3,1
4,18,7,302.19529689786157,16264.152927409667,1259.3584904081977,0.14279547187494865,10,1,0,1
4,8,5,133.0462651526032,59794.16469453413,989.0712017764945,0.1,9,1,1,1
14,3,0,660.1425060549983,572231.0932581625,7861.769743370301,0.0268212363538293,1,1,0,0
12,3,0,1746.1144543565465,421548.87216247834,3810.6669216412843,0.007183817578943237,1,0,0,0
19,2,0,1552.8299261157922,278429.60222713894,5754.195408088228,0.01001873984907583,0,0,0,0
18,2,0,1373.5173620076037,285141.04900425574,3783.8908854081956,0.008152021468887462,3,0,0,0
20,3,0,1926.230992638029,147057.22799673103,9308.461036559904,0.03614827209952384,0,0,0,0
23,11,5,479.8491192640414,1000.0,853.6952269342016,0.23672530353464563,10,1,1,1
1,14,11,392.13013283423976,23284.583829266056,915.4047003011826,0.24324870553697947,9,1,3,1
14,4,0,477.77269840591885,328649.8609289336,5527.25035224765,0.007670371013786086,2,0,1,0
5,17,7,254.36325446266002,8392.404142881423,1934.768817678397,0.6647653712957442,5,1,0,1
15,3,0,462.04785086475783,237202.32671033824,5803.1653925836645,0.02864600586388684,3,0,0,0
17,2,0,729.3339370458052,495881.00681422546,5400.557210777976,0.021357184046929538,1,0,0,0
14,4,0,865.521944736168,248847.88316241937,8091.988913918031,0.016328790065130317,1,0,0,0
3,16,9,498.0155573151807,31615.60226542301,2430.484040961655,0.2803731835859925,10,1,0,1
4,15,3,50.0,46379.39544537074,1486.0374678929707,0.1887114598231343,6,1,1,1
3,7,9,255.6281721258617,21121.966902407286,1664.9159791055408,0.1,4,0,3,1
0,24,11,474.4833390767793,1000.0,1100.4703810521592,0.1,5,1,3,1
3,7,9,267.75499402012815,38589.88396653553,860.6339188027871,0.1,11,1,0,1
0,6,7,143.03283761808717,25141.734832453905,1566.2294139150545,0.33100204464270877,3,1,2,1
10,3,0,1608.5979945629756,141825.67871654566,6792.0578884825545,0.001,0,0,0,0
20,4,0,1428.0519782071383,432785.9927508215,6495.176965541113,0.032541594601571036,1,0,0,0
15,1,0,1304.7341282286147,463061.8980116362,7239.512248132719,0.004368106542118399,2,0,0,0
14,2,0,907.3838821094555,316427.8764334285,8662.789871030118,0.02730804829938171,2,1,0,0
3,23,7,262.98118322377195,31928.368674558275,1103.3109389352667,0.4884808725156795,5,0,3,1
12,4,0,1526.6218070262394,421588.39492580865,4172.193072007941,0.0011783117092046963,0,0,1,0
16,1,0,1097.683488614396,273020.6819792723,4784.079587598093,0.023354386730587682,3,0,0,0
1,11,6,229.82889534992057,27600.969079352104,1961.0567037124556,0.11459885245613508,8,1,2,1
3,10,3,121.28733098161831,26320.660475920045,2853.503937972897,0.28503832893445147,4,1,0,1
20,4,0,1519.3908041780987,234439.46931538792,7037.468871752968,0.029845706916384246,0,0,0,0
21,3,0,1994.377910435203,308568.1111640605,7081.736890423831,0.011807227750866855,1,0,1,0
3,18,9,257.211509576804,29267.484401134265,1383.721609159633,0.2665492507209902,11,1,2,1
1,11,11,609.8074644592361,20142.332889928104,2570.099635096345,0.1,5,1,1,1
0,22,11,711.6634364620538,19262.205569382248,200.0,0.1,9,1,1,1
15,5,0,1332.2112691621662,203361.17406687204,8614.107815606843,0.009475125448830498,3,0,1,0
1,19,7,576.1057436769037,36320.19250234892,2414.77636133139,0.3891100744591315,3,1,1,1
4,15,3,296.647324957675,36855.17230461992,1278.3880602344755,0.21390442309469573,3,1,2,1
5,14,6,597.430351242203,16355.521505386754,3000.0,0.31634068647933367,9,1,3,1
11,2,0,1558.569888762965,491640.8812398578,4675.893555618545,0.025843608316205892,3,0,0,0
11,1,0,1168.2695214495147,242583.91962018737,3601.0468828202206,0.03400879257249609,0,0,0,0
1,14,9,168.06004512755516,1000.0,2892.673355195766,0.10850987992272845,11,1,1,1
15,3,0,876.1730452616507,314955.95976371726,10000.0,0.034868174629702084,2,0,0,0
2,13,8,676.8594194164539,56809.79776648244,1950.6289040255765,0.3091044340172145,8,1,0,1
4,15,5,450.50580053275405,20231.28357413852,2160.550823456305,0.1,10,1,2,1
19,1,0,1791.484627213389,275855.6939583655,5109.857801729079,0.030303822138119732,2,0,0,0
14,1,0,2024.2755734911675,190644.13143445118,10000.0,0.006474188044569968,0,0,0,0
5,10,3,436.9349137318907,61652.16922721683,846.8047115805255,0.22074512848572703,6,1,2,1
0,23,6,536.1456045544717,21438.46124207425,749.1870437803167,0.1403742025227828,6,1,0,1
21,1,0,1189.4340003651816,398359.83231147024,4298.460383317639,0.025478962318033184,1,0,0,0
17,5,0,883.0339393200476,377518.18291196716,4173.367211057038,0.010671881935896969,1,1,1,0
19,1,0,687.1544755467744,421195.4052664816,5365.841330481842,0.022024468116281223,1,0,0,0
4,17,3,373.3491745216849,19181.570326221692,1256.4310982821057,0.32653124898911,8,1,1,1
5,17,10,478.8265412210318,11620.225648886055,200.0,0.19320291508518578,8,1,2,1
15,4,0,2041.5045907783176,266249.9115011084,6906.089834242038,0.008335888480048174,3,0,0,0
17,1,0,300.0,412780.9979957249,7566.512368090816,0.028918124316946903,2,0,0,0
1,7,8,460.8442151634031,18551.09312591351,1544.4747406617994,0.3531697821447839,9,1,0,1
12,2,0,1904.3325359750934,255106.3549970918,4301.32430386965,0.010373703720266872,0,0,0,0
11,1,0,1037.5064966534096,222301.01657494175,5609.990470198202,0.03661053976034506,3,0,0,0
0,23,6,296.79316452235116,34656.47414322441,2368.326701350828,0.2843637808155358,8,1,0,1
10,4,0,676.2310801594704,450756.74538069847,3237.246447535686,0.008313713171429801,0,0,0,0
12,4,0,1045.2826648570697,186938.80760494212,5448.360336083733,0.033427415562735936,1,0,1,0
21,5,0,1244.358572065365,359791.35073989385,4262.973225391224,0.021211158600306576,1,0,0,0
3,10,10,160.25781196718597,32055.722058470332,1449.5303459269524,0.2101005188272389,8,1,3,1
12,3,0,1154.9757883415286,285942.55587701546,5997.094802444287,0.025090893310575457,2,0,0,0
2,10,10,211.33241268055463,25137.87678456929,1218.1678783650839,0.3018775878770399,11,1,2,1
2,15,3,443.3738242791226,31828.664606638766,655.3022039276593,0.272221350789606,3,1,1,1
23,7,5,116.09601614641736,38836.59399845909,1453.0812207204553,0.3167533619827733,2,1,2,1
23,15,9,547.2005120238907,39428.46362183263,2515.6726392294213,0.45130234422282606,4,0,1,1
15,4,0,1231.2052297822358,146287.87773057312,3080.3701585318754,0.011031922229409625,2,0,1,0
16,4,0,1312.9801957060956,367708.8760340385,3993.4210178086114,0.012744295183523352,1,0,0,0
17,3,0,1195.2967766424476,198026.34526583314,4681.080442294224,0.021057644236204605,2,0,0,0
11,2,0,916.7492543966209,564826.4232902261,4509.017461360971,0.01500637358256021,1,0,0,0
4,13,4,246.04791155466535,19195.134123239186,2719.7606046260644,0.2699178323905697,5,1,1,1
4,21,11,432.0092790367895,26381.987674352902,200.0,0.15558848174515608,9,1,0,1
10,1,0,975.9189230639086,255874.43904899305,7616.734860115846,0.019101660346771025,3,0,0,0
2,19,7,346.6092663405983,31082.423063223305,1447.9964125504366,0.2876385913795961,10,1,2,1
11,4,0,1197.1038405623412,337801.564776022,6076.588974504092,0.015463899274689408,0,1,1,0
5,19,3,403.08112145838237,22868.02322791889,723.7743790191037,0.31373975701214135,10,1,3,1
12,1,0,1907.6764676946655,347180.9099253734,7398.376757305824,0.016047821242666155,2,0,0,0
18,2,0,1676.3554145795079,335602.25035862776,4632.063365107892,0.02156227899809024,1,0,0,0
0,17,11,180.54311528281337,53491.74926429354,1741.6324189980107,0.27206276973024934,10,1,3,1
14,5,0,996.0841084161056,115888.8267579934,3000.0,0.00702122013278531,0,1,0,0
23,9,7,826.8475012606489,26191.477063894054,2809.912295684434,0.1,7,1,0,1
17,5,0,916.9688435925945,371587.150284359,3935.1068204477842,0.003384473915580437,1,0,0,0
14,5,0,392.61502861119357,336457.7696027758,7899.066535779958,0.01753432044214202,2,0,0,0
23,19,3,50.0,28170.311659178296,630.3372687823784,0.1,8,1,2,1
4,17,11,272.9464431925196,34940.84588192245,215.5192155272025,0.17968589569853455,3,1,2,1
23,17,5,671.3153683733938,32695.467507123944,2218.9891723616925,0.3155780410166412,6,0,3,1
3,18,2,431.35416033878533,27913.7682502384,1648.0467429142316,0.1,11,1,1,1
2,19,8,295.27509874994405,21142.470909011277,454.95327972630275,0.47152986479533276,11,0,1,1
2,19,11,416.26847881913744,17843.01811827939,1316.432311200796,0.41062297560968425,2,1,2,1
15,1,0,1377.9211992078299,377588.1094081244,7921.372461383292,0.04265148536261676,3,1,1,0
3,16,6,72.47920308681665,52427.37020168267,1571.7966015946936,0.19917832540585312,8,0,1,1
12,4,0,1301.5548762662388,437683.76228188624,6123.188883167378,0.024806605034151004,0,0,0,0
2,10,2,484.1882098035469,27412.61319972279,2135.4358728254892,0.1332854015972622,5,1,2,1
23,20,5,577.9678099334516,35041.13162421409,2729.0532800583387,0.1,5,1,1,1
19,4,0,1228.9586591273194,172924.35450783026,5060.729023462001,0.03271150616486803,2,0,0,0
2,10,4,528.5631844135938,56886.692439108665,473.59360374583275,0.13937450878956859,11,1,1,1
20,3,0,894.5189363284171,422361.07379867625,3420.4246266780065,0.033016168637924864,3,0,0,0
23,20,4,628.5646790839,36418.53358091754,628.1285640612898,0.13671005304832098,11,1,3,1
18,4,0,1339.9141070301134,252051.95445696393,9092.894031429854,0.015996138900198107,0,0,0,0
16,3,0,1895.596724130741,157233.49895324025,6146.745862669338,0.02864883032196839,2,1,1,0
1,22,11,547.7714981557475,38618.83206699389,1247.5641194710142,0.3378199329565795,7,1,1,1
4,7,10,430.6517935197729,33573.50089837334,658.3281297994928,0.25086699724305767,9,1,1,1
17,2,0,1085.756593044382,297478.6953002524,6283.726596414261,0.010746643286369246,2,0,1,0
3,10,5,400.02195824366123,17806.846805053916,348.78987752567195,0.1771408982880976,7,1,2,1
0,7,5,278.15955980295394,24280.595405670898,3000.0,0.5052346179181604,8,1,1,1
19,3,0,300.0,168595.1156843901,5946.776196077733,0.022207226890834195,0,0,0,0
1,24,4,319.1865323194049,32799.055436420706,1406.2526232498058,0.25858989459988657,6,1,0,1
1,18,6,334.14403532249355,38110.156504600774,2337.527316303826,0.44988216659243674,3,1,0,1
5,8,3,349.9800278431965,24222.20310603097,2873.629390133092,0.1951111883717746,8,1,2,1
3,6,3,598.9259666162548,43592.73720931681,1916.4634080031174,0.38347743441419885,10,1,1,1
19,3,0,1020.563751419975,255152.47690110846,7235.710827513107,0.025523933750328083,2,0,0,0
5,8,5,470.7027036667786,21238.747034275402,200.0,0.19505088050882244,4,0,1,1
2,15,9,396.00083624521824,41417.903041736296,1244.257676455462,0.1,8,1,1,1
3,22,6,624.747667706833,14083.644420261191,936.9053152172944,0.1,2,1,1,1
1,18,2,283.68437946294506,39370.70471763211,1168.235033365497,0.1,3,1,3,1
18,5,0,1210.2660951990315,364618.60121365276,7109.300116978698,0.007715125623489154,0,0,0,0
18,1,0,1424.5777843439807,280389.97178828664,7198.183534229909,0.021510198863243107,2,0,1,0
11,3,0,1901.3618509251883,327726.0294366163,4823.917507701499,0.031874843124607664,3,0,0,0
17,4,0,709.5410541920603,229826.7516182455,3000.0,0.02309397998149358,3,0,0,0
2,21,6,299.983744063789,62137.45937728083,2222.582249456569,0.21212261072804356,5,1,0,1
2,18,8,488.9601914220482,45381.89970275912,811.0598226089041,0.5099518489132151,8,1,3,1
23,19,2,264.0685362674037,18614.834978366525,878.8091261429494,0.41954138535444224,2,1,1,1
11,5,0,1597.475870520255,348801.2715401868,6627.7066628670755,0.03912618558478195,3,0,0,0
4,10,4,695.08938764043,40747.588023061384,1743.555101119542,0.1,6,1,0,1
17,1,0,780.7398800879453,235801.90264545183,3380.520996022108,0.011989529172583288,2,0,0,0
0,16,8,50.0,4159.434449176384,200.0,0.3288390020027827,7,1,2,1
1,10,8,218.65367897777904,46112.76909651745,200.0,0.15766430500769774,10,1,2,1
20,5,0,1561.4931137193644,379821.695357066,3825.6654685673616,0.0033168864581465916,2,0,0,0
18,5,0,1502.6127603946843,281431.5503871355,6379.821798878294,0.021939913289490853,0,0,0,0
10,2,0,1556.167434196083,324139.9966267909,4655.0809376315765,0.022532190905531557,3,0,0,0
10,2,0,763.013183809464,211794.07279605162,4855.030386909679,0.011848617180300404,2,0,1,0
22,2,0,975.9113488940529,396190.13805140025,4064.7782796401384,0.014663016791657848,2,0,0,0
20,3,0,1489.2091614920687,151942.1226638973,5917.7785356719405,0.030467742612787205,3,0,1,0
0,19,3,507.2213224335168,23243.590822837745,1772.473041805558,0.2650497762024175,6,1,3,1
3,17,9,228.72346760576932,32738.531404709,1261.6683725695498,0.28410128797820833,2,1,2,1
10,3,0,1373.3136533757036,300056.185546921,6048.143439312286,0.015887691901401928,2,1,0,0
3,16,4,293.7760568070024,2084.356264868926,1264.539635012929,0.47953282059651836,4,0,0,1
5,23,7,274.2902377825006,33499.58841354324,2460.7022433016423,0.18158938284197235,9,0,1,1
20,3,0,1432.8109414469072,389593.46053683234,7670.473094055692,0.023848444928929183,3,0,1,0
15,4,0,1334.1039979797488,229289.94141237866,4410.389309028022,0.012843129585714569,2,0,1,0
2,22,10,432.89520542519705,48058.83439504467,867.9675941139217,0.3580722205324081,10,0,2,1
0,6,3,294.33937670306244,26970.55142171849,200.0,0.21612803011952372,3,1,2,1
3,9,9,252.11549196235512,29555.03660730518,1735.5872478313538,0.1,8,1,2,1
16,2,0,1022.8913773255214,193003.91421449173,3000.0,0.025196817748484916,1,0,0,0
19,5,0,1265.468704891888,219212.18333849995,4317.69824177143,0.03143628736435638,1,0,0,0
23,9,10,576.4000866612614,45655.59540126018,1740.522628817742,0.4060212306891194,9,1,2,1
19,3,0,1162.1973830923678,335543.9572360461,3641.4839994091035,0.02256451733836418,3,0,0,0
21,5,0,1051.1125961412831,396918.2987362268,7938.4455983856515,0.02574632285372249,1,0,0,0
5,16,8,616.7664828334964,1000.0,2287.563808554161,0.2408315498264865,4,1,1,1
2,6,5,326.58021609493323,25039.585950484325,1704.4479082843432,0.26450012848617527,9,1,1,1
15,2,0,951.3351979809931,229589.42538377963,6048.483545031096,0.00412997008301845,3,0,0,0
2,10,9,375.03488437008946,46578.69787420811,1839.3979788788806,0.4034011517067715,2,0,1,1
3,7,10,579.9077819986439,18401.185475038983,2521.9350092832788,0.1,4,1,3,1
14,5,0,890.7847270395637,210290.4699518322,4877.960846108805,0.021089182332446735,3,0,1,0
13,1,0,1214.4730917772367,401148.5294566596,4621.6874877372975,0.03748264230011281,0,0,0,0
13,3,0,990.7838281533657,116874.13621882664,7999.814134330118,0.02968616510063169,3,0,0,0
21,1,0,955.290538413792,231948.1927716585,5402.013303654484,0.02389114954344516,1,0,0,0
19,5,0,1451.5017258111386,335999.2639420675,3000.0,0.035498717041592645,0,0,0,0
13,2,0,1283.7385343581716,177835.21397062516,3242.1625802520666,0.016338301884837213,0,0,0,0
2,15,5,509.74250525733873,44947.45056052771,200.0,0.3655398919375513,2,1,1,1
2,13,10,207.3066800601581,40283.74556338166,1160.5335256282472,0.22584375247895397,7,1,0,1
2,16,10,582.6322587807098,20294.201894385067,2129.044144907627,0.47465457436764047,6,0,1,1
15,5,0,1078.754271393314,579856.5912030905,8340.631451203033,0.001,3,0,0,0
2,13,9,345.4497412501859,22569.879677040026,442.21020341110443,0.12578548271455284,10,1,2,1
2,20,2,531.5221122409682,22699.0468557809,516.7727148498627,0.3908689432378906,8,1,3,1
17,3,0,1265.6063826562445,380993.3015116771,5753.064584151062,0.02827561034309873,2,0,0,0
4,16,11,331.0649426058563,2203.5711260173302,1397.7534810270245,0.3418011200806612,4,1,1,1
4,23,11,585.3024012251439,15088.09552035521,1909.747488789963,0.1,3,1,2,1
14,2,0,1125.7877990614143,446124.22272461944,8330.24716681509,0.0159659223793049,1,0,0,0
15,4,0,1563.9961390378096,392501.7468122467,5781.151872405468,0.01819140651214932,2,0,0,0
19,4,0,1370.9752912333543,205798.6669881433,7890.984657422953,0.01473832751408672,0,0,0,0
2,16,11,524.2472069433974,9623.349890307276,1757.1378684666768,0.17332139391360046,6,1,2,1
1,21,11,276.28186745502705,5770.207702978798,1698.122356124609,0.3154493956775738,7,1,1,1
11,5,0,930.0743023075452,384633.5217995884,7406.126792421487,0.016687628557421428,3,0,0,0
2,17,10,490.0137705307159,10086.727989793813,200.0,0.23504275025779842,9,1,2,1
1,9,2,504.42132162035114,9219.294615657254,1370.9354184004833,0.17592712919911635,7,1,0,1
18,1,0,1250.203549792875,434299.50777403,5804.638607077565,0.011829939925360885,0,0,0,0
3,19,5,50.0,21697.388695412083,1510.6840445709981,0.288693142087482,9,0,1,1
15,5,0,1782.9486569858268,614889.6645046873,8747.176218674847,0.02800681355662136,2,0,0,0
23,13,10,639.0601645341715,34199.78040813477,1456.1611202553315,0.33529869557965986,7,1,2,1
13,4,0,630.5859436119074,322461.3666556654,7595.537842609543,0.03756910916409381,0,0,0,0
15,1,0,1067.8603013794113,177361.9728243513,5148.44367537104,0.049252803751484935,3,1,0,0
5,20,3,319.6006276789962,25316.38072188931,2320.055825955127,0.4938610382179682,2,1,3,1
19,2,0,966.8399195386266,362880.6150784708,8761.472825278197,0.0339992212702094,1,0,0,0
11,5,0,1030.8286619989085,274771.0271629387,6283.082441680457,0.026018978456230794,3,0,0,0
23,10,4,702.4456036201377,20809.389885476696,1586.6069003749337,0.1,3,1,2,1
2,10,8,370.4162414118976,58894.23141639572,1350.6698825517963,0.39079027152978507,7,1,0,1
2,16,10,523.9849762807268,54351.735381223756,3000.0,0.22045072213839906,5,1,0,1
23,21,4,234.27494627701023,29440.32760828078,317.6223528318542,0.1,6,1,3,1
15,4,0,1391.678881310416,383185.7703613595,4202.283655784756,0.02328813653042261,1,1,0,0
3,7,9,320.36443509354285,37095.228020871786,1951.4623982531118,0.5121948923748604,7,0,2,1
15,4,0,830.6140013768189,207984.36859017826,3662.3044159835445,0.021030312989325152,1,0,1,0
21,2,0,1216.4851100112007,345872.2845202066,5936.890000098674,0.018195901448112783,1,0,0,0
5,11,5,519.9294529500619,50367.791527811176,2175.1633395117533,0.5658765648723921,11,1,2,1
17,2,0,492.36490718565733,273303.4053816438,4565.482874839897,0.024231266451155035,0,0,0,0
11,5,0,727.140300479281,166421.40376151353,5925.060221169939,0.018555591639216197,0,0,0,0
5,14,10,585.2479372469295,59076.68908827851,200.0,0.45587858148029203,11,1,1,1
5,6,3,126.21505076407419,16753.653461499438,1714.3452053180677,0.3404552581310367,11,0,3,1
4,11,2,248.8291200524081,22977.4576347263,1123.8120915700915,0.30673330387253267,8,1,3,1
4,19,8,348.0010833690478,22283.84752324913,1915.8900995312028,0.2780650218313851,11,1,2,1
14,1,0,896.232726834633,294603.73399352666,3000.0,0.009099093039183244,3,0,0,0
20,3,0,881.962874144659,255168.67249562754,6977.616148806699,0.025026719656636606,2,0,0,0
3,11,2,453.50496978637653,28211.865967434755,761.0003840787738,0.1,9,1,2,1
1,22,11,729.1954712411928,3105.5442402196386,2334.4025107585535,0.30536518310407534,9,1,0,1
22,2,0,1743.4831195376635,373483.12768652017,7550.721004441171,0.033290786739890194,2,0,1,0
3,12,9,250.56956676107336,36804.31257534718,1098.2841469475131,0.16696885079087684,11,1,3,1
1,10,10,114.16410961116463,47242.82157456798,1956.7342707308476,0.1,4,1,0,1
22,3,0,1292.1089253020277,266312.6547293416,4446.775838717183,0.02665481051591574,2,0,0,0
2,10,6,116.7209248347022,45854.52823841147,1372.9558979277128,0.28722569541956844,11,1,2,1
0,9,5,796.122866937113,44195.658726189715,1897.5212194017795,0.25637780077419553,8,1,3,1
14,3,0,1683.6479239802381,244578.5047313156,5318.757498708848,0.0062696116764032455,0,0,0,0
2,6,5,293.32121698081335,29393.989069927033,1980.7187495561643,0.2904914587065959,10,1,2,1
4,9,5,376.7121953729808,32366.83775113384,1778.891566515906,0.1603690428841794,9,1,2,1
18,1,0,1684.3110987293978,348241.82247247535,5911.728447663684,0.022864156044608386,3,0,1,0
1,24,9,162.918427306878,14117.695309919398,1207.2282839213246,0.27606259436392605,9,1,1,1
15,1,0,1233.8430974851779,421843.22813768976,9602.782828550591,0.013835557244124915,1,0,0,0
2,21,4,412.61005756410304,26333.23095065222,2244.7746101498487,0.3197651942529673,8,1,2,1
3,13,9,523.6290519585675,24364.67102467709,2024.6742911514957,0.2352726740834553,3,1,0,1
15,1,0,944.68446775331,353799.5649068834,7914.324880444803,0.02003327419583195,0,0,0,0
4,16,2,291.5245594482669,1000.0,1198.7357696868496,0.267721728636622,2,1,1,1
21,5,1,1102.8548701711793,394676.9546006934,5641.34006623466,0.024333606909095,0,0,0,0
13,3,0,1313.446882202004,178822.3080795019,5213.579534434955,0.03274075156487703,2,0,1,0
11,3,0,2004.248253283276,454807.75548308634,5488.416045545651,0.001,1,0,1,0
22,4,0,1228.8293568545816,368849.8465579122,8199.372440079926,0.021067539657161023,0,0,0,0
23,16,5,1000.0,40971.60559920203,472.03865858832273,0.24961223542250563,6,1,2,1
3,12,11,413.69168862192555,15198.087813491718,2788.3214998205,0.13562226153988038,8,1,3,1
12,4,1,1219.2755018991609,391490.8203556769,3000.0,0.019132301906664876,2,1,0,0
19,5,0,986.5274800537255,100000.0,3496.4692267721534,0.01091920111580681,3,0,0,0
11,1,0,1041.667849332029,100000.0,7795.848505332356,0.022009265199206634,3,0,0,0
0,19,9,482.97171527183525,1000.0,2413.0129199900607,0.2208639046930496,9,1,1,1
22,5,0,1240.0047496485522,392912.8862531557,6401.595827957119,0.02636524463217011,3,0,0,0
22,4,0,1629.1405962483968,382751.421473121,5407.254648604787,0.0067289414434951594,1,0,0,0
23,21,5,153.07673886599403,49391.67653813264,1481.9321134227146,0.2268673826572761,2,1,1,1
1,15,9,98.74896095643402,32277.26869604795,755.9432889564027,0.1,5,1,2,1
18,4,0,1546.0285957899848,301332.1019523265,8999.028058785556,0.01047876257851972,0,0,0,0
16,2,0,775.5957604847911,263885.7565388171,7912.019875259219,0.019835724272690244,3,0,0,0
19,4,0,711.6608743749896,231739.392778194,5384.939242576419,0.024952905553873958,1,0,0,0
0,17,10,469.86771131450195,25635.358433998124,3000.0,0.4549118085460159,3,1,2,1
19,3,0,300.0,357085.4564115101,3624.098942848558,0.01580746736557073,1,0,0,0
1,24,7,50.0,48432.34207514643,1417.547649144407,0.29232847474821966,10,1,2,1
18,4,0,1276.292290642846,382979.081410692,5250.4860620671125,0.01427404763592114,3,1,0,0
11,4,0,1478.33335198226,313670.5322757262,4674.392056721433,0.024003822334071192,1,0,0,0
5,7,11,507.9637017810932,30258.781088857846,2494.8594624016387,0.1406338972328811,5,1,3,1
5,8,2,528.756703294636,27587.81459183598,215.7070657905026,0.11936354194894017,2,1,1,1
5,8,10,379.51247838400013,25319.438624152353,2481.7327403734575,0.2109491137671046,10,1,2,1
2,15,3,497.6607982368656,20417.67813807764,2087.3260950067865,0.2595678295181983,4,1,2,1
1,10,3,323.48259363354487,37657.10712948544,2314.3141684675265,0.5521198261546657,2,0,1,1
11,4,0,675.6116657108439,237212.24609794753,6694.714026513759,0.01767858146771884,0,0,1,0
3,12,4,563.2600387428525,30095.642561371402,742.3043144998784,0.3158311557204461,5,1,2,1
13,5,0,421.89932121549987,334513.93096540583,6373.193483453885,0.014024350558786826,1,1,0,0
0,13,7,187.03091368994222,16526.73057229526,1003.055787917141,0.1,7,1,1,1
21,5,0,2103.051418565737,125193.25280862142,7039.5331239784555,0.029942661357839934,2,0,0,0
17,5,0,1552.225157723067,226089.62500974635,6678.04198265265,0.02847313425711607,1,0,0,0
2,12,6,514.7871606710871,38525.39449947084,2626.1704342211874,0.3353792433716477,5,1,1,1
5,21,9,433.3399019477577,33447.723934787304,1494.7364647079964,0.2807621428216341,2,1,3,1
4,21,6,669.2497858107931,27574.702800639385,2292.199122714186,0.4084593959068976,11,1,2,1
5,14,3,156.4253204859101,37250.922928068896,2179.9625666630595,0.22597664743157375,5,0,1,1
17,5,0,1419.4446108484717,292025.82351023366,7510.986280860758,0.026950678287131262,1,1,0,0
2,24,10,680.0629551791889,22611.308630912867,587.971044579285,0.38338834821593815,5,1,0,1
4,6,8,457.8983973395217,45799.051930848786,1048.87749951602,0.32679555440125246,11,0,0,1
12,4,0,399.1429787037797,381649.0342575931,6512.559254582877,0.04667057230830454,0,0,1,0
14,5,0,1212.329681771026,502171.49861542624,4870.629765710593,0.024385640755957633,1,0,0,0
1,15,4,485.6666368335513,13120.764082019581,200.0,0.2527375961848306,11,0,3,1
3,18,3,514.2928551703357,30343.393302675886,2472.354469635217,0.3629611365802112,3,1,2,1
17,1,0,789.3224967702868,259887.96938290907,6597.510623976376,0.012437783125889655,0,0,0,0
22,4,0,1545.1758844968895,175164.3522288311,7346.542089920298,0.014937912824460968,1,0,0,0
1,18,10,577.3511185620634,36440.90590503602,398.8476062680395,0.25378914701725064,3,1,1,1
14,4,0,1197.892889339006,370036.94696476834,6307.203839730648,0.02692479235150359,1,0,0,0
14,2,0,1045.9249489184676,281354.00569838076,4165.216029473439,0.030648809812421383,2,0,1,0
15,2,0,835.6327745811852,232843.49119994207,5720.030361127198,0.01967167792752693,2,0,0,0
15,2,0,983.5275381866156,401822.0429234459,7330.022724865294,0.03791512349138934,3,0,1,0
23,6,10,420.1240151685075,30263.129268171644,2269.452462742491,0.1,11,1,2,1
2,23,8,279.567842971595,27640.434360791536,550.6720254111301,0.1,5,1,1,1
4,13,10,365.5568339523975,19502.511024481737,200.0,0.3078239468097352,2,0,1,1
10,3,0,1273.1206850922965,381590.5988984484,8801.304897627386,0.017440160754243494,3,0,1,0
10,5,0,730.8728850933754,169339.19733468653,3730.1530956525257,0.00804355569015176,3,0,0,0
18,4,1,1267.8467226870566,321352.5925928473,6293.558025457976,0.00211117154459059,0,0,0,0
16,2,0,741.7689858260981,381459.65765897883,6868.556321322414,0.005999120156325316,2,0,1,0
12,2,0,795.2290762546506,198626.68464348384,3000.0,0.007075796556377885,2,0,1,0
23,23,11,422.61873383124794,1000.0,1688.4770723140132,0.1,9,1,2,1
0,13,8,215.10088925640753,37002.13088582483,2239.363968036235,0.3446868875213516,4,1,1,1
2,11,7,403.82522098931895,24720.09044879911,1126.596218445103,0.33249922303619805,3,1,0,1
4,17,7,120.31748803058326,27069.268489415554,200.0,0.13398702452285297,2,1,0,1
1,7,5,576.9247282833236,31218.66361730146,1398.181411088129,0.10432965258732146,8,1,1,1
18,1,0,603.304276983454,471903.58336358966,4681.213899963617,0.020939494417884175,0,0,0,0
23,10,8,347.5444612875666,22701.32572506411,200.0,0.22298673360777985,10,1,2,1
2,9,5,132.80706017722673,55866.224175428026,1959.4466670769575,0.1,11,1,2,1
19,2,0,1369.4583154132752,315195.1877943635,6725.968799476219,0.04565562220204355,1,0,0,0
19,5,0,1522.532807623572,350563.1051253113,6704.784724156815,0.028217772060372473,1,0,0,0
1,17,10,257.8587633724901,47878.320198626796,200.0,0.1544842633067502,7,1,2,1
12,5,0,685.951400574151,184273.26896257437,5956.253724910637,0.009097263357224975,2,0,0,0
4,14,9,448.4518219322156,43545.50604654867,1347.244010865092,0.40011023014444913,5,1,1,1
4,9,5,288.5285262811522,37312.96185637318,1729.820084792495,0.1,7,1,2,1
4,14,3,178.17345290303143,33722.407241235436,1048.7685015889692,0.417418225133911,4,1,3,1
18,2,0,1105.2955732860028,111455.78271759482,3000.0,0.01605678740916259,0,0,1,0
2,16,3,468.87092374167867,58857.31589060942,564.6318486092425,0.18719468616953816,7,1,2,1
19,2,0,610.7920677938945,415198.5565847456,4715.350565001144,0.030601856663243235,0,0,0,0
11,3,0,1588.3543556352633,374808.69472432113,6870.907915605566,0.020103631131098813,0,0,0,0
0,22,10,475.3502394797522,23511.546031204554,1104.9441293063237,0.3505680342042954,7,1,2,1
0,13,9,492.13826243286337,30874.92557345613,1308.9012872099693,0.35913481727815727,6,1,3,1
2,17,6,347.5383577223048,13281.29935292451,3000.0,0.37955305159638864,6,1,1,1
4,17,8,575.3013046253928,14624.779073964923,1596.6548093557099,0.1,5,1,1,1
0,10,7,628.525549473394,17299.413735941234,400.3755888801593,0.226328646546422,5,1,1,1
23,13,7,385.5243854011186,48215.61066076756,1811.9495551567777,0.17258374038195018,2,1,1,1
16,3,0,1337.9735370090448,404900.0701065401,7412.580112200441,0.01967636890091631,3,0,0,0
10,3,0,988.3057197907953,411288.42530120985,5699.919455180343,0.015215736001052995,3,0,1,0
16,5,0,1477.5007682827077,341514.7732929836,7174.226897311282,0.019291408365695602,1,0,1,0
4,8,7,87.19768879736245,48675.27647339374,2153.0370033356608,0.19540103247035434,9,1,0,1
16,3,0,2009.1768305226342,100000.0,9001.230774270036,0.0112998848018226,3,0,0,0
10,1,0,1230.3291723921752,324873.8229728545,4679.847933113217,0.025765417163795802,3,0,0,0
14,3,0,1338.1695276161886,356080.8065160991,7523.597667905155,0.025348550826399772,2,1,0,0
4,11,9,500.7141990909638,28851.530039449783,2966.6955592176987,0.41071666745938007,2,1,3,1
10,3,0,385.8082285795289,433241.0058420715,6596.194335982776,0.021925795021393718,2,0,1,0
13,5,0,1524.4427617812553,120467.17769487743,6070.4975147969035,0.029241743496437156,1,0,0,0
21,4,0,684.2502568440602,324991.89940243406,4153.654169473946,0.001,2,1,0,0
1,6,6,178.63702037501423,33744.922464855,467.48664327998426,0.3022027337675285,5,0,3,1
21,5,0,1508.11442055325,316711.6599224976,10000.0,0.011693340072734464,0,0,0,0
5,23,6,268.9932794447874,12965.342517910267,945.0567770747814,0.4498485039961402,6,1,3,1
0,9,11,623.1781415480182,8222.509398527163,2034.4402156645592,0.27459092772667526,3,1,1,1
12,5,0,1755.7772534071175,380441.0970923577,5334.841786228818,0.015971515176648222,2,0,0,0
0,12,10,250.75955017108095,42043.33199678022,1156.6890668947299,0.38710227665184765,7,1,2,1
22,1,0,1708.960250979623,137765.93591715093,4232.511983079336,0.011543994730740225,0,0,0,0
22,5,0,1606.1811392698717,535990.0213310843,3275.5035056085344,0.018707741702901442,2,0,0,0
23,22,11,447.8304152619918,50838.32744088536,1986.5700223881254,0.24298524385205325,11,0,2,1
4,16,11,499.63586429444194,49508.80686366163,1325.2792028895362,0.4088435838861714,10,1,2,1
10,2,0,963.0478158050502,234240.9717710195,3340.3343390871846,0.035700508974701124,2,0,0,0
10,1,0,1200.617587364901,319358.6995065698,9701.547292024032,0.020437031926948058,1,0,0,0
21,4,0,1190.960866782039,297900.1743665724,6743.259276066081,0.01645968231763345,0,0,0,0
0,19,3,387.42007116072097,12591.579689616145,1510.4090631088939,0.4606675177667554,10,1,2,1
0,21,4,151.52386390848935,22003.92453429714,1683.7622818773166,0.2384327657792409,4,1,1,1
22,2,0,638.691588103821,288186.3610060974,7409.7285536288055,0.01635033918201851,1,0,0,0
3,18,6,604.4858634900755,19570.081273021715,2258.7081570767937,0.21459509367199486,4,1,0,1
16,5,0,545.1088372303747,467183.58587443887,8321.162353809343,0.018100912929286506,0,0,0,0
21,1,0,996.0669933992797,367473.3555308774,5968.625080483076,0.0240554937982028,3,0,0,0
14,5,0,518.5671358908168,455595.3724066809,5085.079361535581,0.027219457764350214,1,0,0,0
1,6,7,409.04796774800315,4938.341670882928,2681.326771368994,0.12370019498842727,3,1,1,1
12,2,0,877.2918191989924,406902.22891970596,5265.917207835089,0.01425909340408574,1,1,0,0
11,2,0,1516.5943709140913,401096.11858611566,6082.81653494662,0.02659574900335781,0,0,1,0
17,1,0,1542.3573221620854,399618.66710953054,5321.861210769456,0.032435817205347904,0,0,0,0
10,2,0,1741.9958537366429,179049.1159183252,6419.298766944505,0.0012732855397832518,2,0,1,0
0,18,6,50.0,26331.010693224503,2121.2800344819425,0.15549604681585205,4,1,2,1
23,23,2,468.213825010479,18488.82453877105,1824.924661168864,0.42434687842926266,6,1,2,1
3,9,10,474.8962528004819,21253.2521488228,748.3737466915625,0.1,11,0,2,1
3,17,5,387.47280929676214,18521.62267092382,2823.216658143263,0.2367823210332838,7,1,1,1
20,4,0,1383.3761607413192,358249.76279287523,9228.595716379628,0.006707826473891131,1,0,0,0
1,8,2,792.1142206062876,34181.282829678945,2618.7569488043623,0.21657147942217758,7,1,2,1
23,13,9,449.34206689082305,32501.101402758042,2439.260155187807,0.4217412668879037,7,1,0,1
3,18,5,680.6347134219704,19571.653760544206,1632.392458859252,0.21600182721797362,4,1,3,1
3,9,10,495.4928710561397,23118.78518471897,1270.5355103324391,0.1,5,1,1,1
1,20,4,652.6494250144415,29985.47924334196,200.0,0.35860811104545376,11,1,0,1
5,8,5,264.728383916465,33021.69035677506,1402.2972066673435,0.21266191430260759,5,1,3,1
16,2,0,1731.4965720397,237709.5177186614,7345.5236818013345,0.022669602417893005,1,0,0,0
19,4,0,686.7712041078447,284427.7478532657,8147.6836559032035,0.019916838369796106,2,0,0,0
15,2,0,1071.8875080155913,271291.4133677882,7887.261635633796,0.026092778559647582,3,0,0,0
5,18,4,337.60495556939867,11430.567331309041,1866.8589439476534,0.4187098056793759,10,1,0,1
4,24,6,373.52632059906625,17508.31253010177,2346.276112890395,0.22660179970633332,5,1,2,1
18,3,0,946.3426218910724,353297.7365898474,5016.106643160397,0.010164692994785509,3,0,1,0
12,1,0,1813.2275303405218,465893.1254979496,6376.097132686841,0.02731956277490042,0,0,1,0
1,12,3,670.1951184576575,1000.0,1615.1442941057842,0.13213066771586984,3,1,1,1
13,3,0,738.2576419807464,267648.2556557611,7464.034529794085,0.020106279830625354,1,0,0,0
12,1,0,596.839054655592,377735.6429585118,7726.031606475739,0.0356235883408293,2,0,0,0
4,20,6,580.71086120227,20482.429313888166,1904.6728710773089,0.4668982977875862,3,1,0,1
5,12,2,82.59733755646761,51845.384133719876,1631.7032260746487,0.22423867266027625,9,1,3,1
3,21,9,499.95834588296157,24517.317386936593,2029.1784511845005,0.2034959212218944,4,1,0,1
17,2,0,704.3906958760548,215870.6258375787,8905.072778647633,0.01797151615396233,2,0,0,0
10,3,1,1168.20082165256,487744.8035959462,4539.311040557762,0.032578596381425434,0,0,0,0
16,1,0,769.597344914082,307759.8469841078,5023.344646399447,0.009167238524108287,1,1,0,0
0,10,4,382.0484666423996,35118.92755821073,1900.5094492885237,0.11952642074801531,11,0,0,1
3,21,11,288.5617627471572,9294.585426087484,1966.5010237164888,0.5297193927372348,6,1,2,1
20,1,0,2054.032803572052,306116.48831566575,6407.745054989226,0.001,3,0,0,0
22,1,0,859.645479988884,420371.0535395099,3000.0,0.02190085823393189,0,0,0,0
1,16,9,353.9451308784171,1000.0,2417.7383713440204,0.1,7,1,1,1
21,1,0,1057.1190834957233,491042.38403739256,3096.5974126985107,0.007239426769608719,3,0,1,0
2,12,5,419.3677890066765,3989.161205700413,1776.8185279980194,0.16145750872245038,9,0,1,1
2,20,11,203.6372799675078,18378.38528353327,2097.726531973065,0.1,9,1,2,1
0,20,4,350.3689952472482,23880.46185986097,2163.9497016254572,0.3312417801359391,10,1,3,1
17,5,0,1268.2220615784424,416587.7811457279,3000.0,0.026370310606037284,3,0,0,0
11,1,0,2059.113930896205,227117.70094981784,6795.248186744741,0.035140777947616754,1,0,1,0
15,2,0,1349.9731473790728,360748.35600168066,7320.376479715888,0.011033694392276003,2,0,0,0
15,4,0,1245.1082980340273,391179.99464107456,10000.0,0.008758094842791055,0,1,0,0
12,3,0,796.7290082460734,100000.0,6924.691631745547,0.001,0,0,0,0
21,5,0,772.1760376490712,190336.24913611804,5334.416827552344,0.018531208289047318,0,0,0,0
17,2,0,653.4054717458534,333383.76190773636,7135.740724675082,0.018237875908997593,1,0,0,0
23,18,5,302.4082629662074,2053.545428220692,200.0,0.2561431546692696,6,1,1,1
12,1,0,1193.7031405869468,128719.23869033085,3000.0,0.02248347684001961,0,1,0,0
2,19,7,340.7286162268294,31563.054216473563,1309.9938496113368,0.2910607349596579,4,1,2,1
11,2,0,1324.1313903846985,420315.5559936684,8492.960002555155,0.012014466595926549,2,0,1,0
3,23,4,260.60528346404305,24859.563081981498,698.5896984377925,0.12068557029976926,11,1,3,1
5,16,6,479.39316097092166,36884.51048507792,1481.4733816003215,0.10046394595511551,6,0,1,1
15,1,0,898.9911541672618,347960.8786177804,8025.750263311055,0.016073593384159684,1,0,0,0
23,20,10,393.5775497993232,29622.81889989553,374.4402067408771,0.29360484200647796,11,1,2,1
1,8,2,206.8498381945325,42979.89914501754,1846.4946786164614,0.17985911011872383,7,1,3,1
21,4,0,1349.7158040523384,304722.2521516727,8356.893770750643,0.00870237495089004,0,0,0,0
17,5,0,534.990199145563,335623.31228676403,4069.653790390366,0.04346449356864715,0,0,0,0
10,1,0,1327.8690450304207,232363.42443640612,3617.8363366303165,0.021545267784516917,1,1,0,0
12,3,0,481.06600882669227,328302.1619448387,8436.898120238278,0.01195727683272127,0,0,0,0
4,8,9,437.242645577834,38735.172086388695,1401.0575032612828,0.13864821545900047,8,1,1,1
3,20,3,406.5969268848546,33231.44957090664,200.0,0.1,6,1,1,1
19,5,0,978.3456215158709,193969.02161984384,4785.26476375325,0.014822677912111237,2,0,0,0
15,1,0,1166.5010449393149,223664.3086516924,6049.125866192142,0.019984140737266072,0,0,0,0
23,7,11,513.0769795522837,21823.87782602599,2379.8836367541785,0.34772568762648437,11,0,1,1
13,5,0,1258.208297226205,243788.24079240605,4922.480749018078,0.005235176953037584,3,0,1,0
5,9,10,452.2686933547148,29715.318430693944,2525.085201266333,0.36079154016254744,7,1,3,1
0,14,5,547.5429408605503,28633.466304501875,1675.7781652633398,0.11363389041158772,10,1,2,1
0,9,8,170.9334450173488,51742.1592283752,1047.8901704898897,0.10928086565660644,6,0,3,1
13,2,1,1461.6095896925924,330945.9996003455,5719.993802537057,0.03806318593837564,2,0,0,0
15,1,0,1416.1696010121716,268509.44280817895,3000.0,0.03989845009566584,3,0,0,0
3,14,2,148.04556311697024,38307.27202625986,1360.029596204743,0.3814908331178202,7,0,2,1
0,15,7,482.17509138065583,36591.3386364725,2128.565930054101,0.2098386936949238,9,1,1,1
2,17,8,438.16536490242845,25247.404593379495,1501.809914631963,0.34539068758114605,9,1,3,1
0,23,7,370.3533142363533,1000.0,665.1476945123114,0.40887488302547165,5,1,1,1
18,4,0,1515.9084114546827,326853.23189287196,4179.856487262079,0.009993133422312138,3,0,0,0
18,2,0,541.5214798485167,395335.48629223614,5138.1187844123815,0.030948229524297786,1,0,0,0
12,4,0,860.6851222021407,225904.33329438366,4448.810475021044,0.017825612835366458,2,0,1,0
4,17,2,285.6090359896538,61382.916205321235,1461.3192926663075,0.15193554361098843,6,1,1,1
23,6,4,715.2654058221435,23625.496207697146,1530.8177353278961,0.3307105400215922,10,1,0,1
21,3,0,2333.556892774977,282340.63062026264,8192.627824501327,0.031788189731820585,0,0,0,0
17,1,0,1057.4146344787828,208030.46812386904,5459.9081108879245,0.008998270890950639,1,0,0,0
2,16,11,421.6653208633663,22068.958179771947,1589.3083829673092,0.1,10,0,0,1
20,4,0,689.0328207470461,322746.7267880698,6246.648795257175,0.019833067604654142,3,0,0,0
17,3,0,935.8121920166816,231295.49340446916,5533.914673956134,0.01177340493811272,0,0,0,0
21,3,0,778.6906797519325,135990.2378091697,3480.0234315940475,0.011184058297941881,0,0,0,0
3,8,8,454.8773961838585,38500.478197855424,988.5046052608529,0.237604095970199,2,1,1,1
22,5,0,1556.9508539539631,224549.0853186146,9631.98303895876,0.019855027677419774,2,0,0,0
4,23,3,356.9785178235339,46886.59026333432,878.2729561271215,0.34786490195623887,7,1,2,1
5,17,3,353.09973697360635,28712.547605354768,687.6238532147801,0.355102225444059,6,0,2,1
4,20,9,510.1058276949806,16898.887231724137,824.3575965049441,0.39315608999589224,3,1,2,1
18,2,0,1028.1122443603335,222207.69691670642,5926.293825004778,0.01721286426565595,1,0,0,0
16,4,0,705.6834353974297,324068.9822293878,6186.3165246945155,0.018456279597946573,1,0,0,0
16,3,0,725.8469485198058,237717.36254467658,5036.911484277901,0.01353400372460712,0,1,0,0
18,1,0,1104.4792450597695,174323.19855404913,3882.7160584290677,0.02643133924676479,0,1,0,0
2,15,5,576.7273601655709,8145.615835433811,1536.4948065380042,0.28269120010816357,11,1,3,1
2,13,10,574.0564136062617,9065.215874810583,200.0,0.3644813595160355,8,0,2,1
1,23,8,339.89545283773134,55278.54903052548,1573.0527123987856,0.6459690332569445,5,1,2,1
16,4,0,1184.0196809586166,371640.7391299043,6676.050994500989,0.015043884017727296,1,1,1,0
1,21,2,655.4052893249202,24882.05252818935,819.739002202258,0.30688496441108726,9,1,0,1
16,4,0,1604.027608237445,334076.7675727437,5450.431128399865,0.02325647323789948,3,1,0,0
3,22,6,447.17953991958797,33397.96308015325,3000.0,0.4606551017402557,4,1,1,1
16,5,0,1456.202672782837,328719.32778727944,5161.939531690616,0.021878920228742785,1,0,0,0
1,12,7,406.11805767780004,34348.49090403459,2104.0115176715044,0.1821690910840525,10,1,2,1
19,1,0,1594.9958867874911,655645.8074376815,8511.89193087664,0.02370877903455671,1,0,0,0
10,4,0,910.8689479445707,364824.65433674084,5650.359113205166,0.024422793360073823,1,0,0,0
3,17,3,405.1952534847727,14904.95727864854,1423.4554432557072,0.16595611238228775,3,1,0,1
12,3,0,1175.5373588617763,248592.58886994678,7126.809009808115,0.024535724473345736,1,0,0,0
18,2,0,1509.86265435603,331837.245005863,5569.598278363303,0.021121797797755543,0,0,0,0
21,3,0,1421.4622123230065,395612.90412932576,5035.603245721639,0.012058980145496076,0,0,1,0
17,3,0,833.6752783297902,284920.75250395725,3131.7632048942446,0.021510852811858133,0,0,0,0
2,6,3,169.94058502468627,1000.0,1807.8631657185786,0.10013253406409969,6,1,3,1
5,10,2,131.4177258694864,52632.97466954366,1471.509320527334,0.3904099674841637,4,1,1,1
18,3,0,424.8839375274018,327886.84195580776,6553.424249388917,0.02208817356605428,0,0,0,0
4,18,7,821.6991395592626,20083.785468713115,200.0,0.16540578755145147,3,1,3,1
5,24,11,424.9947568702951,27704.14532108789,1942.4167701300826,0.1,8,1,1,1
1,20,6,483.77444352998197,5553.601654262799,881.9814006149372,0.25309134908946745,7,1,2,1
4,21,10,500.59822076175135,19020.02300918373,1074.2920132816853,0.14968927235634966,2,1,2,1
23,14,10,336.0247127386731,45260.24037958704,769.1458188994054,0.14790541374244492,3,1,1,1
1,21,6,507.71476738822025,20382.093916488928,1777.6919435437605,0.45720234587960407,5,1,1,1
10,2,0,881.4077526006552,272232.9802913694,5533.007297546468,0.02859612939379834,1,0,0,0
12,2,0,1251.8088313079543,263299.7201264145,3000.0,0.005714893279118781,3,1,0,0
16,5,0,1055.8030645317315,345064.2936723964,3000.0,0.03313044386990526,2,0,1,0
14,3,0,1212.1758249579118,322163.96548893204,4143.017478634933,0.03007751432746839,3,0,1,0
19,3,0,1307.4821811787494,311877.8406802796,5271.802560230122,0.017750140114720342,1,0,0,0
0,21,7,445.43868571800937,36675.403936642535,711.8548599221513,0.2661627319315839,8,1,0,1
2,9,6,415.4084002436239,16100.102642708174,1040.9843289419707,0.2567076159740093,8,1,0,1
11,4,0,1286.8705490339566,357125.1698646618,5434.5399704121955,0.019170270943483864,0,0,0,0
21,4,1,1550.616204916921,403131.6061933492,6543.98824908272,0.006338777899861543,3,0,0,0
2,22,3,335.42562557180423,30556.91497818834,2791.561642747116,0.4739861695466334,2,1,1,1
11,3,0,764.8310485625375,227416.5695862542,3875.3406368503706,0.03922881694713039,3,0,0,0
0,20,11,576.4061957896873,29035.333717593116,3000.0,0.1,3,1,2,1
14,1,0,721.1657273798802,326343.776865072,5604.814078734106,0.03257474485494199,2,0,1,0
14,4,0,919.8383261327355,438758.9680194034,5521.873840825125,0.012442317975131668,2,0,0,0
10,1,0,1305.7921604292542,260560.83730618667,6823.114797653026,0.031135270950424475,2,0,0,0
0,17,3,490.40287329252874,58062.04872790149,200.0,0.1,6,1,2,1
17,2,0,1501.0834774424738,188421.96431740257,4102.744142432353,0.001,0,1,0,0
19,5,0,1551.7868747244547,316249.8510249089,6080.179724220444,0.026479175883335742,0,0,0,0
13,1,0,559.1667962002223,356689.98185387946,7398.536272258781,0.021821787387441106,0,0,0,0
13,4,0,1771.2283247609948,294169.9537736928,4375.683266241626,0.00388517228124427,2,0,0,0
3,23,8,447.7381641036497,39510.801545051516,2147.7643345929373,0.1,8,1,2,1
3,18,7,242.19449152557456,48093.503126309704,298.97673680969774,0.434589148784173,2,0,2,1
0,7,11,290.5558592311095,37918.36078985827,1454.2288951570001,0.16700136286423592,8,0,2,1
0,15,2,382.47558063083045,39334.20451363747,1632.8572355307217,0.18658488826303776,11,1,0,1
23,20,5,629.9110364632265,27196.755831304006,1387.4556384020336,0.25241137263031516,6,1,1,1
2,11,7,183.31985771442825,25925.52523257769,1952.6217760583324,0.12686430142724334,2,1,0,1
2,8,6,539.0073434592559,34928.9318460264,2119.7379605149827,0.4043350399306842,5,1,0,1
22,2,0,1170.9734052163237,357921.29424360255,3451.641968433999,0.014495127360081642,3,1,1,0
1,23,11,825.240427819938,49597.57566027656,1108.683616992769,0.6276465840682649,9,1,3,1
4,21,3,640.7916791175364,20364.688971975535,1086.741668898021,0.1,6,1,0,1
0,11,9,97.95808025477919,30528.125797876215,937.3114290126836,0.4639679607324241,9,1,3,1
16,1,0,1569.604422902869,355473.2216989195,3000.0,0.01432171238581245,1,0,0,0
23,16,3,411.4414253698078,20469.773219074443,388.21929505168146,0.14998877550753908,7,1,1,1
5,23,9,444.9036524697632,32708.076648214475,1321.383901697633,0.28721312586025827,10,1,1,1
17,5,0,1239.6006510357283,265443.2880639353,4500.9724564798025,0.013431041035030332,1,0,0,0
15,1,0,1540.96336406399,152603.5819623905,4643.35256121854,0.01962825765015165,0,0,0,0
3,11,8,465.72611100578723,19517.332902421076,792.6694031692693,0.40381273264459144,4,0,3,1
5,15,7,263.21585041329297,30210.262519640422,200.0,0.1,10,1,2,1
19,2,1,805.4455714813646,429687.9671360995,3037.5285767180717,0.019807094424213436,0,0,0,0
2,17,3,516.1575030159835,25363.1772111823,1265.9522613371337,0.10872243772845264,5,1,1,1
21,3,1,1253.1434730668993,118026.13600878252,5025.066349082031,0.013472748868723825,1,0,0,0
11,5,0,1383.6971225517245,354481.83424396976,9611.334349214598,0.01906600876360583,2,0,0,0
19,2,1,372.81628505889694,287938.68303631135,7464.978082812224,0.03521203616651506,0,0,0,0
11,4,0,1186.3571196041821,263943.3268210145,4851.562759586219,0.011806249193748132,0,0,1,0
5,6,4,437.920771175034,55036.11283226496,1459.6867859928007,0.3752589704838214,10,1,1,1
0,22,11,545.8121542795529,26447.413680117064,2030.9766191040294,0.3005959368530616,3,1,2,1
23,15,3,284.56443809424377,62958.38105694498,3000.0,0.27033010958228076,11,1,2,1
17,3,0,834.1340707342347,329420.5019929608,4866.7900921116325,0.011371444784985177,3,0,0,0
1,16,11,391.2880755923645,30520.477895889206,1696.6767678189974,0.35575453802753104,3,1,3,1
2,17,10,471.8374293222949,19975.02630080234,1560.3643969581083,0.1,11,1,1,1
23,22,9,364.87033141909524,32655.03741537094,1258.4140056424585,0.17171170633365004,4,1,3,1
2,12,7,363.61705271864633,38309.26150316943,1482.3751881189,0.31556475402829454,6,1,1,1
11,2,0,1189.707297644259,192430.95750775858,6445.071682278978,0.01883213660133877,3,0,0,0
12,2,0,912.6587844677429,165961.58149036835,9059.220588329183,0.03509551674305391,1,0,0,0
2,16,2,337.0865314168292,51095.540407367436,1736.9434607556757,0.5373471887043431,4,1,1,1
15,3,0,1017.1944720591209,287285.95852138876,3000.0,0.030909790530148702,0,0,0,0
2,18,9,488.6111240156131,26741.459381622106,1522.9904766333866,0.35977493266910643,8,1,0,1
5,16,11,325.8395013068034,34691.33376882381,2115.0863828678425,0.337209079427219,3,1,1,1
0,11,5,506.6502082868123,31881.542656079644,3000.0,0.39008786728131417,5,0,2,1
2,24,7,468.4144193248672,22488.929699312423,596.4612436087531,0.1,11,1,0,1
12,1,0,1652.5831185381423,372735.25822688604,6465.9295034898405,0.030235074418053714,0,0,0,0
14,3,0,623.951548368235,279262.87930637645,4744.065883749407,0.018151956744971946,1,0,0,0
1,21,10,222.94465908658827,28320.808104738142,873.8700735487857,0.21508999098820028,11,1,2,1
2,18,3,578.0487077759963,28558.511401698877,2895.2082789291344,0.22635476846051153,8,0,3,1
1,18,11,499.8603550521608,19549.127893421035,683.4498907234774,0.19646702183125717,2,1,2,1
16,5,0,1954.6886237030212,212264.89961907285,7320.0819131416565,0.021753954071717728,1,0,0,0
3,22,5,384.14114619443404,20751.650588542856,1490.2126833888026,0.1,3,1,0,1
12,5,0,1669.9981449006323,222864.24643841083,7847.725142318259,0.015638631063381925,3,0,0,0
11,3,0,1580.806618131723,217608.25927158992,7056.010576394106,0.019525168353815476,0,0,0,0
1,18,6,653.0531487652371,3632.460785755622,200.0,0.2188186805042908,2,1,1,1
5,21,5,367.51110395239215,1000.0,365.8352700472899,0.24591077867114788,7,1,1,1
4,15,10,614.6870911920923,57843.42889979788,1133.4640119627247,0.3491543547725876,6,1,0,1
4,7,9,393.1218368358572,39613.499537378644,2020.900017267677,0.1398618657798518,6,1,2,1
21,2,0,1114.6952223948076,426006.93961701763,4431.485628058791,0.017234846368073747,0,0,0,0
2,15,10,564.0972348939224,43444.516003071156,2011.6145537815319,0.44240916073988135,6,1,2,1
21,3,0,1611.7590472541285,341886.69269168214,6126.554039820263,0.009259812150159363,3,0,1,0
4,21,9,610.0728045791778,51663.42310498457,1317.9289930525142,0.155263196497809,10,1,2,1
13,2,0,1161.3566060572514,352846.8304969544,3221.942358793638,0.0077053921527707354,2,0,0,0
0,21,8,530.6258733419501,41024.28681342996,474.5331079310786,0.18104495652426533,6,1,2,1
4,19,9,789.4337728084085,31562.475442887368,1756.9354442429812,0.35674595677903087,11,0,3,1
20,3,0,1122.8164589733192,291443.81582661415,4859.780297999007,0.01858641822884049,1,1,1,0
0,11,2,411.1713741084149,19525.203532774758,2361.178493118237,0.329826175664638,3,1,3,1
16,5,0,1091.6754908788928,206021.16916650956,6909.598911347607,0.02792950703846344,2,0,0,0
23,20,2,238.0378656389863,44895.143437541745,2266.5111695557507,0.19507578505025422,6,1,1,1
18,3,0,1333.0620285908433,366411.6853744453,5590.836377459151,0.0223391699233084,2,0,0,0
2,24,10,128.7544234242007,16232.918873763474,3000.0,0.3813473503467739,10,0,0,1
0,19,11,284.703939845528,43319.10629618738,363.5485759640628,0.15983114657830955,10,1,2,1
5,10,10,512.0177159724597,10016.84669693913,1378.6547145558682,0.4180023250017054,10,1,3,1
0,11,6,114.40875167988492,31699.688362077835,282.5996115345565,0.35071415499403963,3,0,3,1
11,1,0,1749.910915568381,264605.7517473028,10000.0,0.013004688117455147,2,0,0,0
18,5,0,1389.8614583029382,132785.096447615,8081.783287822882,0.012437465188730026,3,0,0,0
0,17,7,527.7028091001945,9250.83557847505,950.2331652081381,0.19619522276566206,2,1,3,1
16,4,0,981.7364027154272,298169.3375293211,9229.536633687492,0.024236162120725047,1,1,0,0
4,24,5,464.95354942560596,47912.19860534181,200.0,0.1,8,1,1,1
21,1,0,2112.104092119571,280675.7557541036,4132.604617736806,0.02626806400418837,1,0,0,0
20,2,0,1094.5777791933858,175512.84485545117,7674.276675436238,0.021516552719015807,0,0,0,0
3,8,4,395.0273396966613,28353.33028859635,1629.077749923324,0.1,2,1,2,1
1,8,4,487.00355026745365,22632.918947491926,2214.1658931034103,0.1,8,0,3,1
0,17,6,472.6644932201027,1000.0,452.2970038608478,0.2837182871935139,7,1,2,1
1,6,2,481.5969951858969,24529.38912767023,2940.5810971422598,0.1,5,0,3,1
2,8,11,517.464442828699,5874.448920935949,1101.6500869349272,0.26208591952722393,10,0,2,1
11,2,0,895.228862378287,417645.22011048126,8444.912191208186,0.02036745239667264,0,0,0,0
12,4,0,873.2415647287442,100000.0,8307.362198719991,0.001,3,0,0,0
2,21,7,621.8158804625623,40296.98523640052,318.6407709618163,0.29158996739080856,7,1,3,1
22,5,0,1021.9770624450988,272432.92495082854,5512.1845150822,0.024070972295980122,3,0,0,0
3,10,4,50.0,1000.0,1111.0595539861406,0.2698843808931658,7,1,2,1
5,21,11,358.0681350561276,1000.0,549.4446033170242,0.14934552431392478,4,1,2,1
3,23,9,390.09712729563455,36862.504113519266,1885.8310156308494,0.1339849087341162,11,1,1,1
3,13,9,352.21841784236074,8430.943734095632,2093.2412436279083,0.17877115252232212,4,1,1,1
0,18,9,624.7809666365926,40110.1976391027,2379.380067653376,0.18933513394972984,9,1,0,1
2,21,3,164.83418896518555,41120.23144645125,986.3842632581403,0.13917829683971766,2,1,1,1
20,5,0,1442.4607486141444,199944.73652652715,7267.177882255096,0.024015373279092735,1,0,0,0
4,24,8,151.54207463245646,19837.658809994296,1292.6460120712372,0.3861489936437611,11,1,1,1
3,17,6,308.740980831085,38402.99514152371,588.8047733549504,0.1392146902791654,9,1,0,1
17,4,0,719.1326531302641,296327.68623692245,4581.720246731409,0.022823537032681092,2,0,0,0
14,3,0,1619.2370915392703,456457.5112199667,4692.418635258691,0.024849441384748313,1,0,0,0
22,5,0,2184.6780068739295,384259.2442688815,3000.0,0.00888113403526124,2,0,0,0
2,24,4,194.20754910595127,11956.072362055067,1024.9192768656758,0.22126136167810778,9,1,2,1
0,11,4,201.01094015980868,31534.965357733294,2152.943180527868,0.3475846836950351,2,1,1,1
0,14,8,190.49023726893645,14153.05704334577,1229.4864529464471,0.3365358175819884,4,1,1,1
23,22,2,263.3196374256883,41089.625596461556,1756.2579945230036,0.1,5,0,3,1
22,5,0,1631.0949670768825,445130.9046300299,4444.049535525793,0.022732538833871208,2,0,0,0
16,2,0,694.546372199372,264418.1164661788,7088.819461715228,0.025722353666922805,3,0,0,0
16,2,0,1621.0201978393359,293156.16311751737,3570.1767104325045,0.020323014010375416,3,0,0,0
0,19,4,464.31989167557106,21726.83295489935,200.0,0.1647292809851545,11,1,0,1
15,2,0,1293.8993513632731,287768.96239307243,6914.797275672418,0.031075141808280866,1,0,0,0
15,2,0,1449.6360732736543,345071.56200324406,7951.237684685144,0.03109719581705981,0,0,0,0
13,4,0,300.0,447148.7665173547,6721.857445980291,0.021060804961562783,2,0,0,0
0,13,7,397.63785372357063,39689.95554488314,200.0,0.4266432743859917,4,0,2,1
18,5,0,859.0527503831997,504589.3295523032,5382.640856198962,0.009541836814165313,1,0,0,0
2,19,2,249.92242060870552,60822.5328343011,429.6767935618227,0.4431523244338743,8,0,2,1
3,7,3,226.19473372985289,46971.416165925126,636.5433985290013,0.2903980916589446,8,1,3,1
3,6,9,424.3177676978209,37622.75414696795,2499.3391199791786,0.20265969330253508,11,1,2,1
1,6,3,269.8428401829929,26146.948861141656,1112.880052661875,0.4902319258415204,7,1,0,1
1,21,9,311.79154947877424,24235.31316012707,1582.219988991178,0.41042536959749065,5,1,2,1
0,17,8,432.9169153060867,19478.259643500132,1389.3496522212893,0.26572525502458094,4,1,2,1
16,5,0,960.2622077733997,398708.4341749801,5770.4598657109755,0.021057043387164433,3,0,0,0
4,12,3,389.3195870302188,40948.097870205915,2084.1937681055447,0.1,6,0,0,1
5,19,5,343.6657204688674,28210.53786225389,2011.5289719989507,0.13850991254353012,2,1,3,1
23,20,2,510.5988886511981,54023.55624007378,2123.3015044557274,0.1264764689558266,11,1,2,1
23,15,8,566.7677090781978,9737.028475088748,846.0062778007006,0.10463246956129935,4,0,0,1
2,23,8,207.5770258047432,9578.216422583806,200.0,0.1,7,0,2,1
14,4,0,1038.187303899363,287009.5268501529,6905.2186992895395,0.021572327656889913,2,0,0,0
13,1,0,804.9189249377653,378639.63530491345,8746.231683732974,0.011035899279267432,2,0,0,0
18,1,0,1323.4873576775362,157950.2714181774,7536.244238429535,0.004959344081264267,3,0,1,0
19,1,0,1613.4513341950064,259009.6477205496,9112.178973622204,0.02318770031148127,3,1,0,0
4,20,3,513.0234719611648,29893.44518124224,1256.08564351381,0.1,6,1,1,1
22,2,0,1067.9051555903013,268958.8961740023,5168.251165206183,0.02828628621136861,1,1,0,0
10,2,0,1252.2699599570476,362080.76608404063,4901.285136647903,0.03233424873095222,2,0,0,0
19,2,0,944.664572456045,178684.93126997602,8177.28708659762,0.049441160089826006,3,0,0,0
19,3,0,886.786880560438,178122.37668108178,4552.970604636409,0.02296919806910134,3,0,1,0
21,4,0,1116.9753735122922,326454.06157361687,3447.788652587542,0.030949258219656214,1,1,1,0
5,18,7,678.4113969058752,19522.746639539124,819.3467466189313,0.1,4,1,1,1
13,4,0,938.8515856385577,260937.1357233326,9442.208193206403,0.02216736454199643,3,0,0,0
10,3,0,1085.003607950188,419830.0439267942,7271.780799465871,0.029180929192177248,2,0,1,0
5,6,7,243.19282541070862,44493.683947739766,362.8825657805223,0.14850844805628882,11,1,1,1
13,5,0,1588.5559557710171,251583.94947314076,4011.8340110028576,0.03114439665000423,0,0,0,0
4,19,3,569.7421901549892,56576.715343839525,2067.6907089916785,0.5442995857565978,2,1,0,1
4,10,3,418.98934723505505,9256.821330551102,1987.9521474657336,0.39858481795806544,2,1,2,1
5,17,6,429.6499381914646,40887.841082750005,1393.2899113262677,0.19994724938105865,4,1,3,1
13,5,0,1562.1460023212207,466192.9770347276,10000.0,0.03326046174777035,3,1,0,0
22,3,0,1256.6818866615727,331261.712346776,10000.0,0.021246636226674585,1,1,0,0
14,2,0,353.23896321746065,269049.6617240205,4949.198050524503,0.03154352520854859,2,0,0,0
4,19,8,385.91679421610644,14365.025068225175,1398.7208991781067,0.32465443188779963,3,1,1,1
23,17,6,360.4571296205313,50460.12597381559,1580.37856218664,0.20888598190370755,10,1,2,1
5,21,5,332.8091735828299,38923.742924557795,2645.4060465172765,0.3609831714123672,4,1,2,1
22,3,0,1023.3013106012302,480741.93794225773,6868.02443257749,0.03469825618924541,2,0,0,0
4,9,9,141.45382489589588,57723.2500499871,200.0,0.11583297056605354,2,1,2,1
21,3,0,772.0229794419531,287955.30046388344,4328.004623116874,0.016261233339567426,3,0,0,0
16,4,0,1462.353596276556,458833.79572273506,9585.90211243084,0.016510878933703912,0,0,0,0
5,20,8,287.6183379648216,14492.619584604628,1854.2877776512933,0.32569378192048054,8,1,0,1
3,16,11,394.19953109166636,35262.17577390701,632.6998521356259,0.4088537320367135,10,1,0,1
21,2,0,1399.3257681812952,360463.8884549556,4111.280818909204,0.020877467749356816,3,0,0,0
15,3,0,972.7311088310817,469983.3013763785,4977.154322692675,0.01816942272100848,2,0,0,0
1,23,2,563.5667840379791,53270.90484844423,3000.0,0.5302103111678784,11,1,0,1
0,6,5,446.7316091180442,41756.92675763001,774.1878103170458,0.24329059731891275,2,1,1,1
23,23,7,475.3137270628665,45065.451585592105,1193.4887144538227,0.271607082360117,8,1,3,1
2,19,7,408.98646617833515,33159.57793783956,924.1475306658218,0.47828598169177616,3,1,2,1
14,1,0,883.69331469798,450823.4931581175,6368.977767203958,0.01000280517790061,1,0,0,0
1,18,7,663.8550432216887,21351.823286990053,707.2020115544952,0.2246520667902958,2,1,1,1
